Uid,Sid,Key,Time,Value,UpdateTime
6173302506,985021106,light_sensitivity_value,1775864400,"{""light_sensitivity_value"":0,""time"":1775864400}",1775864421
6173302506,985021106,body_momentum,1775864400,"{""body_momentum"":0,""time"":1775864400}",1775864421
6173302506,985021106,light_sensitivity_value,1775864340,"{""light_sensitivity_value"":0,""time"":1775864340}",1775864421
6173302506,985021106,body_momentum,1775864340,"{""body_momentum"":0,""time"":1775864340}",1775864421
6173302506,985021106,light_sensitivity_value,1775864280,"{""light_sensitivity_value"":0,""time"":1775864280}",1775864421
6173302506,985021106,body_momentum,1775864280,"{""body_momentum"":0,""time"":1775864280}",1775864421
6173302506,985021106,light_sensitivity_value,1775864220,"{""light_sensitivity_value"":0,""time"":1775864220}",1775864421
6173302506,985021106,body_momentum,1775864220,"{""body_momentum"":0,""time"":1775864220}",1775864421
6173302506,985021106,light_sensitivity_value,1775864160,"{""light_sensitivity_value"":0,""time"":1775864160}",1775864421
6173302506,985021106,body_momentum,1775864160,"{""body_momentum"":0,""time"":1775864160}",1775864421
6173302506,985021106,light_sensitivity_value,1775864100,"{""light_sensitivity_value"":0,""time"":1775864100}",1775864421
6173302506,985021106,body_momentum,1775864100,"{""body_momentum"":0,""time"":1775864100}",1775864421
6173302506,985021106,light_sensitivity_value,1775864040,"{""light_sensitivity_value"":0,""time"":1775864040}",1775864421
6173302506,985021106,body_momentum,1775864040,"{""body_momentum"":0,""time"":1775864040}",1775864421
6173302506,985021106,light_sensitivity_value,1775863980,"{""light_sensitivity_value"":0,""time"":1775863980}",1775864421
6173302506,985021106,body_momentum,1775863980,"{""body_momentum"":0,""time"":1775863980}",1775864421
6173302506,985021106,light_sensitivity_value,1775863920,"{""light_sensitivity_value"":0,""time"":1775863920}",1775864421
6173302506,985021106,body_momentum,1775863920,"{""body_momentum"":0,""time"":1775863920}",1775864421
6173302506,985021106,light_sensitivity_value,1775863860,"{""light_sensitivity_value"":0,""time"":1775863860}",1775864421
6173302506,985021106,body_momentum,1775863860,"{""body_momentum"":0,""time"":1775863860}",1775864421
6173302506,985021106,light_sensitivity_value,1775863800,"{""light_sensitivity_value"":0,""time"":1775863800}",1775864421
6173302506,985021106,body_momentum,1775863800,"{""body_momentum"":0,""time"":1775863800}",1775864421
6173302506,985021106,single_heart_rate,1775863741,"{""bpm"":103,""time"":1775863741}",1775864419
6173302506,985021106,light_sensitivity_value,1775863740,"{""light_sensitivity_value"":0,""time"":1775863740}",1775864421
6173302506,985021106,body_momentum,1775863740,"{""body_momentum"":0,""time"":1775863740}",1775864421
6173302506,985021106,single_heart_rate,1775863739,"{""bpm"":104,""time"":1775863739}",1775864419
6173302506,985021106,single_heart_rate,1775863738,"{""bpm"":105,""time"":1775863738}",1775864419
6173302506,985021106,light_sensitivity_value,1775863680,"{""light_sensitivity_value"":0,""time"":1775863680}",1775864421
6173302506,985021106,body_momentum,1775863680,"{""body_momentum"":0,""time"":1775863680}",1775864421
6173302506,985021106,light_sensitivity_value,1775863620,"{""light_sensitivity_value"":0,""time"":1775863620}",1775864421
6173302506,985021106,body_momentum,1775863620,"{""body_momentum"":0,""time"":1775863620}",1775864421
6173302506,985021106,light_sensitivity_value,1775863560,"{""light_sensitivity_value"":0,""time"":1775863560}",1775864421
6173302506,985021106,body_momentum,1775863560,"{""body_momentum"":0,""time"":1775863560}",1775864421
6173302506,985021106,light_sensitivity_value,1775863500,"{""light_sensitivity_value"":0,""time"":1775863500}",1775864421
6173302506,985021106,body_momentum,1775863500,"{""body_momentum"":0,""time"":1775863500}",1775864421
6173302506,985021106,light_sensitivity_value,1775863440,"{""light_sensitivity_value"":0,""time"":1775863440}",1775864421
6173302506,985021106,body_momentum,1775863440,"{""body_momentum"":0,""time"":1775863440}",1775864421
6173302506,985021106,light_sensitivity_value,1775863380,"{""light_sensitivity_value"":0,""time"":1775863380}",1775863570
6173302506,985021106,body_momentum,1775863380,"{""body_momentum"":0,""time"":1775863380}",1775863570
6173302506,985021106,light_sensitivity_value,1775863320,"{""light_sensitivity_value"":0,""time"":1775863320}",1775863570
6173302506,985021106,body_momentum,1775863320,"{""body_momentum"":0,""time"":1775863320}",1775863570
6173302506,985021106,light_sensitivity_value,1775863260,"{""light_sensitivity_value"":0,""time"":1775863260}",1775863570
6173302506,985021106,body_momentum,1775863260,"{""body_momentum"":0,""time"":1775863260}",1775863570
6173302506,985021106,light_sensitivity_value,1775863200,"{""light_sensitivity_value"":0,""time"":1775863200}",1775863570
6173302506,985021106,body_momentum,1775863200,"{""body_momentum"":0,""time"":1775863200}",1775863570
6173302506,985021106,light_sensitivity_value,1775863140,"{""light_sensitivity_value"":0,""time"":1775863140}",1775863570
6173302506,985021106,body_momentum,1775863140,"{""body_momentum"":0,""time"":1775863140}",1775863570
6173302506,985021106,light_sensitivity_value,1775863080,"{""light_sensitivity_value"":0,""time"":1775863080}",1775863570
6173302506,985021106,body_momentum,1775863080,"{""body_momentum"":0,""time"":1775863080}",1775863570
6173302506,985021106,light_sensitivity_value,1775863020,"{""light_sensitivity_value"":0,""time"":1775863020}",1775863570
6173302506,985021106,body_momentum,1775863020,"{""body_momentum"":0,""time"":1775863020}",1775863570
6173302506,985021106,light_sensitivity_value,1775862960,"{""light_sensitivity_value"":0,""time"":1775862960}",1775863570
6173302506,985021106,body_momentum,1775862960,"{""body_momentum"":0,""time"":1775862960}",1775863570
6173302506,985021106,light_sensitivity_value,1775862900,"{""light_sensitivity_value"":0,""time"":1775862900}",1775863570
6173302506,985021106,body_momentum,1775862900,"{""body_momentum"":0,""time"":1775862900}",1775863570
6173302506,985021106,light_sensitivity_value,1775862840,"{""light_sensitivity_value"":0,""time"":1775862840}",1775863570
6173302506,985021106,body_momentum,1775862840,"{""body_momentum"":0,""time"":1775862840}",1775863570
6173302506,985021106,light_sensitivity_value,1775862780,"{""light_sensitivity_value"":0,""time"":1775862780}",1775863570
6173302506,985021106,body_momentum,1775862780,"{""body_momentum"":0,""time"":1775862780}",1775863570
6173302506,985021106,light_sensitivity_value,1775862720,"{""light_sensitivity_value"":0,""time"":1775862720}",1775863570
6173302506,985021106,body_momentum,1775862720,"{""body_momentum"":0,""time"":1775862720}",1775863570
6173302506,985021106,valid_stand,1775862000,"{""end_time"":1775865600,""start_time"":1775862000}",1775864420
6173302506,985021106,light_sensitivity_value,1775859300,"{""light_sensitivity_value"":0,""time"":1775859300}",1775859659
6173302506,985021106,body_momentum,1775859300,"{""body_momentum"":0,""time"":1775859300}",1775859659
6173302506,985021106,light_sensitivity_value,1775859240,"{""light_sensitivity_value"":0,""time"":1775859240}",1775859673
6173302506,985021106,body_momentum,1775859240,"{""body_momentum"":0,""time"":1775859240}",1775859686
6173302506,985021106,light_sensitivity_value,1775859180,"{""light_sensitivity_value"":0,""time"":1775859180}",1775859673
6173302506,985021106,body_momentum,1775859180,"{""body_momentum"":0,""time"":1775859180}",1775859686
6173302506,985021106,light_sensitivity_value,1775859120,"{""light_sensitivity_value"":0,""time"":1775859120}",1775859673
6173302506,985021106,body_momentum,1775859120,"{""body_momentum"":0,""time"":1775859120}",1775859686
6173302506,985021106,light_sensitivity_value,1775859060,"{""light_sensitivity_value"":0,""time"":1775859060}",1775859673
6173302506,985021106,body_momentum,1775859060,"{""body_momentum"":0,""time"":1775859060}",1775859686
6173302506,985021106,light_sensitivity_value,1775859000,"{""light_sensitivity_value"":0,""time"":1775859000}",1775859673
6173302506,985021106,body_momentum,1775859000,"{""body_momentum"":0,""time"":1775859000}",1775859686
6173302506,985021106,light_sensitivity_value,1775858940,"{""light_sensitivity_value"":0,""time"":1775858940}",1775859673
6173302506,985021106,body_momentum,1775858940,"{""body_momentum"":0,""time"":1775858940}",1775859686
6173302506,985021106,light_sensitivity_value,1775858880,"{""light_sensitivity_value"":0,""time"":1775858880}",1775859673
6173302506,985021106,body_momentum,1775858880,"{""body_momentum"":0,""time"":1775858880}",1775859686
6173302506,985021106,light_sensitivity_value,1775858820,"{""light_sensitivity_value"":0,""time"":1775858820}",1775859673
6173302506,985021106,body_momentum,1775858820,"{""body_momentum"":0,""time"":1775858820}",1775859686
6173302506,985021106,calories,1775864340,"{""time"":1775864340,""calories"":1}",1775864419
6173302506,985021106,calories,1775863920,"{""time"":1775863920,""calories"":1}",1775864419
6173302506,985021106,heart_rate,1775863800,"{""time"":1775863800,""bpm"":103,""type"":0}",1775864419
6173302506,985021106,heart_rate,1775863740,"{""time"":1775863740,""bpm"":103,""type"":0}",1775864419
6173302506,985021106,heart_rate,1775863680,"{""time"":1775863680,""bpm"":104,""type"":0}",1775864419
6173302506,hlth.gen_150127125725276,steps,1775863380,"{""time"":1775863380,""steps"":13,""distance"":7,""calories"":0.52}",1775863567
6173302506,985021106,calories,1775863380,"{""time"":1775863380,""calories"":1}",1775864419
6173302506,hlth.gen_150127125725276,calories,1775863380,"{""time"":1775863380,""calories"":0.52}",1775863567
6173302506,985021106,heart_rate,1775863200,"{""time"":1775863200,""bpm"":111,""type"":0}",1775864419
6173302506,985021106,calories,1775863020,"{""time"":1775863020,""calories"":1}",1775864419
6173302506,985021106,calories,1775862780,"{""time"":1775862780,""calories"":1}",1775864419
6173302506,985021106,calories,1775861220,"{""time"":1775861220,""calories"":1}",1775864419
6173302506,985021106,calories,1775861100,"{""time"":1775861100,""calories"":1}",1775864419
6173302506,985021106,heart_rate,1775860920,"{""time"":1775860920,""bpm"":99,""type"":0}",1775864419
6173302506,985021106,calories,1775860920,"{""time"":1775860920,""calories"":1}",1775864419
6173302506,985021106,calories,1775860800,"{""time"":1775860800,""calories"":1}",1775864419
6173302506,985021106,calories,1775860620,"{""time"":1775860620,""calories"":1}",1775864419
6173302506,985021106,calories,1775860500,"{""time"":1775860500,""calories"":1}",1775864419
6173302506,985021106,calories,1775860320,"{""time"":1775860320,""calories"":1}",1775864419
6173302506,985021106,heart_rate,1775860320,"{""time"":1775860320,""bpm"":104,""type"":0}",1775864419
6173302506,985021106,calories,1775860020,"{""time"":1775860020,""calories"":1}",1775864419
6173302506,985021106,calories,1775859900,"{""time"":1775859900,""calories"":1}",1775864419
6173302506,985021106,heart_rate,1775859720,"{""time"":1775859720,""bpm"":110,""type"":0}",1775864419
6173302506,985021106,steps,1775859720,"{""time"":1775859720,""steps"":11,""distance"":7,""calories"":0}",1775862521
6173302506,985021106,calories,1775859660,"{""time"":1775859660,""calories"":1}",1775864419
6173302506,985021106,steps,1775859660,"{""time"":1775859660,""steps"":23,""distance"":15,""calories"":1}",1775862521
6173302506,hlth.gen_150127125725276,steps,1775859660,"{""time"":1775859660,""steps"":16,""distance"":9,""calories"":0.64}",1775863567
6173302506,hlth.gen_150127125725276,calories,1775859660,"{""time"":1775859660,""calories"":0.64}",1775863567
6173302506,985021106,steps,1775859600,"{""time"":1775859600,""steps"":4,""distance"":2,""calories"":0}",1775862521
6173302506,hlth.gen_150127125725276,calories,1775859600,"{""time"":1775859600,""calories"":0.08}",1775863567
6173302506,hlth.gen_150127125725276,steps,1775859600,"{""time"":1775859600,""steps"":2,""distance"":1,""calories"":0.08}",1775863567
6173302506,985021106,calories,1775859480,"{""time"":1775859480,""calories"":1}",1775864419
6173302506,985021106,calories,1775859300,"{""time"":1775859300,""calories"":1}",1775864419
6173302506,985021106,calories,1775859240,"{""time"":1775859240,""calories"":1}",1775864419
6173302506,985021106,heart_rate,1775859120,"{""time"":1775859120,""bpm"":111,""type"":0}",1775864419
6173302506,985021106,calories,1775859060,"{""time"":1775859060,""calories"":1}",1775864419
6173302506,985021106,calories,1775859000,"{""time"":1775859000,""calories"":2}",1775864419
6173302506,985021106,calories,1775858880,"{""time"":1775858880,""calories"":1}",1775864419
6173302506,985021106,calories,1775858760,"{""time"":1775858760,""calories"":1}",1775864419
6173302506,985021106,light_sensitivity_value,1775858760,"{""light_sensitivity_value"":0,""time"":1775858760}",1775859673
6173302506,985021106,body_momentum,1775858760,"{""body_momentum"":0,""time"":1775858760}",1775859686
6173302506,985021106,light_sensitivity_value,1775858700,"{""light_sensitivity_value"":0,""time"":1775858700}",1775859673
6173302506,985021106,body_momentum,1775858700,"{""body_momentum"":0,""time"":1775858700}",1775859686
6173302506,985021106,body_momentum,1775858640,"{""body_momentum"":0,""time"":1775858640}",1775859686
6173302506,985021106,light_sensitivity_value,1775858640,"{""light_sensitivity_value"":0,""time"":1775858640}",1775859673
6173302506,985021106,body_momentum,1775858580,"{""body_momentum"":0,""time"":1775858580}",1775859686
6173302506,985021106,light_sensitivity_value,1775858580,"{""light_sensitivity_value"":0,""time"":1775858580}",1775859673
6173302506,985021106,light_sensitivity_value,1775858520,"{""light_sensitivity_value"":0,""time"":1775858520}",1775859673
6173302506,985021106,body_momentum,1775858520,"{""body_momentum"":0,""time"":1775858520}",1775859686
6173302506,985021106,heart_rate,1775858520,"{""time"":1775858520,""bpm"":113,""type"":0}",1775864419
6173302506,985021106,light_sensitivity_value,1775858460,"{""light_sensitivity_value"":0,""time"":1775858460}",1775859673
6173302506,985021106,body_momentum,1775858460,"{""body_momentum"":0,""time"":1775858460}",1775859686
6173302506,985021106,body_momentum,1775858400,"{""body_momentum"":0,""time"":1775858400}",1775859686
6173302506,985021106,valid_stand,1775858400,"{""end_time"":1775862000,""start_time"":1775858400}",1775864420
6173302506,985021106,light_sensitivity_value,1775858400,"{""light_sensitivity_value"":0,""time"":1775858400}",1775859673
6173302506,985021106,light_sensitivity_value,1775858340,"{""light_sensitivity_value"":0,""time"":1775858340}",1775859673
6173302506,985021106,body_momentum,1775858340,"{""body_momentum"":0,""time"":1775858340}",1775859686
6173302506,985021106,light_sensitivity_value,1775858280,"{""light_sensitivity_value"":0,""time"":1775858280}",1775859673
6173302506,985021106,body_momentum,1775858280,"{""body_momentum"":0,""time"":1775858280}",1775859686
6173302506,985021106,light_sensitivity_value,1775858220,"{""light_sensitivity_value"":0,""time"":1775858220}",1775859672
6173302506,985021106,body_momentum,1775858220,"{""body_momentum"":0,""time"":1775858220}",1775859686
6173302506,985021106,light_sensitivity_value,1775858160,"{""light_sensitivity_value"":0,""time"":1775858160}",1775859672
6173302506,985021106,body_momentum,1775858160,"{""body_momentum"":0,""time"":1775858160}",1775859686
6173302506,985021106,light_sensitivity_value,1775858100,"{""light_sensitivity_value"":0,""time"":1775858100}",1775859672
6173302506,985021106,body_momentum,1775858100,"{""body_momentum"":0,""time"":1775858100}",1775859686
6173302506,985021106,light_sensitivity_value,1775858040,"{""light_sensitivity_value"":0,""time"":1775858040}",1775859672
6173302506,985021106,body_momentum,1775858040,"{""body_momentum"":0,""time"":1775858040}",1775859686
6173302506,985021106,light_sensitivity_value,1775857980,"{""light_sensitivity_value"":0,""time"":1775857980}",1775859672
6173302506,985021106,body_momentum,1775857980,"{""body_momentum"":0,""time"":1775857980}",1775859686
6173302506,985021106,light_sensitivity_value,1775857920,"{""light_sensitivity_value"":0,""time"":1775857920}",1775859672
6173302506,985021106,body_momentum,1775857920,"{""body_momentum"":0,""time"":1775857920}",1775859686
6173302506,985021106,light_sensitivity_value,1775857860,"{""light_sensitivity_value"":0,""time"":1775857860}",1775859672
6173302506,985021106,body_momentum,1775857860,"{""body_momentum"":0,""time"":1775857860}",1775859686
6173302506,985021106,light_sensitivity_value,1775857800,"{""light_sensitivity_value"":0,""time"":1775857800}",1775859672
6173302506,985021106,body_momentum,1775857800,"{""body_momentum"":0,""time"":1775857800}",1775859686
6173302506,985021106,light_sensitivity_value,1775857740,"{""light_sensitivity_value"":0,""time"":1775857740}",1775859672
6173302506,985021106,body_momentum,1775857740,"{""body_momentum"":0,""time"":1775857740}",1775859686
6173302506,985021106,light_sensitivity_value,1775857680,"{""light_sensitivity_value"":0,""time"":1775857680}",1775859672
6173302506,985021106,body_momentum,1775857680,"{""body_momentum"":0,""time"":1775857680}",1775859686
6173302506,985021106,light_sensitivity_value,1775857620,"{""light_sensitivity_value"":0,""time"":1775857620}",1775859672
6173302506,985021106,body_momentum,1775857620,"{""body_momentum"":0,""time"":1775857620}",1775859686
6173302506,985021106,light_sensitivity_value,1775857560,"{""light_sensitivity_value"":0,""time"":1775857560}",1775859672
6173302506,985021106,body_momentum,1775857560,"{""body_momentum"":0,""time"":1775857560}",1775859686
6173302506,985021106,light_sensitivity_value,1775857500,"{""light_sensitivity_value"":0,""time"":1775857500}",1775859672
6173302506,985021106,body_momentum,1775857500,"{""body_momentum"":0,""time"":1775857500}",1775859686
6173302506,985021106,light_sensitivity_value,1775857440,"{""light_sensitivity_value"":0,""time"":1775857440}",1775859672
6173302506,985021106,body_momentum,1775857440,"{""body_momentum"":0,""time"":1775857440}",1775859686
6173302506,985021106,light_sensitivity_value,1775857380,"{""light_sensitivity_value"":0,""time"":1775857380}",1775859672
6173302506,985021106,body_momentum,1775857380,"{""body_momentum"":0,""time"":1775857380}",1775859686
6173302506,985021106,light_sensitivity_value,1775857320,"{""light_sensitivity_value"":0,""time"":1775857320}",1775859672
6173302506,985021106,body_momentum,1775857320,"{""body_momentum"":0,""time"":1775857320}",1775859685
6173302506,985021106,light_sensitivity_value,1775857260,"{""light_sensitivity_value"":0,""time"":1775857260}",1775859672
6173302506,985021106,body_momentum,1775857260,"{""body_momentum"":0,""time"":1775857260}",1775859685
6173302506,985021106,light_sensitivity_value,1775857200,"{""light_sensitivity_value"":0,""time"":1775857200}",1775859672
6173302506,985021106,body_momentum,1775857200,"{""body_momentum"":0,""time"":1775857200}",1775859685
6173302506,985021106,light_sensitivity_value,1775857140,"{""light_sensitivity_value"":0,""time"":1775857140}",1775859672
6173302506,985021106,body_momentum,1775857140,"{""body_momentum"":0,""time"":1775857140}",1775859685
6173302506,985021106,light_sensitivity_value,1775857080,"{""light_sensitivity_value"":0,""time"":1775857080}",1775859672
6173302506,985021106,body_momentum,1775857080,"{""body_momentum"":0,""time"":1775857080}",1775859685
6173302506,985021106,light_sensitivity_value,1775857020,"{""light_sensitivity_value"":0,""time"":1775857020}",1775859672
6173302506,985021106,body_momentum,1775857020,"{""body_momentum"":0,""time"":1775857020}",1775859685
6173302506,985021106,light_sensitivity_value,1775856960,"{""light_sensitivity_value"":0,""time"":1775856960}",1775859672
6173302506,985021106,body_momentum,1775856960,"{""body_momentum"":0,""time"":1775856960}",1775859685
6173302506,985021106,light_sensitivity_value,1775856900,"{""light_sensitivity_value"":0,""time"":1775856900}",1775859672
6173302506,985021106,body_momentum,1775856900,"{""body_momentum"":0,""time"":1775856900}",1775859685
6173302506,985021106,light_sensitivity_value,1775856840,"{""light_sensitivity_value"":0,""time"":1775856840}",1775859672
6173302506,985021106,body_momentum,1775856840,"{""body_momentum"":0,""time"":1775856840}",1775859685
6173302506,985021106,light_sensitivity_value,1775856780,"{""light_sensitivity_value"":0,""time"":1775856780}",1775859672
6173302506,985021106,body_momentum,1775856780,"{""body_momentum"":0,""time"":1775856780}",1775859685
6173302506,985021106,light_sensitivity_value,1775856720,"{""light_sensitivity_value"":0,""time"":1775856720}",1775859672
6173302506,985021106,body_momentum,1775856720,"{""body_momentum"":0,""time"":1775856720}",1775859685
6173302506,985021106,light_sensitivity_value,1775856660,"{""light_sensitivity_value"":0,""time"":1775856660}",1775859672
6173302506,985021106,body_momentum,1775856660,"{""body_momentum"":0,""time"":1775856660}",1775859685
6173302506,985021106,light_sensitivity_value,1775856600,"{""light_sensitivity_value"":0,""time"":1775856600}",1775859672
6173302506,985021106,body_momentum,1775856600,"{""body_momentum"":0,""time"":1775856600}",1775859685
6173302506,985021106,light_sensitivity_value,1775856540,"{""light_sensitivity_value"":0,""time"":1775856540}",1775859672
6173302506,985021106,body_momentum,1775856540,"{""body_momentum"":0,""time"":1775856540}",1775859685
6173302506,985021106,light_sensitivity_value,1775856480,"{""light_sensitivity_value"":0,""time"":1775856480}",1775859672
6173302506,985021106,body_momentum,1775856480,"{""body_momentum"":0,""time"":1775856480}",1775859685
6173302506,985021106,light_sensitivity_value,1775856420,"{""light_sensitivity_value"":0,""time"":1775856420}",1775859672
6173302506,985021106,body_momentum,1775856420,"{""body_momentum"":0,""time"":1775856420}",1775859685
6173302506,985021106,light_sensitivity_value,1775856360,"{""light_sensitivity_value"":0,""time"":1775856360}",1775859672
6173302506,985021106,body_momentum,1775856360,"{""body_momentum"":0,""time"":1775856360}",1775859685
6173302506,985021106,light_sensitivity_value,1775856300,"{""light_sensitivity_value"":0,""time"":1775856300}",1775859672
6173302506,985021106,body_momentum,1775856300,"{""body_momentum"":0,""time"":1775856300}",1775859685
6173302506,985021106,light_sensitivity_value,1775856240,"{""light_sensitivity_value"":0,""time"":1775856240}",1775859672
6173302506,985021106,body_momentum,1775856240,"{""body_momentum"":0,""time"":1775856240}",1775859685
6173302506,985021106,light_sensitivity_value,1775856180,"{""light_sensitivity_value"":0,""time"":1775856180}",1775859672
6173302506,985021106,body_momentum,1775856180,"{""body_momentum"":0,""time"":1775856180}",1775859685
6173302506,985021106,light_sensitivity_value,1775856120,"{""light_sensitivity_value"":0,""time"":1775856120}",1775859672
6173302506,985021106,body_momentum,1775856120,"{""body_momentum"":0,""time"":1775856120}",1775859685
6173302506,985021106,light_sensitivity_value,1775856060,"{""light_sensitivity_value"":0,""time"":1775856060}",1775859672
6173302506,985021106,body_momentum,1775856060,"{""body_momentum"":0,""time"":1775856060}",1775859685
6173302506,985021106,light_sensitivity_value,1775856000,"{""light_sensitivity_value"":0,""time"":1775856000}",1775859672
6173302506,985021106,body_momentum,1775856000,"{""body_momentum"":0,""time"":1775856000}",1775859685
6173302506,985021106,light_sensitivity_value,1775855940,"{""light_sensitivity_value"":0,""time"":1775855940}",1775859672
6173302506,985021106,body_momentum,1775855940,"{""body_momentum"":0,""time"":1775855940}",1775859685
6173302506,985021106,light_sensitivity_value,1775855880,"{""light_sensitivity_value"":0,""time"":1775855880}",1775859672
6173302506,985021106,body_momentum,1775855880,"{""body_momentum"":0,""time"":1775855880}",1775859685
6173302506,985021106,light_sensitivity_value,1775855820,"{""light_sensitivity_value"":0,""time"":1775855820}",1775859672
6173302506,985021106,body_momentum,1775855820,"{""body_momentum"":0,""time"":1775855820}",1775859685
6173302506,985021106,light_sensitivity_value,1775855760,"{""light_sensitivity_value"":0,""time"":1775855760}",1775859672
6173302506,985021106,body_momentum,1775855760,"{""body_momentum"":0,""time"":1775855760}",1775859685
6173302506,985021106,light_sensitivity_value,1775855700,"{""light_sensitivity_value"":0,""time"":1775855700}",1775859672
6173302506,985021106,body_momentum,1775855700,"{""body_momentum"":0,""time"":1775855700}",1775859685
6173302506,985021106,light_sensitivity_value,1775855640,"{""light_sensitivity_value"":0,""time"":1775855640}",1775859672
6173302506,985021106,body_momentum,1775855640,"{""body_momentum"":0,""time"":1775855640}",1775859685
6173302506,985021106,light_sensitivity_value,1775855580,"{""light_sensitivity_value"":0,""time"":1775855580}",1775859672
6173302506,985021106,body_momentum,1775855580,"{""body_momentum"":0,""time"":1775855580}",1775859685
6173302506,985021106,light_sensitivity_value,1775855520,"{""light_sensitivity_value"":0,""time"":1775855520}",1775859672
6173302506,985021106,body_momentum,1775855520,"{""body_momentum"":0,""time"":1775855520}",1775859685
6173302506,985021106,light_sensitivity_value,1775855460,"{""light_sensitivity_value"":0,""time"":1775855460}",1775859672
6173302506,985021106,body_momentum,1775855460,"{""body_momentum"":0,""time"":1775855460}",1775859685
6173302506,985021106,light_sensitivity_value,1775855400,"{""light_sensitivity_value"":0,""time"":1775855400}",1775859672
6173302506,985021106,body_momentum,1775855400,"{""body_momentum"":0,""time"":1775855400}",1775859685
6173302506,985021106,light_sensitivity_value,1775855340,"{""light_sensitivity_value"":0,""time"":1775855340}",1775859672
6173302506,985021106,body_momentum,1775855340,"{""body_momentum"":0,""time"":1775855340}",1775859685
6173302506,985021106,light_sensitivity_value,1775855280,"{""light_sensitivity_value"":0,""time"":1775855280}",1775859672
6173302506,985021106,body_momentum,1775855280,"{""body_momentum"":0,""time"":1775855280}",1775859685
6173302506,985021106,light_sensitivity_value,1775855220,"{""light_sensitivity_value"":0,""time"":1775855220}",1775859672
6173302506,985021106,body_momentum,1775855220,"{""body_momentum"":0,""time"":1775855220}",1775859685
6173302506,985021106,light_sensitivity_value,1775855160,"{""light_sensitivity_value"":0,""time"":1775855160}",1775859672
6173302506,985021106,body_momentum,1775855160,"{""body_momentum"":0,""time"":1775855160}",1775859685
6173302506,985021106,light_sensitivity_value,1775855100,"{""light_sensitivity_value"":0,""time"":1775855100}",1775859672
6173302506,985021106,body_momentum,1775855100,"{""body_momentum"":0,""time"":1775855100}",1775859685
6173302506,985021106,light_sensitivity_value,1775855040,"{""light_sensitivity_value"":0,""time"":1775855040}",1775859672
6173302506,985021106,body_momentum,1775855040,"{""body_momentum"":0,""time"":1775855040}",1775859685
6173302506,985021106,light_sensitivity_value,1775854980,"{""light_sensitivity_value"":0,""time"":1775854980}",1775859672
6173302506,985021106,body_momentum,1775854980,"{""body_momentum"":0,""time"":1775854980}",1775859685
6173302506,985021106,light_sensitivity_value,1775854920,"{""light_sensitivity_value"":0,""time"":1775854920}",1775859672
6173302506,985021106,body_momentum,1775854920,"{""body_momentum"":0,""time"":1775854920}",1775859685
6173302506,985021106,light_sensitivity_value,1775854860,"{""light_sensitivity_value"":0,""time"":1775854860}",1775859672
6173302506,985021106,body_momentum,1775854860,"{""body_momentum"":0,""time"":1775854860}",1775859685
6173302506,985021106,light_sensitivity_value,1775854800,"{""light_sensitivity_value"":0,""time"":1775854800}",1775859672
6173302506,985021106,body_momentum,1775854800,"{""body_momentum"":0,""time"":1775854800}",1775859685
6173302506,985021106,light_sensitivity_value,1775854740,"{""light_sensitivity_value"":0,""time"":1775854740}",1775859672
6173302506,985021106,body_momentum,1775854740,"{""body_momentum"":0,""time"":1775854740}",1775859685
6173302506,985021106,light_sensitivity_value,1775854680,"{""light_sensitivity_value"":0,""time"":1775854680}",1775859672
6173302506,985021106,body_momentum,1775854680,"{""body_momentum"":0,""time"":1775854680}",1775859685
6173302506,985021106,light_sensitivity_value,1775854620,"{""light_sensitivity_value"":0,""time"":1775854620}",1775859671
6173302506,985021106,body_momentum,1775854620,"{""body_momentum"":0,""time"":1775854620}",1775859685
6173302506,985021106,light_sensitivity_value,1775854560,"{""light_sensitivity_value"":0,""time"":1775854560}",1775859671
6173302506,985021106,body_momentum,1775854560,"{""body_momentum"":0,""time"":1775854560}",1775859685
6173302506,985021106,light_sensitivity_value,1775854500,"{""light_sensitivity_value"":0,""time"":1775854500}",1775859671
6173302506,985021106,body_momentum,1775854500,"{""body_momentum"":0,""time"":1775854500}",1775859685
6173302506,985021106,light_sensitivity_value,1775854440,"{""light_sensitivity_value"":0,""time"":1775854440}",1775859671
6173302506,985021106,body_momentum,1775854440,"{""body_momentum"":0,""time"":1775854440}",1775859685
6173302506,985021106,light_sensitivity_value,1775854380,"{""light_sensitivity_value"":0,""time"":1775854380}",1775859671
6173302506,985021106,body_momentum,1775854380,"{""body_momentum"":0,""time"":1775854380}",1775859685
6173302506,985021106,light_sensitivity_value,1775854320,"{""light_sensitivity_value"":0,""time"":1775854320}",1775859671
6173302506,985021106,body_momentum,1775854320,"{""body_momentum"":0,""time"":1775854320}",1775859685
6173302506,985021106,light_sensitivity_value,1775854260,"{""light_sensitivity_value"":0,""time"":1775854260}",1775859671
6173302506,985021106,body_momentum,1775854260,"{""body_momentum"":0,""time"":1775854260}",1775859685
6173302506,985021106,light_sensitivity_value,1775854200,"{""light_sensitivity_value"":0,""time"":1775854200}",1775859671
6173302506,985021106,body_momentum,1775854200,"{""body_momentum"":0,""time"":1775854200}",1775859685
6173302506,985021106,light_sensitivity_value,1775854140,"{""light_sensitivity_value"":0,""time"":1775854140}",1775859671
6173302506,985021106,body_momentum,1775854140,"{""body_momentum"":0,""time"":1775854140}",1775859685
6173302506,985021106,light_sensitivity_value,1775854080,"{""light_sensitivity_value"":0,""time"":1775854080}",1775859671
6173302506,985021106,body_momentum,1775854080,"{""body_momentum"":0,""time"":1775854080}",1775859685
6173302506,985021106,light_sensitivity_value,1775854020,"{""light_sensitivity_value"":0,""time"":1775854020}",1775859671
6173302506,985021106,body_momentum,1775854020,"{""body_momentum"":0,""time"":1775854020}",1775859685
6173302506,985021106,light_sensitivity_value,1775853960,"{""light_sensitivity_value"":0,""time"":1775853960}",1775859671
6173302506,985021106,body_momentum,1775853960,"{""body_momentum"":0,""time"":1775853960}",1775859685
6173302506,985021106,light_sensitivity_value,1775853900,"{""light_sensitivity_value"":0,""time"":1775853900}",1775859671
6173302506,985021106,body_momentum,1775853900,"{""body_momentum"":0,""time"":1775853900}",1775859685
6173302506,985021106,light_sensitivity_value,1775853840,"{""light_sensitivity_value"":0,""time"":1775853840}",1775859671
6173302506,985021106,body_momentum,1775853840,"{""body_momentum"":0,""time"":1775853840}",1775859685
6173302506,985021106,light_sensitivity_value,1775853780,"{""light_sensitivity_value"":0,""time"":1775853780}",1775859671
6173302506,985021106,body_momentum,1775853780,"{""body_momentum"":0,""time"":1775853780}",1775859685
6173302506,985021106,light_sensitivity_value,1775853720,"{""light_sensitivity_value"":0,""time"":1775853720}",1775859671
6173302506,985021106,body_momentum,1775853720,"{""body_momentum"":0,""time"":1775853720}",1775859684
6173302506,985021106,light_sensitivity_value,1775853660,"{""light_sensitivity_value"":0,""time"":1775853660}",1775859671
6173302506,985021106,body_momentum,1775853660,"{""body_momentum"":0,""time"":1775853660}",1775859684
6173302506,985021106,light_sensitivity_value,1775853600,"{""light_sensitivity_value"":0,""time"":1775853600}",1775859671
6173302506,985021106,body_momentum,1775853600,"{""body_momentum"":0,""time"":1775853600}",1775859684
6173302506,985021106,light_sensitivity_value,1775853540,"{""light_sensitivity_value"":0,""time"":1775853540}",1775859671
6173302506,985021106,body_momentum,1775853540,"{""body_momentum"":0,""time"":1775853540}",1775859684
6173302506,985021106,light_sensitivity_value,1775853480,"{""light_sensitivity_value"":0,""time"":1775853480}",1775859671
6173302506,985021106,body_momentum,1775853480,"{""body_momentum"":0,""time"":1775853480}",1775859684
6173302506,985021106,light_sensitivity_value,1775853420,"{""light_sensitivity_value"":0,""time"":1775853420}",1775859671
6173302506,985021106,body_momentum,1775853420,"{""body_momentum"":0,""time"":1775853420}",1775859684
6173302506,985021106,light_sensitivity_value,1775853360,"{""light_sensitivity_value"":0,""time"":1775853360}",1775859671
6173302506,985021106,body_momentum,1775853360,"{""body_momentum"":0,""time"":1775853360}",1775859684
6173302506,985021106,light_sensitivity_value,1775853300,"{""light_sensitivity_value"":0,""time"":1775853300}",1775859671
6173302506,985021106,body_momentum,1775853300,"{""body_momentum"":0,""time"":1775853300}",1775859684
6173302506,985021106,light_sensitivity_value,1775853240,"{""light_sensitivity_value"":0,""time"":1775853240}",1775859671
6173302506,985021106,body_momentum,1775853240,"{""body_momentum"":0,""time"":1775853240}",1775859684
6173302506,985021106,light_sensitivity_value,1775853180,"{""light_sensitivity_value"":0,""time"":1775853180}",1775859671
6173302506,985021106,body_momentum,1775853180,"{""body_momentum"":0,""time"":1775853180}",1775859684
6173302506,985021106,light_sensitivity_value,1775853120,"{""light_sensitivity_value"":0,""time"":1775853120}",1775859671
6173302506,985021106,body_momentum,1775853120,"{""body_momentum"":0,""time"":1775853120}",1775859684
6173302506,985021106,light_sensitivity_value,1775853060,"{""light_sensitivity_value"":0,""time"":1775853060}",1775859671
6173302506,985021106,body_momentum,1775853060,"{""body_momentum"":0,""time"":1775853060}",1775859684
6173302506,985021106,light_sensitivity_value,1775853000,"{""light_sensitivity_value"":0,""time"":1775853000}",1775859671
6173302506,985021106,body_momentum,1775853000,"{""body_momentum"":0,""time"":1775853000}",1775859684
6173302506,985021106,light_sensitivity_value,1775852940,"{""light_sensitivity_value"":0,""time"":1775852940}",1775859671
6173302506,985021106,body_momentum,1775852940,"{""body_momentum"":0,""time"":1775852940}",1775859684
6173302506,985021106,light_sensitivity_value,1775852880,"{""light_sensitivity_value"":0,""time"":1775852880}",1775859671
6173302506,985021106,body_momentum,1775852880,"{""body_momentum"":0,""time"":1775852880}",1775859684
6173302506,985021106,light_sensitivity_value,1775852820,"{""light_sensitivity_value"":0,""time"":1775852820}",1775859671
6173302506,985021106,body_momentum,1775852820,"{""body_momentum"":0,""time"":1775852820}",1775859684
6173302506,985021106,light_sensitivity_value,1775852760,"{""light_sensitivity_value"":0,""time"":1775852760}",1775859671
6173302506,985021106,body_momentum,1775852760,"{""body_momentum"":0,""time"":1775852760}",1775859684
6173302506,985021106,light_sensitivity_value,1775852700,"{""light_sensitivity_value"":0,""time"":1775852700}",1775859671
6173302506,985021106,body_momentum,1775852700,"{""body_momentum"":0,""time"":1775852700}",1775859684
6173302506,985021106,light_sensitivity_value,1775852640,"{""light_sensitivity_value"":0,""time"":1775852640}",1775859671
6173302506,985021106,body_momentum,1775852640,"{""body_momentum"":0,""time"":1775852640}",1775859684
6173302506,985021106,light_sensitivity_value,1775852580,"{""light_sensitivity_value"":0,""time"":1775852580}",1775859671
6173302506,985021106,body_momentum,1775852580,"{""body_momentum"":0,""time"":1775852580}",1775859684
6173302506,985021106,light_sensitivity_value,1775852520,"{""light_sensitivity_value"":0,""time"":1775852520}",1775859671
6173302506,985021106,body_momentum,1775852520,"{""body_momentum"":0,""time"":1775852520}",1775859684
6173302506,985021106,light_sensitivity_value,1775852460,"{""light_sensitivity_value"":0,""time"":1775852460}",1775859671
6173302506,985021106,body_momentum,1775852460,"{""body_momentum"":0,""time"":1775852460}",1775859684
6173302506,985021106,light_sensitivity_value,1775852400,"{""light_sensitivity_value"":0,""time"":1775852400}",1775859671
6173302506,985021106,body_momentum,1775852400,"{""body_momentum"":0,""time"":1775852400}",1775859684
6173302506,985021106,light_sensitivity_value,1775852340,"{""light_sensitivity_value"":0,""time"":1775852340}",1775859671
6173302506,985021106,body_momentum,1775852340,"{""body_momentum"":0,""time"":1775852340}",1775859684
6173302506,985021106,light_sensitivity_value,1775852280,"{""light_sensitivity_value"":0,""time"":1775852280}",1775859671
6173302506,985021106,body_momentum,1775852280,"{""body_momentum"":0,""time"":1775852280}",1775859684
6173302506,985021106,light_sensitivity_value,1775852220,"{""light_sensitivity_value"":0,""time"":1775852220}",1775859671
6173302506,985021106,body_momentum,1775852220,"{""body_momentum"":0,""time"":1775852220}",1775859684
6173302506,985021106,light_sensitivity_value,1775852160,"{""light_sensitivity_value"":0,""time"":1775852160}",1775859671
6173302506,985021106,body_momentum,1775852160,"{""body_momentum"":0,""time"":1775852160}",1775859684
6173302506,985021106,light_sensitivity_value,1775852100,"{""light_sensitivity_value"":0,""time"":1775852100}",1775859671
6173302506,985021106,body_momentum,1775852100,"{""body_momentum"":0,""time"":1775852100}",1775859684
6173302506,985021106,light_sensitivity_value,1775852040,"{""light_sensitivity_value"":0,""time"":1775852040}",1775859671
6173302506,985021106,body_momentum,1775852040,"{""body_momentum"":0,""time"":1775852040}",1775859684
6173302506,985021106,light_sensitivity_value,1775851980,"{""light_sensitivity_value"":0,""time"":1775851980}",1775859671
6173302506,985021106,body_momentum,1775851980,"{""body_momentum"":0,""time"":1775851980}",1775859684
6173302506,985021106,light_sensitivity_value,1775851920,"{""light_sensitivity_value"":0,""time"":1775851920}",1775859671
6173302506,985021106,body_momentum,1775851920,"{""body_momentum"":0,""time"":1775851920}",1775859684
6173302506,985021106,light_sensitivity_value,1775851860,"{""light_sensitivity_value"":0,""time"":1775851860}",1775859671
6173302506,985021106,body_momentum,1775851860,"{""body_momentum"":0,""time"":1775851860}",1775859684
6173302506,985021106,light_sensitivity_value,1775851800,"{""light_sensitivity_value"":0,""time"":1775851800}",1775859671
6173302506,985021106,body_momentum,1775851800,"{""body_momentum"":0,""time"":1775851800}",1775859684
6173302506,985021106,steps,1775853720,"{""time"":1775853720,""steps"":27,""distance"":17,""calories"":1}",1775859497
6173302506,985021106,steps,1775852820,"{""time"":1775852820,""steps"":80,""distance"":50,""calories"":2}",1775859497
6173302506,985021106,steps,1775852760,"{""time"":1775852760,""steps"":19,""distance"":12,""calories"":2}",1775859497
6173302506,985021106,steps,1775852640,"{""time"":1775852640,""steps"":49,""distance"":31,""calories"":2}",1775859497
6173302506,985021106,steps,1775852580,"{""time"":1775852580,""steps"":64,""distance"":40,""calories"":3}",1775859497
6173302506,985021106,light_sensitivity_value,1775851740,"{""light_sensitivity_value"":0,""time"":1775851740}",1775859671
6173302506,985021106,body_momentum,1775851740,"{""body_momentum"":0,""time"":1775851740}",1775859684
6173302506,985021106,light_sensitivity_value,1775851680,"{""light_sensitivity_value"":0,""time"":1775851680}",1775859671
6173302506,985021106,body_momentum,1775851680,"{""body_momentum"":0,""time"":1775851680}",1775859684
6173302506,985021106,light_sensitivity_value,1775851620,"{""light_sensitivity_value"":0,""time"":1775851620}",1775859671
6173302506,985021106,body_momentum,1775851620,"{""body_momentum"":0,""time"":1775851620}",1775859684
6173302506,985021106,body_momentum,1775851560,"{""body_momentum"":0,""time"":1775851560}",1775859684
6173302506,985021106,light_sensitivity_value,1775851560,"{""light_sensitivity_value"":0,""time"":1775851560}",1775859671
6173302506,985021106,body_momentum,1775851500,"{""body_momentum"":0,""time"":1775851500}",1775859684
6173302506,985021106,light_sensitivity_value,1775851500,"{""light_sensitivity_value"":0,""time"":1775851500}",1775859671
6173302506,985021106,light_sensitivity_value,1775851440,"{""light_sensitivity_value"":0,""time"":1775851440}",1775859671
6173302506,985021106,body_momentum,1775851440,"{""body_momentum"":0,""time"":1775851440}",1775859684
6173302506,985021106,light_sensitivity_value,1775851380,"{""light_sensitivity_value"":0,""time"":1775851380}",1775859671
6173302506,985021106,body_momentum,1775851380,"{""body_momentum"":0,""time"":1775851380}",1775859684
6173302506,985021106,body_momentum,1775851320,"{""body_momentum"":0,""time"":1775851320}",1775859684
6173302506,985021106,light_sensitivity_value,1775851320,"{""light_sensitivity_value"":0,""time"":1775851320}",1775859671
6173302506,985021106,body_momentum,1775851260,"{""body_momentum"":0,""time"":1775851260}",1775859684
6173302506,985021106,light_sensitivity_value,1775851260,"{""light_sensitivity_value"":0,""time"":1775851260}",1775859671
6173302506,985021106,valid_stand,1775851200,"{""end_time"":1775854800,""start_time"":1775851200}",1775864420
6173302506,985021106,calories,1775858340,"{""time"":1775858340,""calories"":1}",1775859535
6173302506,985021106,calories,1775858160,"{""time"":1775858160,""calories"":1}",1775859535
6173302506,985021106,calories,1775858040,"{""time"":1775858040,""calories"":1}",1775859535
6173302506,985021106,heart_rate,1775857920,"{""time"":1775857920,""bpm"":117,""type"":0}",1775859336
6173302506,985021106,calories,1775857920,"{""time"":1775857920,""calories"":1}",1775859535
6173302506,985021106,calories,1775857800,"{""time"":1775857800,""calories"":1}",1775859535
6173302506,985021106,calories,1775857560,"{""time"":1775857560,""calories"":1}",1775859535
6173302506,985021106,heart_rate,1775857320,"{""time"":1775857320,""bpm"":118,""type"":0}",1775859336
6173302506,985021106,calories,1775857320,"{""time"":1775857320,""calories"":1}",1775859535
6173302506,985021106,calories,1775857140,"{""time"":1775857140,""calories"":1}",1775859535
6173302506,985021106,calories,1775856960,"{""time"":1775856960,""calories"":1}",1775859535
6173302506,985021106,heart_rate,1775856720,"{""time"":1775856720,""bpm"":116,""type"":0}",1775859336
6173302506,985021106,calories,1775856660,"{""time"":1775856660,""calories"":1}",1775859535
6173302506,985021106,calories,1775856480,"{""time"":1775856480,""calories"":1}",1775859535
6173302506,985021106,calories,1775856240,"{""time"":1775856240,""calories"":1}",1775859535
6173302506,985021106,heart_rate,1775856120,"{""time"":1775856120,""bpm"":118,""type"":0}",1775859336
6173302506,985021106,calories,1775856060,"{""time"":1775856060,""calories"":1}",1775859535
6173302506,985021106,calories,1775856000,"{""time"":1775856000,""calories"":1}",1775859535
6173302506,985021106,calories,1775855880,"{""time"":1775855880,""calories"":1}",1775859535
6173302506,985021106,calories,1775855640,"{""time"":1775855640,""calories"":1}",1775859535
6173302506,985021106,heart_rate,1775855520,"{""time"":1775855520,""bpm"":123,""type"":0}",1775859336
6173302506,985021106,calories,1775855520,"{""time"":1775855520,""calories"":1}",1775859535
6173302506,985021106,calories,1775855280,"{""time"":1775855280,""calories"":1}",1775859535
6173302506,985021106,calories,1775855040,"{""time"":1775855040,""calories"":1}",1775859535
6173302506,985021106,calories,1775854980,"{""time"":1775854980,""calories"":1}",1775859535
6173302506,985021106,calories,1775854920,"{""time"":1775854920,""calories"":1}",1775859535
6173302506,985021106,heart_rate,1775854920,"{""time"":1775854920,""bpm"":121,""type"":0}",1775859336
6173302506,985021106,calories,1775854740,"{""time"":1775854740,""calories"":1}",1775859535
6173302506,985021106,calories,1775854620,"{""time"":1775854620,""calories"":1}",1775859535
6173302506,985021106,calories,1775854500,"{""time"":1775854500,""calories"":1}",1775859535
6173302506,985021106,heart_rate,1775854320,"{""time"":1775854320,""bpm"":121,""type"":0}",1775859336
6173302506,985021106,calories,1775854320,"{""time"":1775854320,""calories"":1}",1775859535
6173302506,985021106,calories,1775854260,"{""time"":1775854260,""calories"":1}",1775859535
6173302506,985021106,calories,1775854080,"{""time"":1775854080,""calories"":1}",1775859535
6173302506,985021106,calories,1775853960,"{""time"":1775853960,""calories"":1}",1775859535
6173302506,985021106,calories,1775853900,"{""time"":1775853900,""calories"":1}",1775859535
6173302506,985021106,calories,1775853720,"{""time"":1775853720,""calories"":1}",1775859535
6173302506,985021106,heart_rate,1775853720,"{""time"":1775853720,""bpm"":123,""type"":0}",1775859336
6173302506,985021106,calories,1775853540,"{""time"":1775853540,""calories"":1}",1775859535
6173302506,985021106,calories,1775853480,"{""time"":1775853480,""calories"":1}",1775859535
6173302506,985021106,calories,1775853360,"{""time"":1775853360,""calories"":2}",1775859535
6173302506,985021106,calories,1775853180,"{""time"":1775853180,""calories"":1}",1775859535
6173302506,985021106,heart_rate,1775853120,"{""time"":1775853120,""bpm"":124,""type"":0}",1775859336
6173302506,985021106,calories,1775852940,"{""time"":1775852940,""calories"":1}",1775859535
6173302506,985021106,calories,1775852880,"{""time"":1775852880,""calories"":2}",1775859535
6173302506,hlth.gen_150127125725276,calories,1775852880,"{""time"":1775852880,""calories"":2.6399999}",1775859532
6173302506,hlth.gen_150127125725276,steps,1775852880,"{""time"":1775852880,""steps"":66,""distance"":39,""calories"":2.6399999}",1775859497
6173302506,985021106,intensity,1775852880,"{""time"":1775852880}",1775859646
6173302506,985021106,calories,1775852820,"{""time"":1775852820,""calories"":2}",1775859535
6173302506,hlth.gen_150127125725276,calories,1775852820,"{""time"":1775852820,""calories"":3.04}",1775859532
6173302506,hlth.gen_150127125725276,steps,1775852820,"{""time"":1775852820,""steps"":76,""distance"":45,""calories"":3.04}",1775859497
6173302506,hlth.gen_150127125725276,steps,1775852760,"{""time"":1775852760,""steps"":23,""distance"":13,""calories"":0.91999996}",1775859497
6173302506,985021106,calories,1775852760,"{""time"":1775852760,""calories"":2}",1775859535
6173302506,hlth.gen_150127125725276,calories,1775852760,"{""time"":1775852760,""calories"":0.91999996}",1775859532
6173302506,hlth.gen_150127125725276,steps,1775852640,"{""time"":1775852640,""steps"":16,""distance"":9,""calories"":0.64}",1775859497
6173302506,985021106,calories,1775852640,"{""time"":1775852640,""calories"":2}",1775859535
6173302506,hlth.gen_150127125725276,calories,1775852640,"{""time"":1775852640,""calories"":0.64}",1775859532
6173302506,985021106,calories,1775852580,"{""time"":1775852580,""calories"":3}",1775859535
6173302506,985021106,calories,1775852520,"{""time"":1775852520,""calories"":1}",1775859535
6173302506,985021106,heart_rate,1775852520,"{""time"":1775852520,""bpm"":117,""type"":0}",1775859336
6173302506,985021106,calories,1775852160,"{""time"":1775852160,""calories"":1}",1775859535
6173302506,985021106,calories,1775851980,"{""time"":1775851980,""calories"":1}",1775859535
6173302506,985021106,heart_rate,1775851920,"{""time"":1775851920,""bpm"":107,""type"":0}",1775859336
6173302506,985021106,calories,1775851920,"{""time"":1775851920,""calories"":3}",1775859535
6173302506,985021106,calories,1775851860,"{""time"":1775851860,""calories"":2}",1775859535
6173302506,985021106,calories,1775851440,"{""time"":1775851440,""calories"":1}",1775859535
6173302506,985021106,heart_rate,1775851320,"{""time"":1775851320,""bpm"":103,""type"":0}",1775859336
6173302506,985021106,calories,1775851320,"{""time"":1775851320,""calories"":1}",1775859535
6173302506,985021106,body_momentum,1775851200,"{""body_momentum"":0,""time"":1775851200}",1775859684
6173302506,985021106,light_sensitivity_value,1775851200,"{""light_sensitivity_value"":0,""time"":1775851200}",1775859671
6173302506,985021106,light_sensitivity_value,1775851140,"{""light_sensitivity_value"":0,""time"":1775851140}",1775859671
6173302506,985021106,body_momentum,1775851140,"{""body_momentum"":0,""time"":1775851140}",1775859684
6173302506,985021106,light_sensitivity_value,1775851080,"{""light_sensitivity_value"":0,""time"":1775851080}",1775859671
6173302506,985021106,body_momentum,1775851080,"{""body_momentum"":0,""time"":1775851080}",1775859684
6173302506,985021106,body_momentum,1775851020,"{""body_momentum"":0,""time"":1775851020}",1775859684
6173302506,985021106,light_sensitivity_value,1775851020,"{""light_sensitivity_value"":0,""time"":1775851020}",1775859671
6173302506,985021106,light_sensitivity_value,1775850960,"{""light_sensitivity_value"":0,""time"":1775850960}",1775859671
6173302506,985021106,body_momentum,1775850960,"{""body_momentum"":0,""time"":1775850960}",1775859684
6173302506,985021106,light_sensitivity_value,1775850900,"{""light_sensitivity_value"":0,""time"":1775850900}",1775859671
6173302506,985021106,body_momentum,1775850900,"{""body_momentum"":0,""time"":1775850900}",1775859684
6173302506,985021106,light_sensitivity_value,1775850840,"{""light_sensitivity_value"":0,""time"":1775850840}",1775859671
6173302506,985021106,body_momentum,1775850840,"{""body_momentum"":0,""time"":1775850840}",1775859684
6173302506,985021106,light_sensitivity_value,1775850780,"{""light_sensitivity_value"":0,""time"":1775850780}",1775859671
6173302506,985021106,body_momentum,1775850780,"{""body_momentum"":0,""time"":1775850780}",1775859684
6173302506,985021106,light_sensitivity_value,1775850720,"{""light_sensitivity_value"":0,""time"":1775850720}",1775859671
6173302506,985021106,body_momentum,1775850720,"{""body_momentum"":0,""time"":1775850720}",1775859684
6173302506,985021106,light_sensitivity_value,1775850660,"{""light_sensitivity_value"":0,""time"":1775850660}",1775859671
6173302506,985021106,body_momentum,1775850660,"{""body_momentum"":0,""time"":1775850660}",1775859684
6173302506,985021106,light_sensitivity_value,1775850600,"{""light_sensitivity_value"":0,""time"":1775850600}",1775859671
6173302506,985021106,body_momentum,1775850600,"{""body_momentum"":0,""time"":1775850600}",1775859684
6173302506,985021106,light_sensitivity_value,1775850540,"{""light_sensitivity_value"":0,""time"":1775850540}",1775859671
6173302506,985021106,body_momentum,1775850540,"{""body_momentum"":0,""time"":1775850540}",1775859684
6173302506,985021106,light_sensitivity_value,1775850480,"{""light_sensitivity_value"":0,""time"":1775850480}",1775859671
6173302506,985021106,body_momentum,1775850480,"{""body_momentum"":0,""time"":1775850480}",1775859684
6173302506,985021106,light_sensitivity_value,1775850420,"{""light_sensitivity_value"":0,""time"":1775850420}",1775859671
6173302506,985021106,body_momentum,1775850420,"{""body_momentum"":0,""time"":1775850420}",1775859684
6173302506,985021106,light_sensitivity_value,1775850360,"{""light_sensitivity_value"":0,""time"":1775850360}",1775859671
6173302506,985021106,body_momentum,1775850360,"{""body_momentum"":0,""time"":1775850360}",1775859684
6173302506,985021106,light_sensitivity_value,1775850300,"{""light_sensitivity_value"":0,""time"":1775850300}",1775859671
6173302506,985021106,body_momentum,1775850300,"{""body_momentum"":0,""time"":1775850300}",1775859684
6173302506,985021106,light_sensitivity_value,1775850240,"{""light_sensitivity_value"":0,""time"":1775850240}",1775859671
6173302506,985021106,body_momentum,1775850240,"{""body_momentum"":0,""time"":1775850240}",1775859684
6173302506,985021106,light_sensitivity_value,1775850180,"{""light_sensitivity_value"":0,""time"":1775850180}",1775859671
6173302506,985021106,body_momentum,1775850180,"{""body_momentum"":0,""time"":1775850180}",1775859684
6173302506,985021106,light_sensitivity_value,1775850120,"{""light_sensitivity_value"":0,""time"":1775850120}",1775859671
6173302506,985021106,body_momentum,1775850120,"{""body_momentum"":0,""time"":1775850120}",1775859684
6173302506,985021106,light_sensitivity_value,1775850060,"{""light_sensitivity_value"":0,""time"":1775850060}",1775859671
6173302506,985021106,body_momentum,1775850060,"{""body_momentum"":0,""time"":1775850060}",1775859684
6173302506,985021106,light_sensitivity_value,1775850000,"{""light_sensitivity_value"":0,""time"":1775850000}",1775859671
6173302506,985021106,body_momentum,1775850000,"{""body_momentum"":0,""time"":1775850000}",1775859684
6173302506,985021106,light_sensitivity_value,1775849940,"{""light_sensitivity_value"":0,""time"":1775849940}",1775859671
6173302506,985021106,body_momentum,1775849940,"{""body_momentum"":0,""time"":1775849940}",1775859684
6173302506,985021106,light_sensitivity_value,1775849880,"{""light_sensitivity_value"":0,""time"":1775849880}",1775859671
6173302506,985021106,body_momentum,1775849880,"{""body_momentum"":0,""time"":1775849880}",1775859684
6173302506,985021106,light_sensitivity_value,1775849820,"{""light_sensitivity_value"":0,""time"":1775849820}",1775859671
6173302506,985021106,body_momentum,1775849820,"{""body_momentum"":0,""time"":1775849820}",1775859684
6173302506,985021106,light_sensitivity_value,1775849760,"{""light_sensitivity_value"":0,""time"":1775849760}",1775859671
6173302506,985021106,body_momentum,1775849760,"{""body_momentum"":0,""time"":1775849760}",1775859684
6173302506,985021106,light_sensitivity_value,1775849700,"{""light_sensitivity_value"":0,""time"":1775849700}",1775859671
6173302506,985021106,body_momentum,1775849700,"{""body_momentum"":0,""time"":1775849700}",1775859684
6173302506,985021106,light_sensitivity_value,1775849640,"{""light_sensitivity_value"":0,""time"":1775849640}",1775859671
6173302506,985021106,body_momentum,1775849640,"{""body_momentum"":0,""time"":1775849640}",1775859684
6173302506,985021106,light_sensitivity_value,1775849580,"{""light_sensitivity_value"":0,""time"":1775849580}",1775859671
6173302506,985021106,body_momentum,1775849580,"{""body_momentum"":0,""time"":1775849580}",1775859684
6173302506,985021106,light_sensitivity_value,1775849520,"{""light_sensitivity_value"":0,""time"":1775849520}",1775859671
6173302506,985021106,body_momentum,1775849520,"{""body_momentum"":0,""time"":1775849520}",1775859684
6173302506,985021106,light_sensitivity_value,1775849460,"{""light_sensitivity_value"":0,""time"":1775849460}",1775859671
6173302506,985021106,body_momentum,1775849460,"{""body_momentum"":0,""time"":1775849460}",1775859684
6173302506,985021106,light_sensitivity_value,1775849400,"{""light_sensitivity_value"":0,""time"":1775849400}",1775859671
6173302506,985021106,body_momentum,1775849400,"{""body_momentum"":0,""time"":1775849400}",1775859684
6173302506,985021106,light_sensitivity_value,1775849340,"{""light_sensitivity_value"":0,""time"":1775849340}",1775859671
6173302506,985021106,body_momentum,1775849340,"{""body_momentum"":0,""time"":1775849340}",1775859684
6173302506,985021106,light_sensitivity_value,1775849280,"{""light_sensitivity_value"":0,""time"":1775849280}",1775859671
6173302506,985021106,body_momentum,1775849280,"{""body_momentum"":0,""time"":1775849280}",1775859684
6173302506,985021106,light_sensitivity_value,1775849220,"{""light_sensitivity_value"":0,""time"":1775849220}",1775859671
6173302506,985021106,body_momentum,1775849220,"{""body_momentum"":0,""time"":1775849220}",1775859684
6173302506,985021106,light_sensitivity_value,1775849160,"{""light_sensitivity_value"":0,""time"":1775849160}",1775859671
6173302506,985021106,body_momentum,1775849160,"{""body_momentum"":0,""time"":1775849160}",1775859684
6173302506,985021106,light_sensitivity_value,1775849100,"{""light_sensitivity_value"":0,""time"":1775849100}",1775859671
6173302506,985021106,body_momentum,1775849100,"{""body_momentum"":0,""time"":1775849100}",1775859684
6173302506,985021106,light_sensitivity_value,1775849040,"{""light_sensitivity_value"":0,""time"":1775849040}",1775859671
6173302506,985021106,body_momentum,1775849040,"{""body_momentum"":0,""time"":1775849040}",1775859684
6173302506,985021106,light_sensitivity_value,1775848980,"{""light_sensitivity_value"":0,""time"":1775848980}",1775859671
6173302506,985021106,body_momentum,1775848980,"{""body_momentum"":0,""time"":1775848980}",1775859684
6173302506,985021106,light_sensitivity_value,1775848920,"{""light_sensitivity_value"":0,""time"":1775848920}",1775859671
6173302506,985021106,body_momentum,1775848920,"{""body_momentum"":0,""time"":1775848920}",1775859684
6173302506,985021106,light_sensitivity_value,1775848860,"{""light_sensitivity_value"":0,""time"":1775848860}",1775859671
6173302506,985021106,body_momentum,1775848860,"{""body_momentum"":0,""time"":1775848860}",1775859684
6173302506,985021106,light_sensitivity_value,1775848800,"{""light_sensitivity_value"":0,""time"":1775848800}",1775859671
6173302506,985021106,body_momentum,1775848800,"{""body_momentum"":0,""time"":1775848800}",1775859684
6173302506,985021106,light_sensitivity_value,1775848740,"{""light_sensitivity_value"":0,""time"":1775848740}",1775859671
6173302506,985021106,body_momentum,1775848740,"{""body_momentum"":0,""time"":1775848740}",1775859684
6173302506,985021106,light_sensitivity_value,1775848680,"{""light_sensitivity_value"":0,""time"":1775848680}",1775859671
6173302506,985021106,body_momentum,1775848680,"{""body_momentum"":0,""time"":1775848680}",1775859684
6173302506,985021106,light_sensitivity_value,1775848620,"{""light_sensitivity_value"":0,""time"":1775848620}",1775859671
6173302506,985021106,body_momentum,1775848620,"{""body_momentum"":0,""time"":1775848620}",1775859684
6173302506,985021106,light_sensitivity_value,1775848560,"{""light_sensitivity_value"":0,""time"":1775848560}",1775859671
6173302506,985021106,body_momentum,1775848560,"{""body_momentum"":0,""time"":1775848560}",1775859684
6173302506,985021106,light_sensitivity_value,1775848500,"{""light_sensitivity_value"":0,""time"":1775848500}",1775859671
6173302506,985021106,body_momentum,1775848500,"{""body_momentum"":0,""time"":1775848500}",1775859684
6173302506,985021106,light_sensitivity_value,1775848440,"{""light_sensitivity_value"":0,""time"":1775848440}",1775859671
6173302506,985021106,body_momentum,1775848440,"{""body_momentum"":0,""time"":1775848440}",1775859684
6173302506,985021106,light_sensitivity_value,1775848380,"{""light_sensitivity_value"":0,""time"":1775848380}",1775859671
6173302506,985021106,body_momentum,1775848380,"{""body_momentum"":0,""time"":1775848380}",1775859684
6173302506,985021106,light_sensitivity_value,1775848320,"{""light_sensitivity_value"":0,""time"":1775848320}",1775859671
6173302506,985021106,body_momentum,1775848320,"{""body_momentum"":0,""time"":1775848320}",1775859684
6173302506,985021106,light_sensitivity_value,1775848260,"{""light_sensitivity_value"":0,""time"":1775848260}",1775859671
6173302506,985021106,body_momentum,1775848260,"{""body_momentum"":0,""time"":1775848260}",1775859684
6173302506,985021106,light_sensitivity_value,1775848200,"{""light_sensitivity_value"":0,""time"":1775848200}",1775859671
6173302506,985021106,body_momentum,1775848200,"{""body_momentum"":0,""time"":1775848200}",1775859684
6173302506,985021106,light_sensitivity_value,1775848140,"{""light_sensitivity_value"":0,""time"":1775848140}",1775859671
6173302506,985021106,body_momentum,1775848140,"{""body_momentum"":0,""time"":1775848140}",1775859684
6173302506,985021106,light_sensitivity_value,1775848080,"{""light_sensitivity_value"":0,""time"":1775848080}",1775859671
6173302506,985021106,body_momentum,1775848080,"{""body_momentum"":0,""time"":1775848080}",1775859684
6173302506,985021106,light_sensitivity_value,1775848020,"{""light_sensitivity_value"":0,""time"":1775848020}",1775859671
6173302506,985021106,body_momentum,1775848020,"{""body_momentum"":0,""time"":1775848020}",1775859684
6173302506,985021106,light_sensitivity_value,1775847960,"{""light_sensitivity_value"":0,""time"":1775847960}",1775859671
6173302506,985021106,body_momentum,1775847960,"{""body_momentum"":0,""time"":1775847960}",1775859684
6173302506,985021106,light_sensitivity_value,1775847900,"{""light_sensitivity_value"":0,""time"":1775847900}",1775859671
6173302506,985021106,body_momentum,1775847900,"{""body_momentum"":0,""time"":1775847900}",1775859684
6173302506,985021106,light_sensitivity_value,1775847840,"{""light_sensitivity_value"":0,""time"":1775847840}",1775859671
6173302506,985021106,body_momentum,1775847840,"{""body_momentum"":0,""time"":1775847840}",1775859684
6173302506,985021106,light_sensitivity_value,1775847780,"{""light_sensitivity_value"":0,""time"":1775847780}",1775859671
6173302506,985021106,body_momentum,1775847780,"{""body_momentum"":0,""time"":1775847780}",1775859684
6173302506,985021106,light_sensitivity_value,1775847720,"{""light_sensitivity_value"":0,""time"":1775847720}",1775859671
6173302506,985021106,body_momentum,1775847720,"{""body_momentum"":0,""time"":1775847720}",1775859684
6173302506,985021106,light_sensitivity_value,1775847660,"{""light_sensitivity_value"":0,""time"":1775847660}",1775859671
6173302506,985021106,body_momentum,1775847660,"{""body_momentum"":0,""time"":1775847660}",1775859684
6173302506,985021106,valid_stand,1775847600,"{""end_time"":1775851200,""start_time"":1775847600}",1775864420
6173302506,985021106,light_sensitivity_value,1775847600,"{""light_sensitivity_value"":0,""time"":1775847600}",1775859671
6173302506,985021106,body_momentum,1775847600,"{""body_momentum"":0,""time"":1775847600}",1775859684
6173302506,985021106,light_sensitivity_value,1775847540,"{""light_sensitivity_value"":0,""time"":1775847540}",1775859671
6173302506,985021106,body_momentum,1775847540,"{""body_momentum"":0,""time"":1775847540}",1775859684
6173302506,985021106,light_sensitivity_value,1775847480,"{""light_sensitivity_value"":0,""time"":1775847480}",1775859671
6173302506,985021106,body_momentum,1775847480,"{""body_momentum"":0,""time"":1775847480}",1775859684
6173302506,985021106,light_sensitivity_value,1775847420,"{""light_sensitivity_value"":0,""time"":1775847420}",1775859670
6173302506,985021106,body_momentum,1775847420,"{""body_momentum"":0,""time"":1775847420}",1775859684
6173302506,985021106,light_sensitivity_value,1775847360,"{""light_sensitivity_value"":0,""time"":1775847360}",1775859670
6173302506,985021106,body_momentum,1775847360,"{""body_momentum"":0,""time"":1775847360}",1775859684
6173302506,985021106,light_sensitivity_value,1775847300,"{""light_sensitivity_value"":0,""time"":1775847300}",1775859670
6173302506,985021106,body_momentum,1775847300,"{""body_momentum"":0,""time"":1775847300}",1775859684
6173302506,985021106,light_sensitivity_value,1775847240,"{""light_sensitivity_value"":0,""time"":1775847240}",1775859670
6173302506,985021106,body_momentum,1775847240,"{""body_momentum"":0,""time"":1775847240}",1775859684
6173302506,985021106,light_sensitivity_value,1775847180,"{""light_sensitivity_value"":0,""time"":1775847180}",1775859670
6173302506,985021106,body_momentum,1775847180,"{""body_momentum"":0,""time"":1775847180}",1775859684
6173302506,985021106,light_sensitivity_value,1775847120,"{""light_sensitivity_value"":0,""time"":1775847120}",1775859670
6173302506,985021106,body_momentum,1775847120,"{""body_momentum"":0,""time"":1775847120}",1775859684
6173302506,985021106,light_sensitivity_value,1775847060,"{""light_sensitivity_value"":0,""time"":1775847060}",1775859670
6173302506,985021106,body_momentum,1775847060,"{""body_momentum"":0,""time"":1775847060}",1775859684
6173302506,985021106,light_sensitivity_value,1775847000,"{""light_sensitivity_value"":0,""time"":1775847000}",1775859670
6173302506,985021106,body_momentum,1775847000,"{""body_momentum"":0,""time"":1775847000}",1775859684
6173302506,985021106,light_sensitivity_value,1775846940,"{""light_sensitivity_value"":0,""time"":1775846940}",1775859670
6173302506,985021106,body_momentum,1775846940,"{""body_momentum"":0,""time"":1775846940}",1775859684
6173302506,985021106,light_sensitivity_value,1775846880,"{""light_sensitivity_value"":0,""time"":1775846880}",1775859670
6173302506,985021106,body_momentum,1775846880,"{""body_momentum"":0,""time"":1775846880}",1775859684
6173302506,985021106,light_sensitivity_value,1775846820,"{""light_sensitivity_value"":0,""time"":1775846820}",1775859670
6173302506,985021106,body_momentum,1775846820,"{""body_momentum"":0,""time"":1775846820}",1775859684
6173302506,985021106,light_sensitivity_value,1775846760,"{""light_sensitivity_value"":0,""time"":1775846760}",1775859670
6173302506,985021106,body_momentum,1775846760,"{""body_momentum"":0,""time"":1775846760}",1775859684
6173302506,985021106,light_sensitivity_value,1775846700,"{""light_sensitivity_value"":0,""time"":1775846700}",1775859670
6173302506,985021106,body_momentum,1775846700,"{""body_momentum"":0,""time"":1775846700}",1775859684
6173302506,985021106,light_sensitivity_value,1775846640,"{""light_sensitivity_value"":0,""time"":1775846640}",1775859670
6173302506,985021106,body_momentum,1775846640,"{""body_momentum"":0,""time"":1775846640}",1775859684
6173302506,985021106,light_sensitivity_value,1775846580,"{""light_sensitivity_value"":0,""time"":1775846580}",1775859670
6173302506,985021106,body_momentum,1775846580,"{""body_momentum"":0,""time"":1775846580}",1775859684
6173302506,985021106,light_sensitivity_value,1775846520,"{""light_sensitivity_value"":0,""time"":1775846520}",1775859670
6173302506,985021106,body_momentum,1775846520,"{""body_momentum"":0,""time"":1775846520}",1775859683
6173302506,985021106,light_sensitivity_value,1775846460,"{""light_sensitivity_value"":0,""time"":1775846460}",1775859670
6173302506,985021106,body_momentum,1775846460,"{""body_momentum"":0,""time"":1775846460}",1775859683
6173302506,985021106,light_sensitivity_value,1775846400,"{""light_sensitivity_value"":0,""time"":1775846400}",1775859670
6173302506,985021106,body_momentum,1775846400,"{""body_momentum"":0,""time"":1775846400}",1775859683
6173302506,985021106,light_sensitivity_value,1775846340,"{""light_sensitivity_value"":0,""time"":1775846340}",1775859670
6173302506,985021106,body_momentum,1775846340,"{""body_momentum"":0,""time"":1775846340}",1775859683
6173302506,985021106,light_sensitivity_value,1775846280,"{""light_sensitivity_value"":0,""time"":1775846280}",1775859670
6173302506,985021106,body_momentum,1775846280,"{""body_momentum"":0,""time"":1775846280}",1775859683
6173302506,985021106,light_sensitivity_value,1775846220,"{""light_sensitivity_value"":0,""time"":1775846220}",1775859670
6173302506,985021106,body_momentum,1775846220,"{""body_momentum"":0,""time"":1775846220}",1775859683
6173302506,985021106,light_sensitivity_value,1775846160,"{""light_sensitivity_value"":0,""time"":1775846160}",1775859670
6173302506,985021106,body_momentum,1775846160,"{""body_momentum"":0,""time"":1775846160}",1775859683
6173302506,985021106,light_sensitivity_value,1775846100,"{""light_sensitivity_value"":0,""time"":1775846100}",1775859670
6173302506,985021106,body_momentum,1775846100,"{""body_momentum"":0,""time"":1775846100}",1775859683
6173302506,985021106,light_sensitivity_value,1775846040,"{""light_sensitivity_value"":0,""time"":1775846040}",1775859670
6173302506,985021106,body_momentum,1775846040,"{""body_momentum"":0,""time"":1775846040}",1775859683
6173302506,985021106,light_sensitivity_value,1775845980,"{""light_sensitivity_value"":0,""time"":1775845980}",1775859670
6173302506,985021106,body_momentum,1775845980,"{""body_momentum"":0,""time"":1775845980}",1775859683
6173302506,985021106,light_sensitivity_value,1775845920,"{""light_sensitivity_value"":0,""time"":1775845920}",1775859670
6173302506,985021106,body_momentum,1775845920,"{""body_momentum"":0,""time"":1775845920}",1775859683
6173302506,985021106,light_sensitivity_value,1775845860,"{""light_sensitivity_value"":0,""time"":1775845860}",1775859670
6173302506,985021106,body_momentum,1775845860,"{""body_momentum"":0,""time"":1775845860}",1775859683
6173302506,985021106,light_sensitivity_value,1775845800,"{""light_sensitivity_value"":0,""time"":1775845800}",1775859670
6173302506,985021106,body_momentum,1775845800,"{""body_momentum"":0,""time"":1775845800}",1775859683
6173302506,985021106,light_sensitivity_value,1775845740,"{""light_sensitivity_value"":0,""time"":1775845740}",1775859670
6173302506,985021106,body_momentum,1775845740,"{""body_momentum"":0,""time"":1775845740}",1775859683
6173302506,985021106,light_sensitivity_value,1775845680,"{""light_sensitivity_value"":0,""time"":1775845680}",1775859670
6173302506,985021106,body_momentum,1775845680,"{""body_momentum"":0,""time"":1775845680}",1775859683
6173302506,985021106,light_sensitivity_value,1775845620,"{""light_sensitivity_value"":0,""time"":1775845620}",1775859670
6173302506,985021106,body_momentum,1775845620,"{""body_momentum"":0,""time"":1775845620}",1775859683
6173302506,985021106,light_sensitivity_value,1775845560,"{""light_sensitivity_value"":0,""time"":1775845560}",1775859670
6173302506,985021106,body_momentum,1775845560,"{""body_momentum"":0,""time"":1775845560}",1775859683
6173302506,985021106,light_sensitivity_value,1775845500,"{""light_sensitivity_value"":0,""time"":1775845500}",1775859670
6173302506,985021106,body_momentum,1775845500,"{""body_momentum"":0,""time"":1775845500}",1775859683
6173302506,985021106,light_sensitivity_value,1775845440,"{""light_sensitivity_value"":0,""time"":1775845440}",1775859670
6173302506,985021106,body_momentum,1775845440,"{""body_momentum"":0,""time"":1775845440}",1775859683
6173302506,985021106,light_sensitivity_value,1775845380,"{""light_sensitivity_value"":0,""time"":1775845380}",1775859670
6173302506,985021106,body_momentum,1775845380,"{""body_momentum"":0,""time"":1775845380}",1775859683
6173302506,985021106,light_sensitivity_value,1775845320,"{""light_sensitivity_value"":0,""time"":1775845320}",1775859670
6173302506,985021106,body_momentum,1775845320,"{""body_momentum"":0,""time"":1775845320}",1775859683
6173302506,985021106,light_sensitivity_value,1775845260,"{""light_sensitivity_value"":0,""time"":1775845260}",1775859670
6173302506,985021106,body_momentum,1775845260,"{""body_momentum"":0,""time"":1775845260}",1775859683
6173302506,985021106,light_sensitivity_value,1775845200,"{""light_sensitivity_value"":0,""time"":1775845200}",1775859670
6173302506,985021106,body_momentum,1775845200,"{""body_momentum"":0,""time"":1775845200}",1775859683
6173302506,985021106,light_sensitivity_value,1775845140,"{""light_sensitivity_value"":0,""time"":1775845140}",1775859670
6173302506,985021106,body_momentum,1775845140,"{""body_momentum"":0,""time"":1775845140}",1775859683
6173302506,985021106,light_sensitivity_value,1775845080,"{""light_sensitivity_value"":0,""time"":1775845080}",1775859670
6173302506,985021106,body_momentum,1775845080,"{""body_momentum"":0,""time"":1775845080}",1775859683
6173302506,985021106,light_sensitivity_value,1775845020,"{""light_sensitivity_value"":0,""time"":1775845020}",1775859670
6173302506,985021106,body_momentum,1775845020,"{""body_momentum"":0,""time"":1775845020}",1775859683
6173302506,985021106,light_sensitivity_value,1775844960,"{""light_sensitivity_value"":0,""time"":1775844960}",1775859670
6173302506,985021106,body_momentum,1775844960,"{""body_momentum"":0,""time"":1775844960}",1775859683
6173302506,985021106,light_sensitivity_value,1775844900,"{""light_sensitivity_value"":0,""time"":1775844900}",1775859670
6173302506,985021106,body_momentum,1775844900,"{""body_momentum"":0,""time"":1775844900}",1775859683
6173302506,985021106,light_sensitivity_value,1775844840,"{""light_sensitivity_value"":0,""time"":1775844840}",1775859670
6173302506,985021106,body_momentum,1775844840,"{""body_momentum"":0,""time"":1775844840}",1775859683
6173302506,985021106,light_sensitivity_value,1775844780,"{""light_sensitivity_value"":0,""time"":1775844780}",1775859670
6173302506,985021106,body_momentum,1775844780,"{""body_momentum"":0,""time"":1775844780}",1775859683
6173302506,985021106,light_sensitivity_value,1775844720,"{""light_sensitivity_value"":0,""time"":1775844720}",1775859670
6173302506,985021106,body_momentum,1775844720,"{""body_momentum"":0,""time"":1775844720}",1775859683
6173302506,985021106,light_sensitivity_value,1775844660,"{""light_sensitivity_value"":0,""time"":1775844660}",1775859670
6173302506,985021106,body_momentum,1775844660,"{""body_momentum"":0,""time"":1775844660}",1775859683
6173302506,985021106,light_sensitivity_value,1775844600,"{""light_sensitivity_value"":0,""time"":1775844600}",1775859670
6173302506,985021106,body_momentum,1775844600,"{""body_momentum"":0,""time"":1775844600}",1775859683
6173302506,985021106,light_sensitivity_value,1775844540,"{""light_sensitivity_value"":0,""time"":1775844540}",1775859670
6173302506,985021106,body_momentum,1775844540,"{""body_momentum"":0,""time"":1775844540}",1775859683
6173302506,985021106,light_sensitivity_value,1775844480,"{""light_sensitivity_value"":0,""time"":1775844480}",1775859670
6173302506,985021106,body_momentum,1775844480,"{""body_momentum"":0,""time"":1775844480}",1775859683
6173302506,985021106,light_sensitivity_value,1775844420,"{""light_sensitivity_value"":0,""time"":1775844420}",1775859670
6173302506,985021106,body_momentum,1775844420,"{""body_momentum"":0,""time"":1775844420}",1775859683
6173302506,985021106,light_sensitivity_value,1775844360,"{""light_sensitivity_value"":0,""time"":1775844360}",1775859670
6173302506,985021106,body_momentum,1775844360,"{""body_momentum"":0,""time"":1775844360}",1775859683
6173302506,985021106,light_sensitivity_value,1775844300,"{""light_sensitivity_value"":0,""time"":1775844300}",1775859670
6173302506,985021106,body_momentum,1775844300,"{""body_momentum"":0,""time"":1775844300}",1775859683
6173302506,985021106,light_sensitivity_value,1775844240,"{""light_sensitivity_value"":0,""time"":1775844240}",1775859670
6173302506,985021106,body_momentum,1775844240,"{""body_momentum"":0,""time"":1775844240}",1775859683
6173302506,985021106,calories,1775851140,"{""time"":1775851140,""calories"":1}",1775859535
6173302506,hlth.gen_150127125725276,steps,1775851080,"{""time"":1775851080,""steps"":12,""distance"":7,""calories"":0.48}",1775859497
6173302506,985021106,calories,1775851080,"{""time"":1775851080,""calories"":2}",1775859535
6173302506,985021106,steps,1775851080,"{""time"":1775851080,""steps"":20,""distance"":12,""calories"":2}",1775859497
6173302506,hlth.gen_150127125725276,calories,1775851080,"{""time"":1775851080,""calories"":0.48}",1775859532
6173302506,hlth.gen_150127125725276,steps,1775851020,"{""time"":1775851020,""steps"":32,""distance"":19,""calories"":1.28}",1775859497
6173302506,hlth.gen_150127125725276,calories,1775851020,"{""time"":1775851020,""calories"":1.28}",1775859532
6173302506,985021106,calories,1775851020,"{""time"":1775851020,""calories"":1}",1775859535
6173302506,985021106,steps,1775851020,"{""time"":1775851020,""steps"":17,""distance"":11,""calories"":1}",1775859497
6173302506,985021106,calories,1775850900,"{""time"":1775850900,""calories"":1}",1775859535
6173302506,985021106,heart_rate,1775850720,"{""time"":1775850720,""bpm"":99,""type"":0}",1775859336
6173302506,985021106,calories,1775850600,"{""time"":1775850600,""calories"":1}",1775859535
6173302506,985021106,calories,1775850360,"{""time"":1775850360,""calories"":1}",1775859535
6173302506,985021106,heart_rate,1775850120,"{""time"":1775850120,""bpm"":102,""type"":0}",1775859336
6173302506,985021106,calories,1775850000,"{""time"":1775850000,""calories"":1}",1775859535
6173302506,985021106,calories,1775849880,"{""time"":1775849880,""calories"":2}",1775859535
6173302506,985021106,calories,1775849760,"{""time"":1775849760,""calories"":1}",1775859535
6173302506,985021106,steps,1775849700,"{""time"":1775849700,""steps"":2,""distance"":1,""calories"":1}",1775859497
6173302506,985021106,calories,1775849700,"{""time"":1775849700,""calories"":1}",1775859535
6173302506,985021106,steps,1775849640,"{""time"":1775849640,""steps"":82,""distance"":52,""calories"":1}",1775859497
6173302506,985021106,calories,1775849640,"{""time"":1775849640,""calories"":1}",1775859535
6173302506,985021106,calories,1775849580,"{""time"":1775849580,""calories"":1}",1775859535
6173302506,985021106,heart_rate,1775849520,"{""time"":1775849520,""bpm"":109,""type"":0}",1775859336
6173302506,985021106,calories,1775849280,"{""time"":1775849280,""calories"":1}",1775859535
6173302506,985021106,calories,1775849220,"{""time"":1775849220,""calories"":2}",1775859535
6173302506,985021106,calories,1775849040,"{""time"":1775849040,""calories"":1}",1775859535
6173302506,985021106,calories,1775848920,"{""time"":1775848920,""calories"":1}",1775859535
6173302506,985021106,calories,1775848800,"{""time"":1775848800,""calories"":1}",1775859535
6173302506,985021106,calories,1775848740,"{""time"":1775848740,""calories"":1}",1775859535
6173302506,985021106,steps,1775848740,"{""time"":1775848740,""steps"":18,""distance"":11,""calories"":1}",1775859497
6173302506,985021106,calories,1775848680,"{""time"":1775848680,""calories"":2}",1775859535
6173302506,985021106,steps,1775848680,"{""time"":1775848680,""steps"":17,""distance"":11,""calories"":2}",1775859497
6173302506,985021106,steps,1775848620,"{""time"":1775848620,""steps"":43,""distance"":27,""calories"":2}",1775859497
6173302506,985021106,calories,1775848620,"{""time"":1775848620,""calories"":2}",1775859535
6173302506,985021106,calories,1775848560,"{""time"":1775848560,""calories"":1}",1775859535
6173302506,985021106,steps,1775848500,"{""time"":1775848500,""steps"":8,""distance"":5,""calories"":2}",1775859497
6173302506,985021106,calories,1775848500,"{""time"":1775848500,""calories"":2}",1775859535
6173302506,985021106,calories,1775848380,"{""time"":1775848380,""calories"":1}",1775859535
6173302506,985021106,heart_rate,1775848320,"{""time"":1775848320,""bpm"":107,""type"":0}",1775859336
6173302506,985021106,calories,1775848260,"{""time"":1775848260,""calories"":1}",1775859535
6173302506,985021106,calories,1775848080,"{""time"":1775848080,""calories"":2}",1775859535
6173302506,985021106,calories,1775848020,"{""time"":1775848020,""calories"":1}",1775859535
6173302506,985021106,calories,1775847900,"{""time"":1775847900,""calories"":1}",1775859535
6173302506,985021106,calories,1775847840,"{""time"":1775847840,""calories"":1}",1775859535
6173302506,985021106,calories,1775847780,"{""time"":1775847780,""calories"":1}",1775859535
6173302506,985021106,heart_rate,1775847720,"{""time"":1775847720,""bpm"":107,""type"":0}",1775859336
6173302506,985021106,calories,1775847720,"{""time"":1775847720,""calories"":1}",1775859535
6173302506,985021106,steps,1775847600,"{""time"":1775847600,""steps"":18,""distance"":11,""calories"":1}",1775859497
6173302506,985021106,calories,1775847600,"{""time"":1775847600,""calories"":1}",1775859535
6173302506,985021106,calories,1775847540,"{""time"":1775847540,""calories"":1}",1775859535
6173302506,985021106,calories,1775847480,"{""time"":1775847480,""calories"":2}",1775859535
6173302506,985021106,calories,1775847420,"{""time"":1775847420,""calories"":1}",1775859535
6173302506,985021106,steps,1775847420,"{""time"":1775847420,""steps"":40,""distance"":25,""calories"":1}",1775859497
6173302506,985021106,calories,1775847360,"{""time"":1775847360,""calories"":2}",1775859535
6173302506,985021106,steps,1775847360,"{""time"":1775847360,""steps"":26,""distance"":16,""calories"":2}",1775859497
6173302506,985021106,calories,1775847300,"{""time"":1775847300,""calories"":1}",1775859535
6173302506,985021106,heart_rate,1775847120,"{""time"":1775847120,""bpm"":102,""type"":0}",1775859336
6173302506,985021106,calories,1775846700,"{""time"":1775846700,""calories"":1}",1775859535
6173302506,985021106,calories,1775846580,"{""time"":1775846580,""calories"":1}",1775859535
6173302506,985021106,calories,1775846520,"{""time"":1775846520,""calories"":2}",1775859535
6173302506,985021106,heart_rate,1775846520,"{""time"":1775846520,""bpm"":106,""type"":0}",1775859336
6173302506,985021106,steps,1775846520,"{""time"":1775846520,""steps"":58,""distance"":37,""calories"":2}",1775859497
6173302506,985021106,calories,1775846460,"{""time"":1775846460,""calories"":2}",1775859535
6173302506,985021106,steps,1775846460,"{""time"":1775846460,""steps"":50,""distance"":31,""calories"":2}",1775859497
6173302506,985021106,steps,1775846280,"{""time"":1775846280,""steps"":24,""distance"":15,""calories"":3}",1775859497
6173302506,hlth.gen_150127125725276,calories,1775846280,"{""time"":1775846280,""calories"":1.92}",1775859532
6173302506,hlth.gen_150127125725276,steps,1775846280,"{""time"":1775846280,""steps"":35,""distance"":20,""calories"":1.4}",1775859497
6173302506,985021106,calories,1775846280,"{""time"":1775846280,""calories"":3}",1775859535
6173302506,hlth.gen_150127125725276,calories,1775846220,"{""time"":1775846220,""calories"":1.4399999}",1775859532
6173302506,hlth.gen_150127125725276,steps,1775846220,"{""time"":1775846220,""steps"":36,""distance"":21,""calories"":1.4399999}",1775859497
6173302506,985021106,calories,1775846220,"{""time"":1775846220,""calories"":1}",1775859535
6173302506,985021106,calories,1775845920,"{""time"":1775845920,""calories"":1}",1775859535
6173302506,985021106,heart_rate,1775845920,"{""time"":1775845920,""bpm"":102,""type"":0}",1775859336
6173302506,hlth.gen_150127125725276,calories,1775845800,"{""time"":1775845800,""calories"":0.48}",1775859532
6173302506,hlth.gen_150127125725276,steps,1775845800,"{""time"":1775845800,""steps"":12,""distance"":7,""calories"":0.48}",1775859497
6173302506,985021106,calories,1775845740,"{""time"":1775845740,""calories"":1}",1775859535
6173302506,985021106,heart_rate,1775845320,"{""time"":1775845320,""bpm"":101,""type"":0}",1775859336
6173302506,985021106,calories,1775845140,"{""time"":1775845140,""calories"":1}",1775859535
6173302506,985021106,steps,1775845080,"{""time"":1775845080,""steps"":17,""distance"":11,""calories"":1}",1775859497
6173302506,985021106,calories,1775845080,"{""time"":1775845080,""calories"":1}",1775859535
6173302506,985021106,calories,1775844960,"{""time"":1775844960,""calories"":1}",1775859535
6173302506,985021106,calories,1775844900,"{""time"":1775844900,""calories"":1}",1775859535
6173302506,hlth.gen_150127125725276,steps,1775844840,"{""time"":1775844840,""steps"":21,""distance"":12,""calories"":0.84}",1775859497
6173302506,985021106,calories,1775844840,"{""time"":1775844840,""calories"":1}",1775859535
6173302506,hlth.gen_150127125725276,calories,1775844840,"{""time"":1775844840,""calories"":0.84}",1775859532
6173302506,985021106,calories,1775844780,"{""time"":1775844780,""calories"":1}",1775859535
6173302506,985021106,heart_rate,1775844720,"{""time"":1775844720,""bpm"":104,""type"":0}",1775859336
6173302506,985021106,calories,1775844600,"{""time"":1775844600,""calories"":1}",1775859535
6173302506,hlth.gen_150127125725276,steps,1775844600,"{""time"":1775844600,""steps"":12,""distance"":7,""calories"":0.48}",1775859497
6173302506,hlth.gen_150127125725276,calories,1775844600,"{""time"":1775844600,""calories"":0.48}",1775859532
6173302506,985021106,steps,1775844600,"{""time"":1775844600,""steps"":19,""distance"":11,""calories"":1}",1775859497
6173302506,985021106,calories,1775844540,"{""time"":1775844540,""calories"":1}",1775859535
6173302506,985021106,calories,1775844360,"{""time"":1775844360,""calories"":1}",1775859535
6173302506,985021106,calories,1775844300,"{""time"":1775844300,""calories"":2}",1775859535
6173302506,985021106,body_momentum,1775844180,"{""body_momentum"":0,""time"":1775844180}",1775859683
6173302506,985021106,light_sensitivity_value,1775844180,"{""light_sensitivity_value"":0,""time"":1775844180}",1775859670
6173302506,985021106,body_momentum,1775844120,"{""body_momentum"":0,""time"":1775844120}",1775859683
6173302506,985021106,heart_rate,1775844120,"{""time"":1775844120,""bpm"":97,""type"":0}",1775859336
6173302506,985021106,calories,1775844120,"{""time"":1775844120,""calories"":1}",1775859535
6173302506,985021106,light_sensitivity_value,1775844120,"{""light_sensitivity_value"":0,""time"":1775844120}",1775859670
6173302506,985021106,body_momentum,1775844060,"{""body_momentum"":0,""time"":1775844060}",1775859683
6173302506,hlth.gen_150127125725276,steps,1775844060,"{""time"":1775844060,""steps"":21,""distance"":12,""calories"":0.84}",1775859497
6173302506,985021106,calories,1775844060,"{""time"":1775844060,""calories"":2}",1775859535
6173302506,hlth.gen_150127125725276,calories,1775844060,"{""time"":1775844060,""calories"":0.84}",1775859532
6173302506,985021106,light_sensitivity_value,1775844060,"{""light_sensitivity_value"":0,""time"":1775844060}",1775859670
6173302506,985021106,body_momentum,1775844000,"{""body_momentum"":0,""time"":1775844000}",1775859683
6173302506,985021106,light_sensitivity_value,1775844000,"{""light_sensitivity_value"":0,""time"":1775844000}",1775859670
6173302506,985021106,valid_stand,1775844000,"{""end_time"":1775847600,""start_time"":1775844000}",1775864420
6173302506,985021106,body_momentum,1775843940,"{""body_momentum"":0,""time"":1775843940}",1775859683
6173302506,985021106,light_sensitivity_value,1775843940,"{""light_sensitivity_value"":0,""time"":1775843940}",1775859670
6173302506,985021106,body_momentum,1775843880,"{""body_momentum"":0,""time"":1775843880}",1775859683
6173302506,985021106,light_sensitivity_value,1775843880,"{""light_sensitivity_value"":0,""time"":1775843880}",1775859670
6173302506,985021106,body_momentum,1775843820,"{""body_momentum"":0,""time"":1775843820}",1775859683
6173302506,985021106,light_sensitivity_value,1775843820,"{""light_sensitivity_value"":0,""time"":1775843820}",1775859669
6173302506,985021106,light_sensitivity_value,1775843760,"{""light_sensitivity_value"":0,""time"":1775843760}",1775859669
6173302506,985021106,body_momentum,1775843760,"{""body_momentum"":0,""time"":1775843760}",1775859683
6173302506,985021106,light_sensitivity_value,1775843700,"{""light_sensitivity_value"":0,""time"":1775843700}",1775859669
6173302506,985021106,body_momentum,1775843700,"{""body_momentum"":0,""time"":1775843700}",1775859683
6173302506,985021106,light_sensitivity_value,1775843640,"{""light_sensitivity_value"":0,""time"":1775843640}",1775859669
6173302506,985021106,body_momentum,1775843640,"{""body_momentum"":0,""time"":1775843640}",1775859683
6173302506,985021106,light_sensitivity_value,1775843580,"{""light_sensitivity_value"":0,""time"":1775843580}",1775859669
6173302506,985021106,body_momentum,1775843580,"{""body_momentum"":0,""time"":1775843580}",1775859683
6173302506,985021106,light_sensitivity_value,1775843520,"{""light_sensitivity_value"":0,""time"":1775843520}",1775859669
6173302506,985021106,body_momentum,1775843520,"{""body_momentum"":0,""time"":1775843520}",1775859683
6173302506,985021106,light_sensitivity_value,1775843460,"{""light_sensitivity_value"":0,""time"":1775843460}",1775859669
6173302506,985021106,body_momentum,1775843460,"{""body_momentum"":0,""time"":1775843460}",1775859683
6173302506,985021106,light_sensitivity_value,1775843400,"{""light_sensitivity_value"":0,""time"":1775843400}",1775859669
6173302506,985021106,body_momentum,1775843400,"{""body_momentum"":0,""time"":1775843400}",1775859683
6173302506,985021106,light_sensitivity_value,1775843340,"{""light_sensitivity_value"":0,""time"":1775843340}",1775859669
6173302506,985021106,body_momentum,1775843340,"{""body_momentum"":0,""time"":1775843340}",1775859683
6173302506,985021106,light_sensitivity_value,1775843280,"{""light_sensitivity_value"":0,""time"":1775843280}",1775859669
6173302506,985021106,body_momentum,1775843280,"{""body_momentum"":0,""time"":1775843280}",1775859683
6173302506,985021106,light_sensitivity_value,1775843220,"{""light_sensitivity_value"":0,""time"":1775843220}",1775859669
6173302506,985021106,body_momentum,1775843220,"{""body_momentum"":0,""time"":1775843220}",1775859683
6173302506,985021106,light_sensitivity_value,1775843160,"{""light_sensitivity_value"":0,""time"":1775843160}",1775859669
6173302506,985021106,body_momentum,1775843160,"{""body_momentum"":0,""time"":1775843160}",1775859683
6173302506,985021106,light_sensitivity_value,1775843100,"{""light_sensitivity_value"":0,""time"":1775843100}",1775859669
6173302506,985021106,body_momentum,1775843100,"{""body_momentum"":0,""time"":1775843100}",1775859683
6173302506,985021106,light_sensitivity_value,1775843040,"{""light_sensitivity_value"":0,""time"":1775843040}",1775859669
6173302506,985021106,body_momentum,1775843040,"{""body_momentum"":0,""time"":1775843040}",1775859683
6173302506,985021106,light_sensitivity_value,1775842980,"{""light_sensitivity_value"":0,""time"":1775842980}",1775859669
6173302506,985021106,body_momentum,1775842980,"{""body_momentum"":0,""time"":1775842980}",1775859683
6173302506,985021106,light_sensitivity_value,1775842920,"{""light_sensitivity_value"":0,""time"":1775842920}",1775859669
6173302506,985021106,body_momentum,1775842920,"{""body_momentum"":0,""time"":1775842920}",1775859682
6173302506,985021106,light_sensitivity_value,1775842860,"{""light_sensitivity_value"":0,""time"":1775842860}",1775859669
6173302506,985021106,body_momentum,1775842860,"{""body_momentum"":0,""time"":1775842860}",1775859682
6173302506,985021106,light_sensitivity_value,1775842800,"{""light_sensitivity_value"":0,""time"":1775842800}",1775859669
6173302506,985021106,body_momentum,1775842800,"{""body_momentum"":0,""time"":1775842800}",1775859682
6173302506,985021106,light_sensitivity_value,1775842740,"{""light_sensitivity_value"":0,""time"":1775842740}",1775859669
6173302506,985021106,body_momentum,1775842740,"{""body_momentum"":0,""time"":1775842740}",1775859682
6173302506,985021106,light_sensitivity_value,1775842680,"{""light_sensitivity_value"":0,""time"":1775842680}",1775859669
6173302506,985021106,body_momentum,1775842680,"{""body_momentum"":0,""time"":1775842680}",1775859682
6173302506,985021106,light_sensitivity_value,1775842620,"{""light_sensitivity_value"":0,""time"":1775842620}",1775859669
6173302506,985021106,body_momentum,1775842620,"{""body_momentum"":0,""time"":1775842620}",1775859682
6173302506,985021106,light_sensitivity_value,1775842560,"{""light_sensitivity_value"":0,""time"":1775842560}",1775859669
6173302506,985021106,body_momentum,1775842560,"{""body_momentum"":0,""time"":1775842560}",1775859682
6173302506,985021106,light_sensitivity_value,1775842500,"{""light_sensitivity_value"":0,""time"":1775842500}",1775859669
6173302506,985021106,body_momentum,1775842500,"{""body_momentum"":0,""time"":1775842500}",1775859682
6173302506,985021106,light_sensitivity_value,1775842440,"{""light_sensitivity_value"":0,""time"":1775842440}",1775859669
6173302506,985021106,body_momentum,1775842440,"{""body_momentum"":0,""time"":1775842440}",1775859682
6173302506,985021106,light_sensitivity_value,1775842380,"{""light_sensitivity_value"":0,""time"":1775842380}",1775859669
6173302506,985021106,body_momentum,1775842380,"{""body_momentum"":0,""time"":1775842380}",1775859682
6173302506,985021106,light_sensitivity_value,1775842320,"{""light_sensitivity_value"":0,""time"":1775842320}",1775859669
6173302506,985021106,body_momentum,1775842320,"{""body_momentum"":0,""time"":1775842320}",1775859682
6173302506,985021106,light_sensitivity_value,1775842260,"{""light_sensitivity_value"":0,""time"":1775842260}",1775859669
6173302506,985021106,body_momentum,1775842260,"{""body_momentum"":0,""time"":1775842260}",1775859682
6173302506,985021106,light_sensitivity_value,1775842200,"{""light_sensitivity_value"":0,""time"":1775842200}",1775859669
6173302506,985021106,body_momentum,1775842200,"{""body_momentum"":0,""time"":1775842200}",1775859682
6173302506,985021106,light_sensitivity_value,1775842140,"{""light_sensitivity_value"":0,""time"":1775842140}",1775859669
6173302506,985021106,body_momentum,1775842140,"{""body_momentum"":0,""time"":1775842140}",1775859682
6173302506,985021106,light_sensitivity_value,1775842080,"{""light_sensitivity_value"":0,""time"":1775842080}",1775859669
6173302506,985021106,body_momentum,1775842080,"{""body_momentum"":0,""time"":1775842080}",1775859682
6173302506,985021106,light_sensitivity_value,1775842020,"{""light_sensitivity_value"":0,""time"":1775842020}",1775859669
6173302506,985021106,body_momentum,1775842020,"{""body_momentum"":0,""time"":1775842020}",1775859682
6173302506,985021106,light_sensitivity_value,1775841960,"{""light_sensitivity_value"":0,""time"":1775841960}",1775859669
6173302506,985021106,body_momentum,1775841960,"{""body_momentum"":0,""time"":1775841960}",1775859682
6173302506,985021106,light_sensitivity_value,1775841900,"{""light_sensitivity_value"":0,""time"":1775841900}",1775859669
6173302506,985021106,body_momentum,1775841900,"{""body_momentum"":0,""time"":1775841900}",1775859682
6173302506,985021106,light_sensitivity_value,1775841840,"{""light_sensitivity_value"":0,""time"":1775841840}",1775859669
6173302506,985021106,body_momentum,1775841840,"{""body_momentum"":0,""time"":1775841840}",1775859682
6173302506,985021106,light_sensitivity_value,1775841780,"{""light_sensitivity_value"":0,""time"":1775841780}",1775859669
6173302506,985021106,body_momentum,1775841780,"{""body_momentum"":0,""time"":1775841780}",1775859682
6173302506,985021106,light_sensitivity_value,1775841720,"{""light_sensitivity_value"":0,""time"":1775841720}",1775859669
6173302506,985021106,body_momentum,1775841720,"{""body_momentum"":0,""time"":1775841720}",1775859682
6173302506,985021106,light_sensitivity_value,1775841660,"{""light_sensitivity_value"":0,""time"":1775841660}",1775859669
6173302506,985021106,body_momentum,1775841660,"{""body_momentum"":0,""time"":1775841660}",1775859682
6173302506,985021106,light_sensitivity_value,1775841600,"{""light_sensitivity_value"":0,""time"":1775841600}",1775859669
6173302506,985021106,body_momentum,1775841600,"{""body_momentum"":0,""time"":1775841600}",1775859682
6173302506,985021106,light_sensitivity_value,1775841540,"{""light_sensitivity_value"":0,""time"":1775841540}",1775859669
6173302506,985021106,body_momentum,1775841540,"{""body_momentum"":0,""time"":1775841540}",1775859682
6173302506,985021106,light_sensitivity_value,1775841480,"{""light_sensitivity_value"":0,""time"":1775841480}",1775859669
6173302506,985021106,body_momentum,1775841480,"{""body_momentum"":0,""time"":1775841480}",1775859682
6173302506,985021106,light_sensitivity_value,1775841420,"{""light_sensitivity_value"":0,""time"":1775841420}",1775859669
6173302506,985021106,body_momentum,1775841420,"{""body_momentum"":0,""time"":1775841420}",1775859682
6173302506,985021106,light_sensitivity_value,1775841360,"{""light_sensitivity_value"":0,""time"":1775841360}",1775859669
6173302506,985021106,body_momentum,1775841360,"{""body_momentum"":0,""time"":1775841360}",1775859682
6173302506,985021106,light_sensitivity_value,1775841300,"{""light_sensitivity_value"":0,""time"":1775841300}",1775859669
6173302506,985021106,body_momentum,1775841300,"{""body_momentum"":0,""time"":1775841300}",1775859682
6173302506,985021106,light_sensitivity_value,1775841240,"{""light_sensitivity_value"":0,""time"":1775841240}",1775859669
6173302506,985021106,body_momentum,1775841240,"{""body_momentum"":0,""time"":1775841240}",1775859682
6173302506,985021106,light_sensitivity_value,1775841180,"{""light_sensitivity_value"":0,""time"":1775841180}",1775859669
6173302506,985021106,body_momentum,1775841180,"{""body_momentum"":0,""time"":1775841180}",1775859682
6173302506,985021106,light_sensitivity_value,1775841120,"{""light_sensitivity_value"":0,""time"":1775841120}",1775859669
6173302506,985021106,body_momentum,1775841120,"{""body_momentum"":0,""time"":1775841120}",1775859682
6173302506,985021106,light_sensitivity_value,1775841060,"{""light_sensitivity_value"":0,""time"":1775841060}",1775859669
6173302506,985021106,body_momentum,1775841060,"{""body_momentum"":0,""time"":1775841060}",1775859682
6173302506,985021106,light_sensitivity_value,1775841000,"{""light_sensitivity_value"":0,""time"":1775841000}",1775859669
6173302506,985021106,body_momentum,1775841000,"{""body_momentum"":0,""time"":1775841000}",1775859682
6173302506,985021106,light_sensitivity_value,1775840940,"{""light_sensitivity_value"":0,""time"":1775840940}",1775859669
6173302506,985021106,body_momentum,1775840940,"{""body_momentum"":0,""time"":1775840940}",1775859682
6173302506,985021106,light_sensitivity_value,1775840880,"{""light_sensitivity_value"":0,""time"":1775840880}",1775859669
6173302506,985021106,body_momentum,1775840880,"{""body_momentum"":0,""time"":1775840880}",1775859682
6173302506,985021106,light_sensitivity_value,1775840820,"{""light_sensitivity_value"":0,""time"":1775840820}",1775859669
6173302506,985021106,body_momentum,1775840820,"{""body_momentum"":0,""time"":1775840820}",1775859682
6173302506,985021106,light_sensitivity_value,1775840760,"{""light_sensitivity_value"":0,""time"":1775840760}",1775859669
6173302506,985021106,body_momentum,1775840760,"{""body_momentum"":0,""time"":1775840760}",1775859682
6173302506,985021106,light_sensitivity_value,1775840700,"{""light_sensitivity_value"":0,""time"":1775840700}",1775859669
6173302506,985021106,body_momentum,1775840700,"{""body_momentum"":0,""time"":1775840700}",1775859682
6173302506,985021106,light_sensitivity_value,1775840640,"{""light_sensitivity_value"":0,""time"":1775840640}",1775859669
6173302506,985021106,body_momentum,1775840640,"{""body_momentum"":0,""time"":1775840640}",1775859682
6173302506,985021106,light_sensitivity_value,1775840580,"{""light_sensitivity_value"":0,""time"":1775840580}",1775859669
6173302506,985021106,body_momentum,1775840580,"{""body_momentum"":0,""time"":1775840580}",1775859682
6173302506,985021106,light_sensitivity_value,1775840520,"{""light_sensitivity_value"":0,""time"":1775840520}",1775859669
6173302506,985021106,body_momentum,1775840520,"{""body_momentum"":0,""time"":1775840520}",1775859682
6173302506,985021106,light_sensitivity_value,1775840460,"{""light_sensitivity_value"":0,""time"":1775840460}",1775859669
6173302506,985021106,body_momentum,1775840460,"{""body_momentum"":0,""time"":1775840460}",1775859682
6173302506,985021106,valid_stand,1775840400,"{""end_time"":1775844000,""start_time"":1775840400}",1775864420
6173302506,985021106,light_sensitivity_value,1775840400,"{""light_sensitivity_value"":0,""time"":1775840400}",1775859669
6173302506,985021106,body_momentum,1775840400,"{""body_momentum"":0,""time"":1775840400}",1775859682
6173302506,985021106,light_sensitivity_value,1775840340,"{""light_sensitivity_value"":0,""time"":1775840340}",1775859669
6173302506,985021106,body_momentum,1775840340,"{""body_momentum"":0,""time"":1775840340}",1775859682
6173302506,985021106,light_sensitivity_value,1775840280,"{""light_sensitivity_value"":0,""time"":1775840280}",1775859669
6173302506,985021106,body_momentum,1775840280,"{""body_momentum"":0,""time"":1775840280}",1775859682
6173302506,985021106,light_sensitivity_value,1775840220,"{""light_sensitivity_value"":0,""time"":1775840220}",1775859668
6173302506,985021106,body_momentum,1775840220,"{""body_momentum"":0,""time"":1775840220}",1775859682
6173302506,985021106,light_sensitivity_value,1775840160,"{""light_sensitivity_value"":0,""time"":1775840160}",1775859668
6173302506,985021106,body_momentum,1775840160,"{""body_momentum"":0,""time"":1775840160}",1775859682
6173302506,985021106,light_sensitivity_value,1775840100,"{""light_sensitivity_value"":0,""time"":1775840100}",1775859668
6173302506,985021106,body_momentum,1775840100,"{""body_momentum"":0,""time"":1775840100}",1775859682
6173302506,985021106,light_sensitivity_value,1775840040,"{""light_sensitivity_value"":0,""time"":1775840040}",1775859668
6173302506,985021106,body_momentum,1775840040,"{""body_momentum"":0,""time"":1775840040}",1775859682
6173302506,985021106,light_sensitivity_value,1775839980,"{""light_sensitivity_value"":0,""time"":1775839980}",1775859668
6173302506,985021106,body_momentum,1775839980,"{""body_momentum"":0,""time"":1775839980}",1775859682
6173302506,985021106,light_sensitivity_value,1775839920,"{""light_sensitivity_value"":0,""time"":1775839920}",1775859668
6173302506,985021106,body_momentum,1775839920,"{""body_momentum"":0,""time"":1775839920}",1775859682
6173302506,985021106,light_sensitivity_value,1775839860,"{""light_sensitivity_value"":0,""time"":1775839860}",1775859668
6173302506,985021106,body_momentum,1775839860,"{""body_momentum"":0,""time"":1775839860}",1775859682
6173302506,985021106,light_sensitivity_value,1775839800,"{""light_sensitivity_value"":0,""time"":1775839800}",1775859668
6173302506,985021106,body_momentum,1775839800,"{""body_momentum"":0,""time"":1775839800}",1775859682
6173302506,985021106,light_sensitivity_value,1775839740,"{""light_sensitivity_value"":0,""time"":1775839740}",1775859668
6173302506,985021106,body_momentum,1775839740,"{""body_momentum"":0,""time"":1775839740}",1775859682
6173302506,985021106,light_sensitivity_value,1775839680,"{""light_sensitivity_value"":0,""time"":1775839680}",1775859668
6173302506,985021106,body_momentum,1775839680,"{""body_momentum"":0,""time"":1775839680}",1775859682
6173302506,985021106,light_sensitivity_value,1775839620,"{""light_sensitivity_value"":0,""time"":1775839620}",1775859668
6173302506,985021106,body_momentum,1775839620,"{""body_momentum"":0,""time"":1775839620}",1775859682
6173302506,985021106,light_sensitivity_value,1775839560,"{""light_sensitivity_value"":0,""time"":1775839560}",1775859668
6173302506,985021106,body_momentum,1775839560,"{""body_momentum"":0,""time"":1775839560}",1775859682
6173302506,985021106,light_sensitivity_value,1775839500,"{""light_sensitivity_value"":0,""time"":1775839500}",1775859668
6173302506,985021106,body_momentum,1775839500,"{""body_momentum"":0,""time"":1775839500}",1775859682
6173302506,985021106,light_sensitivity_value,1775839440,"{""light_sensitivity_value"":0,""time"":1775839440}",1775859668
6173302506,985021106,body_momentum,1775839440,"{""body_momentum"":0,""time"":1775839440}",1775859682
6173302506,985021106,light_sensitivity_value,1775839380,"{""light_sensitivity_value"":0,""time"":1775839380}",1775859668
6173302506,985021106,body_momentum,1775839380,"{""body_momentum"":0,""time"":1775839380}",1775859682
6173302506,985021106,light_sensitivity_value,1775839320,"{""light_sensitivity_value"":0,""time"":1775839320}",1775859668
6173302506,985021106,body_momentum,1775839320,"{""body_momentum"":0,""time"":1775839320}",1775859681
6173302506,985021106,light_sensitivity_value,1775839260,"{""light_sensitivity_value"":0,""time"":1775839260}",1775859668
6173302506,985021106,body_momentum,1775839260,"{""body_momentum"":0,""time"":1775839260}",1775859681
6173302506,985021106,light_sensitivity_value,1775839200,"{""light_sensitivity_value"":0,""time"":1775839200}",1775859668
6173302506,985021106,body_momentum,1775839200,"{""body_momentum"":0,""time"":1775839200}",1775859681
6173302506,985021106,light_sensitivity_value,1775839140,"{""light_sensitivity_value"":0,""time"":1775839140}",1775859668
6173302506,985021106,body_momentum,1775839140,"{""body_momentum"":0,""time"":1775839140}",1775859681
6173302506,985021106,light_sensitivity_value,1775839080,"{""light_sensitivity_value"":0,""time"":1775839080}",1775859668
6173302506,985021106,body_momentum,1775839080,"{""body_momentum"":0,""time"":1775839080}",1775859681
6173302506,985021106,light_sensitivity_value,1775839020,"{""light_sensitivity_value"":0,""time"":1775839020}",1775859668
6173302506,985021106,body_momentum,1775839020,"{""body_momentum"":0,""time"":1775839020}",1775859681
6173302506,985021106,light_sensitivity_value,1775838960,"{""light_sensitivity_value"":0,""time"":1775838960}",1775859668
6173302506,985021106,body_momentum,1775838960,"{""body_momentum"":0,""time"":1775838960}",1775859681
6173302506,985021106,light_sensitivity_value,1775838900,"{""light_sensitivity_value"":0,""time"":1775838900}",1775859668
6173302506,985021106,body_momentum,1775838900,"{""body_momentum"":0,""time"":1775838900}",1775859681
6173302506,985021106,light_sensitivity_value,1775838840,"{""light_sensitivity_value"":0,""time"":1775838840}",1775859668
6173302506,985021106,body_momentum,1775838840,"{""body_momentum"":0,""time"":1775838840}",1775859681
6173302506,985021106,light_sensitivity_value,1775838780,"{""light_sensitivity_value"":0,""time"":1775838780}",1775859668
6173302506,985021106,body_momentum,1775838780,"{""body_momentum"":0,""time"":1775838780}",1775859681
6173302506,985021106,light_sensitivity_value,1775838720,"{""light_sensitivity_value"":0,""time"":1775838720}",1775859668
6173302506,985021106,body_momentum,1775838720,"{""body_momentum"":0,""time"":1775838720}",1775859681
6173302506,985021106,light_sensitivity_value,1775838660,"{""light_sensitivity_value"":0,""time"":1775838660}",1775859668
6173302506,985021106,body_momentum,1775838660,"{""body_momentum"":0,""time"":1775838660}",1775859681
6173302506,985021106,light_sensitivity_value,1775838600,"{""light_sensitivity_value"":0,""time"":1775838600}",1775859668
6173302506,985021106,body_momentum,1775838600,"{""body_momentum"":0,""time"":1775838600}",1775859681
6173302506,985021106,light_sensitivity_value,1775838540,"{""light_sensitivity_value"":0,""time"":1775838540}",1775859668
6173302506,985021106,body_momentum,1775838540,"{""body_momentum"":0,""time"":1775838540}",1775859681
6173302506,985021106,light_sensitivity_value,1775838480,"{""light_sensitivity_value"":0,""time"":1775838480}",1775859668
6173302506,985021106,body_momentum,1775838480,"{""body_momentum"":0,""time"":1775838480}",1775859681
6173302506,985021106,light_sensitivity_value,1775838420,"{""light_sensitivity_value"":0,""time"":1775838420}",1775859668
6173302506,985021106,body_momentum,1775838420,"{""body_momentum"":0,""time"":1775838420}",1775859681
6173302506,985021106,light_sensitivity_value,1775838360,"{""light_sensitivity_value"":0,""time"":1775838360}",1775859668
6173302506,985021106,body_momentum,1775838360,"{""body_momentum"":0,""time"":1775838360}",1775859681
6173302506,985021106,light_sensitivity_value,1775838300,"{""light_sensitivity_value"":0,""time"":1775838300}",1775859668
6173302506,985021106,body_momentum,1775838300,"{""body_momentum"":0,""time"":1775838300}",1775859681
6173302506,985021106,light_sensitivity_value,1775838240,"{""light_sensitivity_value"":0,""time"":1775838240}",1775859668
6173302506,985021106,body_momentum,1775838240,"{""body_momentum"":0,""time"":1775838240}",1775859681
6173302506,985021106,light_sensitivity_value,1775838180,"{""light_sensitivity_value"":0,""time"":1775838180}",1775859668
6173302506,985021106,body_momentum,1775838180,"{""body_momentum"":0,""time"":1775838180}",1775859681
6173302506,985021106,light_sensitivity_value,1775838120,"{""light_sensitivity_value"":0,""time"":1775838120}",1775859668
6173302506,985021106,body_momentum,1775838120,"{""body_momentum"":0,""time"":1775838120}",1775859681
6173302506,985021106,light_sensitivity_value,1775838060,"{""light_sensitivity_value"":0,""time"":1775838060}",1775859668
6173302506,985021106,body_momentum,1775838060,"{""body_momentum"":0,""time"":1775838060}",1775859681
6173302506,985021106,light_sensitivity_value,1775838000,"{""light_sensitivity_value"":0,""time"":1775838000}",1775859668
6173302506,985021106,body_momentum,1775838000,"{""body_momentum"":0,""time"":1775838000}",1775859681
6173302506,985021106,light_sensitivity_value,1775837940,"{""light_sensitivity_value"":0,""time"":1775837940}",1775859668
6173302506,985021106,body_momentum,1775837940,"{""body_momentum"":0,""time"":1775837940}",1775859681
6173302506,985021106,light_sensitivity_value,1775837880,"{""light_sensitivity_value"":0,""time"":1775837880}",1775859668
6173302506,985021106,body_momentum,1775837880,"{""body_momentum"":0,""time"":1775837880}",1775859681
6173302506,985021106,light_sensitivity_value,1775837820,"{""light_sensitivity_value"":0,""time"":1775837820}",1775859668
6173302506,985021106,body_momentum,1775837820,"{""body_momentum"":0,""time"":1775837820}",1775859681
6173302506,985021106,light_sensitivity_value,1775837760,"{""light_sensitivity_value"":0,""time"":1775837760}",1775859668
6173302506,985021106,body_momentum,1775837760,"{""body_momentum"":0,""time"":1775837760}",1775859681
6173302506,985021106,light_sensitivity_value,1775837700,"{""light_sensitivity_value"":0,""time"":1775837700}",1775859668
6173302506,985021106,body_momentum,1775837700,"{""body_momentum"":0,""time"":1775837700}",1775859681
6173302506,985021106,light_sensitivity_value,1775837640,"{""light_sensitivity_value"":0,""time"":1775837640}",1775859668
6173302506,985021106,body_momentum,1775837640,"{""body_momentum"":0,""time"":1775837640}",1775859681
6173302506,985021106,light_sensitivity_value,1775837580,"{""light_sensitivity_value"":0,""time"":1775837580}",1775859668
6173302506,985021106,body_momentum,1775837580,"{""body_momentum"":0,""time"":1775837580}",1775859681
6173302506,985021106,light_sensitivity_value,1775837520,"{""light_sensitivity_value"":0,""time"":1775837520}",1775859668
6173302506,985021106,body_momentum,1775837520,"{""body_momentum"":0,""time"":1775837520}",1775859681
6173302506,985021106,light_sensitivity_value,1775837460,"{""light_sensitivity_value"":0,""time"":1775837460}",1775859668
6173302506,985021106,body_momentum,1775837460,"{""body_momentum"":0,""time"":1775837460}",1775859681
6173302506,985021106,light_sensitivity_value,1775837400,"{""light_sensitivity_value"":0,""time"":1775837400}",1775859668
6173302506,985021106,body_momentum,1775837400,"{""body_momentum"":0,""time"":1775837400}",1775859681
6173302506,985021106,light_sensitivity_value,1775837340,"{""light_sensitivity_value"":0,""time"":1775837340}",1775859668
6173302506,985021106,body_momentum,1775837340,"{""body_momentum"":0,""time"":1775837340}",1775859681
6173302506,985021106,light_sensitivity_value,1775837280,"{""light_sensitivity_value"":0,""time"":1775837280}",1775859668
6173302506,985021106,body_momentum,1775837280,"{""body_momentum"":0,""time"":1775837280}",1775859681
6173302506,985021106,light_sensitivity_value,1775837220,"{""light_sensitivity_value"":0,""time"":1775837220}",1775859668
6173302506,985021106,steps,1775843880,"{""time"":1775843880,""steps"":25,""distance"":16,""calories"":1}",1775859497
6173302506,985021106,calories,1775843880,"{""time"":1775843880,""calories"":1}",1775859534
6173302506,985021106,calories,1775843820,"{""time"":1775843820,""calories"":2}",1775859534
6173302506,985021106,steps,1775843820,"{""time"":1775843820,""steps"":73,""distance"":46,""calories"":2}",1775859497
6173302506,985021106,calories,1775843760,"{""time"":1775843760,""calories"":1}",1775859534
6173302506,985021106,steps,1775843760,"{""time"":1775843760,""steps"":20,""distance"":12,""calories"":1}",1775859497
6173302506,985021106,calories,1775843640,"{""time"":1775843640,""calories"":2}",1775859534
6173302506,985021106,steps,1775843580,"{""time"":1775843580,""steps"":35,""distance"":22,""calories"":2}",1775859497
6173302506,985021106,calories,1775843580,"{""time"":1775843580,""calories"":2}",1775859534
6173302506,985021106,calories,1775843520,"{""time"":1775843520,""calories"":1}",1775859534
6173302506,985021106,heart_rate,1775843520,"{""time"":1775843520,""bpm"":90,""type"":0}",1775859336
6173302506,985021106,calories,1775843400,"{""time"":1775843400,""calories"":1}",1775859534
6173302506,985021106,steps,1775843340,"{""time"":1775843340,""steps"":13,""distance"":8,""calories"":2}",1775859497
6173302506,hlth.gen_150127125725276,steps,1775843340,"{""time"":1775843340,""steps"":11,""distance"":6,""calories"":0.44}",1775859497
6173302506,985021106,calories,1775843340,"{""time"":1775843340,""calories"":2}",1775859534
6173302506,985021106,calories,1775843280,"{""time"":1775843280,""calories"":1}",1775859534
6173302506,985021106,steps,1775843280,"{""time"":1775843280,""steps"":42,""distance"":27,""calories"":1}",1775859497
6173302506,985021106,calories,1775843220,"{""time"":1775843220,""calories"":2}",1775859534
6173302506,985021106,steps,1775843220,"{""time"":1775843220,""steps"":71,""distance"":44,""calories"":2}",1775859497
6173302506,985021106,calories,1775843160,"{""time"":1775843160,""calories"":3}",1775859534
6173302506,985021106,steps,1775843160,"{""time"":1775843160,""steps"":35,""distance"":22,""calories"":3}",1775859497
6173302506,985021106,calories,1775843100,"{""time"":1775843100,""calories"":1}",1775859534
6173302506,985021106,steps,1775843100,"{""time"":1775843100,""steps"":28,""distance"":18,""calories"":1}",1775859497
6173302506,985021106,calories,1775843040,"{""time"":1775843040,""calories"":3}",1775859534
6173302506,985021106,steps,1775843040,"{""time"":1775843040,""steps"":65,""distance"":40,""calories"":3}",1775859497
6173302506,985021106,calories,1775842980,"{""time"":1775842980,""calories"":3}",1775859534
6173302506,985021106,steps,1775842980,"{""time"":1775842980,""steps"":61,""distance"":39,""calories"":3}",1775859497
6173302506,hlth.gen_150127125725276,steps,1775842980,"{""time"":1775842980,""steps"":49,""distance"":29,""calories"":1.9599999}",1775859497
6173302506,985021106,calories,1775842920,"{""time"":1775842920,""calories"":1}",1775859534
6173302506,985021106,heart_rate,1775842920,"{""time"":1775842920,""bpm"":109,""type"":0}",1775859336
6173302506,985021106,calories,1775842800,"{""time"":1775842800,""calories"":1}",1775859534
6173302506,985021106,calories,1775842740,"{""time"":1775842740,""calories"":1}",1775859534
6173302506,985021106,calories,1775842680,"{""time"":1775842680,""calories"":1}",1775859534
6173302506,985021106,calories,1775842620,"{""time"":1775842620,""calories"":2}",1775859534
6173302506,985021106,calories,1775842560,"{""time"":1775842560,""calories"":1}",1775859534
6173302506,985021106,calories,1775842500,"{""time"":1775842500,""calories"":3}",1775859534
6173302506,985021106,calories,1775842440,"{""time"":1775842440,""calories"":2}",1775859534
6173302506,985021106,calories,1775842380,"{""time"":1775842380,""calories"":2}",1775859534
6173302506,985021106,calories,1775842320,"{""time"":1775842320,""calories"":1}",1775859534
6173302506,985021106,heart_rate,1775842320,"{""time"":1775842320,""bpm"":110,""type"":0}",1775859336
6173302506,985021106,calories,1775842260,"{""time"":1775842260,""calories"":2}",1775859534
6173302506,985021106,calories,1775842200,"{""time"":1775842200,""calories"":1}",1775859534
6173302506,985021106,calories,1775842140,"{""time"":1775842140,""calories"":2}",1775859534
6173302506,985021106,calories,1775842080,"{""time"":1775842080,""calories"":1}",1775859534
6173302506,985021106,calories,1775842020,"{""time"":1775842020,""calories"":2}",1775859534
6173302506,985021106,calories,1775841960,"{""time"":1775841960,""calories"":2}",1775859534
6173302506,985021106,calories,1775841900,"{""time"":1775841900,""calories"":1}",1775859534
6173302506,985021106,calories,1775841840,"{""time"":1775841840,""calories"":2}",1775859534
6173302506,985021106,calories,1775841780,"{""time"":1775841780,""calories"":1}",1775859534
6173302506,985021106,heart_rate,1775841720,"{""time"":1775841720,""bpm"":113,""type"":0}",1775859336
6173302506,985021106,calories,1775841600,"{""time"":1775841600,""calories"":1}",1775859534
6173302506,985021106,calories,1775841240,"{""time"":1775841240,""calories"":1}",1775859534
6173302506,985021106,calories,1775841120,"{""time"":1775841120,""calories"":1}",1775859534
6173302506,985021106,calories,1775841060,"{""time"":1775841060,""calories"":1}",1775859534
6173302506,985021106,calories,1775841000,"{""time"":1775841000,""calories"":1}",1775859534
6173302506,985021106,calories,1775840940,"{""time"":1775840940,""calories"":1}",1775859534
6173302506,985021106,calories,1775840760,"{""time"":1775840760,""calories"":1}",1775859534
6173302506,985021106,calories,1775840700,"{""time"":1775840700,""calories"":1}",1775859534
6173302506,985021106,calories,1775840640,"{""time"":1775840640,""calories"":1}",1775859534
6173302506,985021106,heart_rate,1775840520,"{""time"":1775840520,""bpm"":94,""type"":0}",1775859336
6173302506,985021106,calories,1775840520,"{""time"":1775840520,""calories"":3}",1775859534
6173302506,985021106,calories,1775840460,"{""time"":1775840460,""calories"":2}",1775859534
6173302506,hlth.gen_150127125725276,steps,1775840460,"{""time"":1775840460,""steps"":93,""distance"":55,""calories"":3.72}",1775859497
6173302506,985021106,steps,1775840460,"{""time"":1775840460,""steps"":90,""distance"":56,""calories"":2}",1775859497
6173302506,985021106,calories,1775840400,"{""time"":1775840400,""calories"":1}",1775859534
6173302506,hlth.gen_150127125725276,steps,1775840400,"{""time"":1775840400,""steps"":23,""distance"":13,""calories"":0.91999996}",1775859497
6173302506,985021106,steps,1775840400,"{""time"":1775840400,""steps"":20,""distance"":13,""calories"":1}",1775859497
6173302506,985021106,steps,1775840340,"{""time"":1775840340,""steps"":8,""distance"":5,""calories"":3}",1775859497
6173302506,hlth.gen_150127125725276,steps,1775840340,"{""time"":1775840340,""steps"":38,""distance"":22,""calories"":1.52}",1775859497
6173302506,985021106,calories,1775840340,"{""time"":1775840340,""calories"":3}",1775859534
6173302506,985021106,heart_rate,1775840280,"{""time"":1775840280,""bpm"":94,""type"":0}",1775859336
6173302506,985021106,calories,1775840280,"{""time"":1775840280,""calories"":2}",1775859534
6173302506,hlth.gen_150127125725276,steps,1775840280,"{""time"":1775840280,""steps"":65,""distance"":39,""calories"":2.6}",1775859497
6173302506,985021106,steps,1775840280,"{""time"":1775840280,""steps"":82,""distance"":51,""calories"":2}",1775859497
6173302506,985021106,steps,1775840220,"{""time"":1775840220,""steps"":46,""distance"":29,""calories"":1}",1775859497
6173302506,hlth.gen_150127125725276,steps,1775840220,"{""time"":1775840220,""steps"":72,""distance"":42,""calories"":2.88}",1775859497
6173302506,985021106,calories,1775840220,"{""time"":1775840220,""calories"":1}",1775859534
6173302506,985021106,calories,1775840160,"{""time"":1775840160,""calories"":1}",1775859534
6173302506,985021106,steps,1775840100,"{""time"":1775840100,""steps"":8,""distance"":5,""calories"":1}",1775859497
6173302506,985021106,calories,1775840100,"{""time"":1775840100,""calories"":1}",1775859534
6173302506,985021106,calories,1775839980,"{""time"":1775839980,""calories"":1}",1775859534
6173302506,985021106,calories,1775839860,"{""time"":1775839860,""calories"":2}",1775859534
6173302506,985021106,calories,1775839800,"{""time"":1775839800,""calories"":1}",1775859534
6173302506,985021106,calories,1775839740,"{""time"":1775839740,""calories"":1}",1775859534
6173302506,985021106,heart_rate,1775839680,"{""time"":1775839680,""bpm"":90,""type"":0}",1775859336
6173302506,985021106,calories,1775839620,"{""time"":1775839620,""calories"":1}",1775859534
6173302506,985021106,calories,1775839560,"{""time"":1775839560,""calories"":2}",1775859534
6173302506,985021106,calories,1775839500,"{""time"":1775839500,""calories"":2}",1775859534
6173302506,985021106,calories,1775839440,"{""time"":1775839440,""calories"":2}",1775859534
6173302506,985021106,calories,1775839380,"{""time"":1775839380,""calories"":1}",1775859534
6173302506,985021106,calories,1775839320,"{""time"":1775839320,""calories"":2}",1775859534
6173302506,985021106,calories,1775839260,"{""time"":1775839260,""calories"":2}",1775859534
6173302506,985021106,calories,1775839200,"{""time"":1775839200,""calories"":1}",1775859534
6173302506,985021106,calories,1775839140,"{""time"":1775839140,""calories"":2}",1775859534
6173302506,985021106,heart_rate,1775839080,"{""time"":1775839080,""bpm"":89,""type"":0}",1775859336
6173302506,985021106,calories,1775839080,"{""time"":1775839080,""calories"":2}",1775859534
6173302506,985021106,calories,1775839020,"{""time"":1775839020,""calories"":2}",1775859534
6173302506,985021106,calories,1775838960,"{""time"":1775838960,""calories"":1}",1775859534
6173302506,985021106,calories,1775838840,"{""time"":1775838840,""calories"":3}",1775859534
6173302506,985021106,calories,1775838780,"{""time"":1775838780,""calories"":2}",1775859534
6173302506,985021106,calories,1775838720,"{""time"":1775838720,""calories"":1}",1775859534
6173302506,985021106,calories,1775838660,"{""time"":1775838660,""calories"":1}",1775859534
6173302506,985021106,calories,1775838600,"{""time"":1775838600,""calories"":1}",1775859534
6173302506,985021106,calories,1775838540,"{""time"":1775838540,""calories"":2}",1775859534
6173302506,985021106,heart_rate,1775838480,"{""time"":1775838480,""bpm"":87,""type"":0}",1775859336
6173302506,985021106,calories,1775838480,"{""time"":1775838480,""calories"":1}",1775859534
6173302506,985021106,calories,1775838360,"{""time"":1775838360,""calories"":1}",1775859534
6173302506,985021106,calories,1775838300,"{""time"":1775838300,""calories"":2}",1775859534
6173302506,985021106,calories,1775838240,"{""time"":1775838240,""calories"":2}",1775859534
6173302506,985021106,calories,1775838180,"{""time"":1775838180,""calories"":1}",1775859534
6173302506,985021106,calories,1775838120,"{""time"":1775838120,""calories"":1}",1775859534
6173302506,985021106,calories,1775838060,"{""time"":1775838060,""calories"":1}",1775859534
6173302506,985021106,calories,1775838000,"{""time"":1775838000,""calories"":1}",1775859534
6173302506,985021106,calories,1775837940,"{""time"":1775837940,""calories"":1}",1775859534
6173302506,985021106,heart_rate,1775837880,"{""time"":1775837880,""bpm"":96,""type"":0}",1775859336
6173302506,985021106,calories,1775837880,"{""time"":1775837880,""calories"":1}",1775859534
6173302506,985021106,calories,1775837820,"{""time"":1775837820,""calories"":1}",1775859534
6173302506,985021106,calories,1775837760,"{""time"":1775837760,""calories"":2}",1775859534
6173302506,985021106,steps,1775837700,"{""time"":1775837700,""steps"":78,""distance"":49,""calories"":1}",1775859497
6173302506,985021106,calories,1775837700,"{""time"":1775837700,""calories"":1}",1775859534
6173302506,hlth.gen_150127125725276,steps,1775837700,"{""time"":1775837700,""steps"":86,""distance"":51,""calories"":3.4399998}",1775859497
6173302506,985021106,calories,1775837640,"{""time"":1775837640,""calories"":1}",1775859534
6173302506,985021106,steps,1775837520,"{""time"":1775837520,""steps"":10,""distance"":6,""calories"":1}",1775859497
6173302506,985021106,calories,1775837520,"{""time"":1775837520,""calories"":1}",1775859534
6173302506,985021106,steps,1775837460,"{""time"":1775837460,""steps"":53,""distance"":33,""calories"":1}",1775859497
6173302506,hlth.gen_150127125725276,steps,1775837460,"{""time"":1775837460,""steps"":52,""distance"":31,""calories"":2.08}",1775859497
6173302506,985021106,calories,1775837460,"{""time"":1775837460,""calories"":1}",1775859534
6173302506,985021106,steps,1775837400,"{""time"":1775837400,""steps"":19,""distance"":12,""calories"":2}",1775859497
6173302506,hlth.gen_150127125725276,steps,1775837400,"{""time"":1775837400,""steps"":24,""distance"":14,""calories"":0.96}",1775859497
6173302506,985021106,calories,1775837400,"{""time"":1775837400,""calories"":2}",1775859534
6173302506,985021106,calories,1775837340,"{""time"":1775837340,""calories"":1}",1775859534
6173302506,985021106,heart_rate,1775837280,"{""time"":1775837280,""bpm"":78,""type"":0}",1775859336
6173302506,985021106,body_momentum,1775837220,"{""body_momentum"":0,""time"":1775837220}",1775859681
6173302506,985021106,light_sensitivity_value,1775837160,"{""light_sensitivity_value"":0,""time"":1775837160}",1775859668
6173302506,985021106,body_momentum,1775837160,"{""body_momentum"":0,""time"":1775837160}",1775859681
6173302506,985021106,light_sensitivity_value,1775837100,"{""light_sensitivity_value"":0,""time"":1775837100}",1775859668
6173302506,985021106,calories,1775837100,"{""time"":1775837100,""calories"":1}",1775859534
6173302506,985021106,body_momentum,1775837100,"{""body_momentum"":0,""time"":1775837100}",1775859681
6173302506,985021106,light_sensitivity_value,1775837040,"{""light_sensitivity_value"":0,""time"":1775837040}",1775859668
6173302506,985021106,body_momentum,1775837040,"{""body_momentum"":0,""time"":1775837040}",1775859681
6173302506,985021106,body_momentum,1775836980,"{""body_momentum"":0,""time"":1775836980}",1775859681
6173302506,985021106,calories,1775836980,"{""time"":1775836980,""calories"":2}",1775859534
6173302506,985021106,light_sensitivity_value,1775836980,"{""light_sensitivity_value"":0,""time"":1775836980}",1775859668
6173302506,985021106,body_momentum,1775836920,"{""body_momentum"":0,""time"":1775836920}",1775859681
6173302506,985021106,light_sensitivity_value,1775836920,"{""light_sensitivity_value"":0,""time"":1775836920}",1775859668
6173302506,985021106,calories,1775836920,"{""time"":1775836920,""calories"":1}",1775859534
6173302506,985021106,light_sensitivity_value,1775836860,"{""light_sensitivity_value"":0,""time"":1775836860}",1775859668
6173302506,985021106,body_momentum,1775836860,"{""body_momentum"":0,""time"":1775836860}",1775859681
6173302506,985021106,calories,1775836860,"{""time"":1775836860,""calories"":1}",1775859534
6173302506,985021106,valid_stand,1775836800,"{""end_time"":1775840400,""start_time"":1775836800}",1775864420
6173302506,985021106,body_momentum,1775836800,"{""body_momentum"":0,""time"":1775836800}",1775859681
6173302506,985021106,calories,1775836800,"{""time"":1775836800,""calories"":1}",1775859534
6173302506,985021106,light_sensitivity_value,1775836800,"{""light_sensitivity_value"":0,""time"":1775836800}",1775859668
6173302506,hlth.gen_150127125725276,calories,1775843340,"{""time"":1775843340,""calories"":0.44}",1775859532
6173302506,hlth.gen_150127125725276,calories,1775842980,"{""time"":1775842980,""calories"":1.9599999}",1775859532
6173302506,hlth.gen_150127125725276,calories,1775840460,"{""time"":1775840460,""calories"":3.72}",1775859532
6173302506,hlth.gen_150127125725276,calories,1775840400,"{""time"":1775840400,""calories"":0.91999996}",1775859532
6173302506,hlth.gen_150127125725276,calories,1775840340,"{""time"":1775840340,""calories"":1.52}",1775859532
6173302506,hlth.gen_150127125725276,calories,1775840280,"{""time"":1775840280,""calories"":2.6}",1775859532
6173302506,hlth.gen_150127125725276,calories,1775840220,"{""time"":1775840220,""calories"":4.6400003}",1775859532
6173302506,hlth.gen_150127125725276,calories,1775837700,"{""time"":1775837700,""calories"":3.4399998}",1775859532
6173302506,hlth.gen_150127125725276,calories,1775837460,"{""time"":1775837460,""calories"":2.08}",1775859532
6173302506,hlth.gen_150127125725276,calories,1775837400,"{""time"":1775837400,""calories"":0.96}",1775859532
6173302506,985021106,light_sensitivity_value,1775836740,"{""light_sensitivity_value"":0,""time"":1775836740}",1775859668
6173302506,985021106,body_momentum,1775836740,"{""body_momentum"":0,""time"":1775836740}",1775859681
6173302506,985021106,light_sensitivity_value,1775836680,"{""light_sensitivity_value"":0,""time"":1775836680}",1775859668
6173302506,985021106,body_momentum,1775836680,"{""body_momentum"":0,""time"":1775836680}",1775859681
6173302506,985021106,light_sensitivity_value,1775836620,"{""light_sensitivity_value"":0,""time"":1775836620}",1775859667
6173302506,985021106,body_momentum,1775836620,"{""body_momentum"":0,""time"":1775836620}",1775859681
6173302506,985021106,light_sensitivity_value,1775836560,"{""light_sensitivity_value"":0,""time"":1775836560}",1775859667
6173302506,985021106,body_momentum,1775836560,"{""body_momentum"":0,""time"":1775836560}",1775859681
6173302506,985021106,light_sensitivity_value,1775836500,"{""light_sensitivity_value"":0,""time"":1775836500}",1775859667
6173302506,985021106,body_momentum,1775836500,"{""body_momentum"":0,""time"":1775836500}",1775859681
6173302506,985021106,light_sensitivity_value,1775836440,"{""light_sensitivity_value"":0,""time"":1775836440}",1775859667
6173302506,985021106,body_momentum,1775836440,"{""body_momentum"":0,""time"":1775836440}",1775859681
6173302506,985021106,light_sensitivity_value,1775836380,"{""light_sensitivity_value"":0,""time"":1775836380}",1775859667
6173302506,985021106,body_momentum,1775836380,"{""body_momentum"":0,""time"":1775836380}",1775859681
6173302506,985021106,light_sensitivity_value,1775836320,"{""light_sensitivity_value"":0,""time"":1775836320}",1775859667
6173302506,985021106,body_momentum,1775836320,"{""body_momentum"":0,""time"":1775836320}",1775859681
6173302506,985021106,light_sensitivity_value,1775836260,"{""light_sensitivity_value"":0,""time"":1775836260}",1775859667
6173302506,985021106,body_momentum,1775836260,"{""body_momentum"":0,""time"":1775836260}",1775859681
6173302506,985021106,light_sensitivity_value,1775836200,"{""light_sensitivity_value"":0,""time"":1775836200}",1775859667
6173302506,985021106,body_momentum,1775836200,"{""body_momentum"":0,""time"":1775836200}",1775859681
6173302506,985021106,light_sensitivity_value,1775836140,"{""light_sensitivity_value"":0,""time"":1775836140}",1775859667
6173302506,985021106,body_momentum,1775836140,"{""body_momentum"":0,""time"":1775836140}",1775859681
6173302506,985021106,light_sensitivity_value,1775836080,"{""light_sensitivity_value"":0,""time"":1775836080}",1775859667
6173302506,985021106,body_momentum,1775836080,"{""body_momentum"":0,""time"":1775836080}",1775859681
6173302506,985021106,light_sensitivity_value,1775836020,"{""light_sensitivity_value"":0,""time"":1775836020}",1775859667
6173302506,985021106,body_momentum,1775836020,"{""body_momentum"":0,""time"":1775836020}",1775859681
6173302506,985021106,light_sensitivity_value,1775835960,"{""light_sensitivity_value"":0,""time"":1775835960}",1775859667
6173302506,985021106,body_momentum,1775835960,"{""body_momentum"":0,""time"":1775835960}",1775859681
6173302506,985021106,light_sensitivity_value,1775835900,"{""light_sensitivity_value"":0,""time"":1775835900}",1775859667
6173302506,985021106,body_momentum,1775835900,"{""body_momentum"":0,""time"":1775835900}",1775859681
6173302506,985021106,light_sensitivity_value,1775835840,"{""light_sensitivity_value"":0,""time"":1775835840}",1775859667
6173302506,985021106,body_momentum,1775835840,"{""body_momentum"":0,""time"":1775835840}",1775859681
6173302506,985021106,light_sensitivity_value,1775835780,"{""light_sensitivity_value"":0,""time"":1775835780}",1775859667
6173302506,985021106,body_momentum,1775835780,"{""body_momentum"":0,""time"":1775835780}",1775859681
6173302506,985021106,light_sensitivity_value,1775835720,"{""light_sensitivity_value"":0,""time"":1775835720}",1775859667
6173302506,985021106,body_momentum,1775835720,"{""body_momentum"":0,""time"":1775835720}",1775859680
6173302506,985021106,light_sensitivity_value,1775835660,"{""light_sensitivity_value"":0,""time"":1775835660}",1775859667
6173302506,985021106,body_momentum,1775835660,"{""body_momentum"":0,""time"":1775835660}",1775859680
6173302506,985021106,light_sensitivity_value,1775835600,"{""light_sensitivity_value"":0,""time"":1775835600}",1775859667
6173302506,985021106,body_momentum,1775835600,"{""body_momentum"":0,""time"":1775835600}",1775859680
6173302506,985021106,light_sensitivity_value,1775835540,"{""light_sensitivity_value"":0,""time"":1775835540}",1775859667
6173302506,985021106,body_momentum,1775835540,"{""body_momentum"":0,""time"":1775835540}",1775859680
6173302506,985021106,light_sensitivity_value,1775835480,"{""light_sensitivity_value"":0,""time"":1775835480}",1775859667
6173302506,985021106,body_momentum,1775835480,"{""body_momentum"":0,""time"":1775835480}",1775859680
6173302506,985021106,light_sensitivity_value,1775835420,"{""light_sensitivity_value"":0,""time"":1775835420}",1775859667
6173302506,985021106,body_momentum,1775835420,"{""body_momentum"":0,""time"":1775835420}",1775859680
6173302506,985021106,light_sensitivity_value,1775835360,"{""light_sensitivity_value"":0,""time"":1775835360}",1775859667
6173302506,985021106,body_momentum,1775835360,"{""body_momentum"":0,""time"":1775835360}",1775859680
6173302506,985021106,light_sensitivity_value,1775835300,"{""light_sensitivity_value"":0,""time"":1775835300}",1775859667
6173302506,985021106,body_momentum,1775835300,"{""body_momentum"":0,""time"":1775835300}",1775859680
6173302506,985021106,light_sensitivity_value,1775835240,"{""light_sensitivity_value"":0,""time"":1775835240}",1775859667
6173302506,985021106,body_momentum,1775835240,"{""body_momentum"":0,""time"":1775835240}",1775859680
6173302506,985021106,light_sensitivity_value,1775835180,"{""light_sensitivity_value"":0,""time"":1775835180}",1775859667
6173302506,985021106,body_momentum,1775835180,"{""body_momentum"":0,""time"":1775835180}",1775859680
6173302506,985021106,light_sensitivity_value,1775835120,"{""light_sensitivity_value"":0,""time"":1775835120}",1775859667
6173302506,985021106,body_momentum,1775835120,"{""body_momentum"":0,""time"":1775835120}",1775859680
6173302506,985021106,light_sensitivity_value,1775835060,"{""light_sensitivity_value"":0,""time"":1775835060}",1775859667
6173302506,985021106,body_momentum,1775835060,"{""body_momentum"":0,""time"":1775835060}",1775859680
6173302506,985021106,light_sensitivity_value,1775835000,"{""light_sensitivity_value"":0,""time"":1775835000}",1775859667
6173302506,985021106,body_momentum,1775835000,"{""body_momentum"":0,""time"":1775835000}",1775859680
6173302506,985021106,light_sensitivity_value,1775834940,"{""light_sensitivity_value"":0,""time"":1775834940}",1775859667
6173302506,985021106,body_momentum,1775834940,"{""body_momentum"":0,""time"":1775834940}",1775859680
6173302506,985021106,light_sensitivity_value,1775834880,"{""light_sensitivity_value"":0,""time"":1775834880}",1775859667
6173302506,985021106,body_momentum,1775834880,"{""body_momentum"":0,""time"":1775834880}",1775859680
6173302506,985021106,light_sensitivity_value,1775834820,"{""light_sensitivity_value"":0,""time"":1775834820}",1775859667
6173302506,985021106,body_momentum,1775834820,"{""body_momentum"":0,""time"":1775834820}",1775859680
6173302506,985021106,light_sensitivity_value,1775834760,"{""light_sensitivity_value"":0,""time"":1775834760}",1775859667
6173302506,985021106,body_momentum,1775834760,"{""body_momentum"":0,""time"":1775834760}",1775859680
6173302506,985021106,light_sensitivity_value,1775834700,"{""light_sensitivity_value"":0,""time"":1775834700}",1775859667
6173302506,985021106,body_momentum,1775834700,"{""body_momentum"":0,""time"":1775834700}",1775859680
6173302506,985021106,light_sensitivity_value,1775834640,"{""light_sensitivity_value"":0,""time"":1775834640}",1775859667
6173302506,985021106,body_momentum,1775834640,"{""body_momentum"":0,""time"":1775834640}",1775859680
6173302506,985021106,light_sensitivity_value,1775834580,"{""light_sensitivity_value"":0,""time"":1775834580}",1775859667
6173302506,985021106,body_momentum,1775834580,"{""body_momentum"":0,""time"":1775834580}",1775859680
6173302506,985021106,light_sensitivity_value,1775834520,"{""light_sensitivity_value"":0,""time"":1775834520}",1775859667
6173302506,985021106,body_momentum,1775834520,"{""body_momentum"":0,""time"":1775834520}",1775859680
6173302506,985021106,light_sensitivity_value,1775834460,"{""light_sensitivity_value"":0,""time"":1775834460}",1775859667
6173302506,985021106,body_momentum,1775834460,"{""body_momentum"":0,""time"":1775834460}",1775859680
6173302506,985021106,light_sensitivity_value,1775834400,"{""light_sensitivity_value"":0,""time"":1775834400}",1775859667
6173302506,985021106,body_momentum,1775834400,"{""body_momentum"":0,""time"":1775834400}",1775859680
6173302506,985021106,light_sensitivity_value,1775834340,"{""light_sensitivity_value"":0,""time"":1775834340}",1775859667
6173302506,985021106,body_momentum,1775834340,"{""body_momentum"":0,""time"":1775834340}",1775859680
6173302506,985021106,light_sensitivity_value,1775834280,"{""light_sensitivity_value"":0,""time"":1775834280}",1775859667
6173302506,985021106,body_momentum,1775834280,"{""body_momentum"":0,""time"":1775834280}",1775859680
6173302506,985021106,light_sensitivity_value,1775834220,"{""light_sensitivity_value"":0,""time"":1775834220}",1775859667
6173302506,985021106,body_momentum,1775834220,"{""body_momentum"":0,""time"":1775834220}",1775859680
6173302506,985021106,light_sensitivity_value,1775834160,"{""light_sensitivity_value"":0,""time"":1775834160}",1775859667
6173302506,985021106,body_momentum,1775834160,"{""body_momentum"":0,""time"":1775834160}",1775859680
6173302506,985021106,light_sensitivity_value,1775834100,"{""light_sensitivity_value"":0,""time"":1775834100}",1775859667
6173302506,985021106,body_momentum,1775834100,"{""body_momentum"":0,""time"":1775834100}",1775859680
6173302506,985021106,light_sensitivity_value,1775834040,"{""light_sensitivity_value"":0,""time"":1775834040}",1775859667
6173302506,985021106,body_momentum,1775834040,"{""body_momentum"":0,""time"":1775834040}",1775859680
6173302506,985021106,light_sensitivity_value,1775833980,"{""light_sensitivity_value"":0,""time"":1775833980}",1775859667
6173302506,985021106,body_momentum,1775833980,"{""body_momentum"":0,""time"":1775833980}",1775859680
6173302506,985021106,light_sensitivity_value,1775833920,"{""light_sensitivity_value"":0,""time"":1775833920}",1775859667
6173302506,985021106,body_momentum,1775833920,"{""body_momentum"":0,""time"":1775833920}",1775859680
6173302506,985021106,light_sensitivity_value,1775833860,"{""light_sensitivity_value"":0,""time"":1775833860}",1775859667
6173302506,985021106,body_momentum,1775833860,"{""body_momentum"":0,""time"":1775833860}",1775859680
6173302506,985021106,light_sensitivity_value,1775833800,"{""light_sensitivity_value"":0,""time"":1775833800}",1775859667
6173302506,985021106,body_momentum,1775833800,"{""body_momentum"":0,""time"":1775833800}",1775859680
6173302506,985021106,light_sensitivity_value,1775833740,"{""light_sensitivity_value"":0,""time"":1775833740}",1775859667
6173302506,985021106,body_momentum,1775833740,"{""body_momentum"":0,""time"":1775833740}",1775859680
6173302506,985021106,light_sensitivity_value,1775833680,"{""light_sensitivity_value"":0,""time"":1775833680}",1775859667
6173302506,985021106,body_momentum,1775833680,"{""body_momentum"":0,""time"":1775833680}",1775859680
6173302506,985021106,light_sensitivity_value,1775833620,"{""light_sensitivity_value"":0,""time"":1775833620}",1775859667
6173302506,985021106,body_momentum,1775833620,"{""body_momentum"":0,""time"":1775833620}",1775859680
6173302506,985021106,light_sensitivity_value,1775833560,"{""light_sensitivity_value"":0,""time"":1775833560}",1775859667
6173302506,985021106,body_momentum,1775833560,"{""body_momentum"":0,""time"":1775833560}",1775859680
6173302506,985021106,light_sensitivity_value,1775833500,"{""light_sensitivity_value"":0,""time"":1775833500}",1775859667
6173302506,985021106,body_momentum,1775833500,"{""body_momentum"":0,""time"":1775833500}",1775859680
6173302506,985021106,light_sensitivity_value,1775833440,"{""light_sensitivity_value"":0,""time"":1775833440}",1775859667
6173302506,985021106,body_momentum,1775833440,"{""body_momentum"":0,""time"":1775833440}",1775859680
6173302506,985021106,light_sensitivity_value,1775833380,"{""light_sensitivity_value"":0,""time"":1775833380}",1775859667
6173302506,985021106,body_momentum,1775833380,"{""body_momentum"":0,""time"":1775833380}",1775859680
6173302506,985021106,light_sensitivity_value,1775833320,"{""light_sensitivity_value"":0,""time"":1775833320}",1775859667
6173302506,985021106,body_momentum,1775833320,"{""body_momentum"":0,""time"":1775833320}",1775859680
6173302506,985021106,light_sensitivity_value,1775833260,"{""light_sensitivity_value"":0,""time"":1775833260}",1775859667
6173302506,985021106,body_momentum,1775833260,"{""body_momentum"":0,""time"":1775833260}",1775859680
6173302506,985021106,valid_stand,1775833200,"{""end_time"":1775836800,""start_time"":1775833200}",1775864420
6173302506,985021106,light_sensitivity_value,1775833200,"{""light_sensitivity_value"":0,""time"":1775833200}",1775859667
6173302506,985021106,body_momentum,1775833200,"{""body_momentum"":0,""time"":1775833200}",1775859680
6173302506,985021106,light_sensitivity_value,1775833140,"{""light_sensitivity_value"":0,""time"":1775833140}",1775859667
6173302506,985021106,body_momentum,1775833140,"{""body_momentum"":0,""time"":1775833140}",1775859680
6173302506,985021106,light_sensitivity_value,1775833080,"{""light_sensitivity_value"":0,""time"":1775833080}",1775859667
6173302506,985021106,body_momentum,1775833080,"{""body_momentum"":0,""time"":1775833080}",1775859680
6173302506,985021106,light_sensitivity_value,1775833020,"{""light_sensitivity_value"":0,""time"":1775833020}",1775859667
6173302506,985021106,body_momentum,1775833020,"{""body_momentum"":0,""time"":1775833020}",1775859680
6173302506,985021106,light_sensitivity_value,1775832960,"{""light_sensitivity_value"":0,""time"":1775832960}",1775859667
6173302506,985021106,body_momentum,1775832960,"{""body_momentum"":0,""time"":1775832960}",1775859680
6173302506,985021106,light_sensitivity_value,1775832900,"{""light_sensitivity_value"":0,""time"":1775832900}",1775859667
6173302506,985021106,body_momentum,1775832900,"{""body_momentum"":0,""time"":1775832900}",1775859680
6173302506,985021106,light_sensitivity_value,1775832840,"{""light_sensitivity_value"":0,""time"":1775832840}",1775859667
6173302506,985021106,body_momentum,1775832840,"{""body_momentum"":0,""time"":1775832840}",1775859680
6173302506,985021106,light_sensitivity_value,1775832780,"{""light_sensitivity_value"":0,""time"":1775832780}",1775859667
6173302506,985021106,body_momentum,1775832780,"{""body_momentum"":0,""time"":1775832780}",1775859680
6173302506,985021106,light_sensitivity_value,1775832720,"{""light_sensitivity_value"":0,""time"":1775832720}",1775859667
6173302506,985021106,body_momentum,1775832720,"{""body_momentum"":0,""time"":1775832720}",1775859680
6173302506,985021106,light_sensitivity_value,1775832660,"{""light_sensitivity_value"":0,""time"":1775832660}",1775859667
6173302506,985021106,body_momentum,1775832660,"{""body_momentum"":0,""time"":1775832660}",1775859680
6173302506,985021106,light_sensitivity_value,1775832600,"{""light_sensitivity_value"":0,""time"":1775832600}",1775859667
6173302506,985021106,body_momentum,1775832600,"{""body_momentum"":0,""time"":1775832600}",1775859680
6173302506,985021106,light_sensitivity_value,1775832540,"{""light_sensitivity_value"":0,""time"":1775832540}",1775859667
6173302506,985021106,body_momentum,1775832540,"{""body_momentum"":0,""time"":1775832540}",1775859680
6173302506,985021106,light_sensitivity_value,1775832480,"{""light_sensitivity_value"":0,""time"":1775832480}",1775859667
6173302506,985021106,body_momentum,1775832480,"{""body_momentum"":0,""time"":1775832480}",1775859680
6173302506,985021106,light_sensitivity_value,1775832420,"{""light_sensitivity_value"":0,""time"":1775832420}",1775859667
6173302506,985021106,body_momentum,1775832420,"{""body_momentum"":0,""time"":1775832420}",1775859680
6173302506,985021106,light_sensitivity_value,1775832360,"{""light_sensitivity_value"":0,""time"":1775832360}",1775859667
6173302506,985021106,body_momentum,1775832360,"{""body_momentum"":0,""time"":1775832360}",1775859680
6173302506,985021106,light_sensitivity_value,1775832300,"{""light_sensitivity_value"":0,""time"":1775832300}",1775859667
6173302506,985021106,body_momentum,1775832300,"{""body_momentum"":0,""time"":1775832300}",1775859680
6173302506,985021106,light_sensitivity_value,1775832240,"{""light_sensitivity_value"":0,""time"":1775832240}",1775859667
6173302506,985021106,body_momentum,1775832240,"{""body_momentum"":0,""time"":1775832240}",1775859680
6173302506,985021106,light_sensitivity_value,1775832180,"{""light_sensitivity_value"":0,""time"":1775832180}",1775859667
6173302506,985021106,body_momentum,1775832180,"{""body_momentum"":0,""time"":1775832180}",1775859680
6173302506,985021106,light_sensitivity_value,1775832120,"{""light_sensitivity_value"":0,""time"":1775832120}",1775859667
6173302506,985021106,body_momentum,1775832120,"{""body_momentum"":0,""time"":1775832120}",1775859680
6173302506,985021106,light_sensitivity_value,1775832060,"{""light_sensitivity_value"":0,""time"":1775832060}",1775859667
6173302506,985021106,body_momentum,1775832060,"{""body_momentum"":0,""time"":1775832060}",1775859680
6173302506,985021106,light_sensitivity_value,1775832000,"{""light_sensitivity_value"":0,""time"":1775832000}",1775859667
6173302506,985021106,body_momentum,1775832000,"{""body_momentum"":0,""time"":1775832000}",1775859680
6173302506,985021106,light_sensitivity_value,1775831940,"{""light_sensitivity_value"":0,""time"":1775831940}",1775859667
6173302506,985021106,body_momentum,1775831940,"{""body_momentum"":0,""time"":1775831940}",1775859680
6173302506,985021106,light_sensitivity_value,1775831880,"{""light_sensitivity_value"":0,""time"":1775831880}",1775859667
6173302506,985021106,body_momentum,1775831880,"{""body_momentum"":0,""time"":1775831880}",1775859680
6173302506,985021106,light_sensitivity_value,1775831820,"{""light_sensitivity_value"":0,""time"":1775831820}",1775859667
6173302506,985021106,body_momentum,1775831820,"{""body_momentum"":0,""time"":1775831820}",1775859680
6173302506,985021106,light_sensitivity_value,1775831760,"{""light_sensitivity_value"":0,""time"":1775831760}",1775859667
6173302506,985021106,body_momentum,1775831760,"{""body_momentum"":0,""time"":1775831760}",1775859680
6173302506,985021106,light_sensitivity_value,1775831700,"{""light_sensitivity_value"":0,""time"":1775831700}",1775859667
6173302506,985021106,body_momentum,1775831700,"{""body_momentum"":0,""time"":1775831700}",1775859680
6173302506,985021106,light_sensitivity_value,1775831640,"{""light_sensitivity_value"":0,""time"":1775831640}",1775859667
6173302506,985021106,body_momentum,1775831640,"{""body_momentum"":0,""time"":1775831640}",1775859680
6173302506,985021106,light_sensitivity_value,1775831580,"{""light_sensitivity_value"":0,""time"":1775831580}",1775859667
6173302506,985021106,body_momentum,1775831580,"{""body_momentum"":0,""time"":1775831580}",1775859680
6173302506,985021106,light_sensitivity_value,1775831520,"{""light_sensitivity_value"":0,""time"":1775831520}",1775859667
6173302506,985021106,body_momentum,1775831520,"{""body_momentum"":0,""time"":1775831520}",1775859680
6173302506,985021106,light_sensitivity_value,1775831460,"{""light_sensitivity_value"":0,""time"":1775831460}",1775859667
6173302506,985021106,body_momentum,1775831460,"{""body_momentum"":0,""time"":1775831460}",1775859680
6173302506,985021106,light_sensitivity_value,1775831400,"{""light_sensitivity_value"":0,""time"":1775831400}",1775859667
6173302506,985021106,body_momentum,1775831400,"{""body_momentum"":0,""time"":1775831400}",1775859680
6173302506,985021106,light_sensitivity_value,1775831340,"{""light_sensitivity_value"":0,""time"":1775831340}",1775859667
6173302506,985021106,body_momentum,1775831340,"{""body_momentum"":0,""time"":1775831340}",1775859680
6173302506,985021106,light_sensitivity_value,1775831280,"{""light_sensitivity_value"":0,""time"":1775831280}",1775859667
6173302506,985021106,body_momentum,1775831280,"{""body_momentum"":0,""time"":1775831280}",1775859680
6173302506,985021106,light_sensitivity_value,1775831220,"{""light_sensitivity_value"":0,""time"":1775831220}",1775859667
6173302506,985021106,body_momentum,1775831220,"{""body_momentum"":0,""time"":1775831220}",1775859680
6173302506,985021106,light_sensitivity_value,1775831160,"{""light_sensitivity_value"":0,""time"":1775831160}",1775859667
6173302506,985021106,body_momentum,1775831160,"{""body_momentum"":0,""time"":1775831160}",1775859680
6173302506,985021106,light_sensitivity_value,1775831100,"{""light_sensitivity_value"":0,""time"":1775831100}",1775859667
6173302506,985021106,body_momentum,1775831100,"{""body_momentum"":0,""time"":1775831100}",1775859680
6173302506,985021106,light_sensitivity_value,1775831040,"{""light_sensitivity_value"":0,""time"":1775831040}",1775859667
6173302506,985021106,body_momentum,1775831040,"{""body_momentum"":0,""time"":1775831040}",1775859680
6173302506,985021106,light_sensitivity_value,1775830980,"{""light_sensitivity_value"":0,""time"":1775830980}",1775859667
6173302506,985021106,body_momentum,1775830980,"{""body_momentum"":0,""time"":1775830980}",1775859680
6173302506,985021106,light_sensitivity_value,1775830920,"{""light_sensitivity_value"":0,""time"":1775830920}",1775859667
6173302506,985021106,body_momentum,1775830920,"{""body_momentum"":0,""time"":1775830920}",1775859680
6173302506,985021106,light_sensitivity_value,1775830860,"{""light_sensitivity_value"":0,""time"":1775830860}",1775859667
6173302506,985021106,body_momentum,1775830860,"{""body_momentum"":0,""time"":1775830860}",1775859680
6173302506,985021106,light_sensitivity_value,1775830800,"{""light_sensitivity_value"":0,""time"":1775830800}",1775859667
6173302506,985021106,body_momentum,1775830800,"{""body_momentum"":0,""time"":1775830800}",1775859680
6173302506,985021106,light_sensitivity_value,1775830740,"{""light_sensitivity_value"":0,""time"":1775830740}",1775859667
6173302506,985021106,body_momentum,1775830740,"{""body_momentum"":0,""time"":1775830740}",1775859680
6173302506,985021106,light_sensitivity_value,1775830680,"{""light_sensitivity_value"":0,""time"":1775830680}",1775859667
6173302506,985021106,body_momentum,1775830680,"{""body_momentum"":0,""time"":1775830680}",1775859680
6173302506,985021106,light_sensitivity_value,1775830620,"{""light_sensitivity_value"":0,""time"":1775830620}",1775859667
6173302506,985021106,body_momentum,1775830620,"{""body_momentum"":0,""time"":1775830620}",1775859680
6173302506,985021106,light_sensitivity_value,1775830560,"{""light_sensitivity_value"":0,""time"":1775830560}",1775859667
6173302506,985021106,body_momentum,1775830560,"{""body_momentum"":0,""time"":1775830560}",1775859680
6173302506,985021106,light_sensitivity_value,1775830500,"{""light_sensitivity_value"":0,""time"":1775830500}",1775859667
6173302506,985021106,body_momentum,1775830500,"{""body_momentum"":0,""time"":1775830500}",1775859680
6173302506,985021106,light_sensitivity_value,1775830440,"{""light_sensitivity_value"":0,""time"":1775830440}",1775859667
6173302506,985021106,body_momentum,1775830440,"{""body_momentum"":0,""time"":1775830440}",1775859680
6173302506,985021106,light_sensitivity_value,1775830380,"{""light_sensitivity_value"":0,""time"":1775830380}",1775859667
6173302506,985021106,body_momentum,1775830380,"{""body_momentum"":0,""time"":1775830380}",1775859680
6173302506,985021106,light_sensitivity_value,1775830320,"{""light_sensitivity_value"":0,""time"":1775830320}",1775859667
6173302506,985021106,body_momentum,1775830320,"{""body_momentum"":0,""time"":1775830320}",1775859680
6173302506,985021106,light_sensitivity_value,1775830260,"{""light_sensitivity_value"":0,""time"":1775830260}",1775859667
6173302506,985021106,body_momentum,1775830260,"{""body_momentum"":0,""time"":1775830260}",1775859680
6173302506,985021106,light_sensitivity_value,1775830200,"{""light_sensitivity_value"":0,""time"":1775830200}",1775859667
6173302506,985021106,body_momentum,1775830200,"{""body_momentum"":0,""time"":1775830200}",1775859680
6173302506,985021106,light_sensitivity_value,1775830140,"{""light_sensitivity_value"":0,""time"":1775830140}",1775859667
6173302506,985021106,body_momentum,1775830140,"{""body_momentum"":0,""time"":1775830140}",1775859680
6173302506,985021106,light_sensitivity_value,1775830080,"{""light_sensitivity_value"":0,""time"":1775830080}",1775859667
6173302506,985021106,body_momentum,1775830080,"{""body_momentum"":0,""time"":1775830080}",1775859680
6173302506,985021106,light_sensitivity_value,1775830020,"{""light_sensitivity_value"":0,""time"":1775830020}",1775859667
6173302506,985021106,body_momentum,1775830020,"{""body_momentum"":0,""time"":1775830020}",1775859680
6173302506,985021106,light_sensitivity_value,1775829960,"{""light_sensitivity_value"":0,""time"":1775829960}",1775859667
6173302506,985021106,body_momentum,1775829960,"{""body_momentum"":0,""time"":1775829960}",1775859680
6173302506,985021106,light_sensitivity_value,1775829900,"{""light_sensitivity_value"":0,""time"":1775829900}",1775859667
6173302506,985021106,body_momentum,1775829900,"{""body_momentum"":0,""time"":1775829900}",1775859680
6173302506,985021106,light_sensitivity_value,1775829840,"{""light_sensitivity_value"":0,""time"":1775829840}",1775859667
6173302506,985021106,body_momentum,1775829840,"{""body_momentum"":0,""time"":1775829840}",1775859680
6173302506,985021106,light_sensitivity_value,1775829780,"{""light_sensitivity_value"":0,""time"":1775829780}",1775859667
6173302506,985021106,body_momentum,1775829780,"{""body_momentum"":0,""time"":1775829780}",1775859680
6173302506,985021106,light_sensitivity_value,1775829720,"{""light_sensitivity_value"":0,""time"":1775829720}",1775859667
6173302506,985021106,body_momentum,1775829720,"{""body_momentum"":0,""time"":1775829720}",1775859680
6173302506,985021106,light_sensitivity_value,1775829660,"{""light_sensitivity_value"":0,""time"":1775829660}",1775859667
6173302506,985021106,body_momentum,1775829660,"{""body_momentum"":0,""time"":1775829660}",1775859680
6173302506,985021106,calories,1775836740,"{""time"":1775836740,""calories"":1}",1775859532
6173302506,985021106,heart_rate,1775836680,"{""time"":1775836680,""bpm"":78,""type"":0}",1775859336
6173302506,985021106,calories,1775836620,"{""time"":1775836620,""calories"":1}",1775859532
6173302506,985021106,calories,1775836560,"{""time"":1775836560,""calories"":2}",1775859532
6173302506,985021106,calories,1775836500,"{""time"":1775836500,""calories"":2}",1775859532
6173302506,985021106,calories,1775836440,"{""time"":1775836440,""calories"":1}",1775859532
6173302506,985021106,heart_rate,1775836080,"{""time"":1775836080,""bpm"":70,""type"":0}",1775859336
6173302506,985021106,calories,1775836020,"{""time"":1775836020,""calories"":1}",1775859532
6173302506,985021106,calories,1775835540,"{""time"":1775835540,""calories"":1}",1775859532
6173302506,985021106,heart_rate,1775835480,"{""time"":1775835480,""bpm"":68,""type"":0}",1775859336
6173302506,985021106,calories,1775835360,"{""time"":1775835360,""calories"":1}",1775859532
6173302506,985021106,calories,1775835120,"{""time"":1775835120,""calories"":1}",1775859532
6173302506,985021106,calories,1775835060,"{""time"":1775835060,""calories"":2}",1775859532
6173302506,985021106,calories,1775835000,"{""time"":1775835000,""calories"":1}",1775859532
6173302506,985021106,calories,1775834940,"{""time"":1775834940,""calories"":1}",1775859532
6173302506,985021106,heart_rate,1775834880,"{""time"":1775834880,""bpm"":72,""type"":0}",1775859336
6173302506,985021106,calories,1775834820,"{""time"":1775834820,""calories"":1}",1775859532
6173302506,985021106,calories,1775834760,"{""time"":1775834760,""calories"":1}",1775859532
6173302506,985021106,calories,1775834700,"{""time"":1775834700,""calories"":1}",1775859532
6173302506,985021106,calories,1775834640,"{""time"":1775834640,""calories"":2}",1775859532
6173302506,985021106,calories,1775834520,"{""time"":1775834520,""calories"":1}",1775859532
6173302506,985021106,calories,1775834460,"{""time"":1775834460,""calories"":1}",1775859532
6173302506,985021106,calories,1775834340,"{""time"":1775834340,""calories"":1}",1775859532
6173302506,985021106,heart_rate,1775834280,"{""time"":1775834280,""bpm"":83,""type"":0}",1775859336
6173302506,985021106,calories,1775834280,"{""time"":1775834280,""calories"":2}",1775859532
6173302506,985021106,calories,1775834220,"{""time"":1775834220,""calories"":1}",1775859532
6173302506,985021106,calories,1775834160,"{""time"":1775834160,""calories"":2}",1775859532
6173302506,985021106,calories,1775834100,"{""time"":1775834100,""calories"":2}",1775859532
6173302506,985021106,calories,1775834040,"{""time"":1775834040,""calories"":2}",1775859532
6173302506,985021106,steps,1775834040,"{""time"":1775834040,""steps"":7,""distance"":4,""calories"":2}",1775859497
6173302506,985021106,calories,1775833980,"{""time"":1775833980,""calories"":2}",1775859532
6173302506,hlth.gen_150127125725276,steps,1775833920,"{""time"":1775833920,""steps"":41,""distance"":24,""calories"":1.64}",1775840580
6173302506,hlth.gen_150127125725276,calories,1775833920,"{""time"":1775833920,""calories"":1.64}",1775840581
6173302506,985021106,steps,1775833920,"{""time"":1775833920,""steps"":40,""distance"":25,""calories"":2}",1775859497
6173302506,985021106,calories,1775833920,"{""time"":1775833920,""calories"":2}",1775859532
6173302506,985021106,calories,1775833860,"{""time"":1775833860,""calories"":1}",1775859532
6173302506,hlth.gen_150127125725276,steps,1775833860,"{""time"":1775833860,""steps"":76,""distance"":45,""calories"":3.04}",1775840580
6173302506,985021106,steps,1775833860,"{""time"":1775833860,""steps"":50,""distance"":32,""calories"":1}",1775859497
6173302506,hlth.gen_150127125725276,calories,1775833860,"{""time"":1775833860,""calories"":4.92}",1775840581
6173302506,hlth.gen_150127125725276,calories,1775833800,"{""time"":1775833800,""calories"":0.56}",1775840581
6173302506,985021106,calories,1775833800,"{""time"":1775833800,""calories"":2}",1775859532
6173302506,hlth.gen_150127125725276,steps,1775833800,"{""time"":1775833800,""steps"":14,""distance"":8,""calories"":0.56}",1775840580
6173302506,985021106,calories,1775833740,"{""time"":1775833740,""calories"":1}",1775859532
6173302506,985021106,steps,1775833740,"{""time"":1775833740,""steps"":19,""distance"":12,""calories"":1}",1775859497
6173302506,985021106,steps,1775833680,"{""time"":1775833680,""steps"":50,""distance"":31,""calories"":2}",1775859497
6173302506,985021106,calories,1775833680,"{""time"":1775833680,""calories"":2}",1775859532
6173302506,985021106,heart_rate,1775833680,"{""time"":1775833680,""bpm"":80,""type"":0}",1775859336
6173302506,985021106,calories,1775833620,"{""time"":1775833620,""calories"":1}",1775859532
6173302506,985021106,calories,1775833500,"{""time"":1775833500,""calories"":2}",1775859532
6173302506,hlth.gen_150127125725276,calories,1775833440,"{""time"":1775833440,""calories"":3.04}",1775840581
6173302506,hlth.gen_150127125725276,steps,1775833440,"{""time"":1775833440,""steps"":76,""distance"":45,""calories"":3.04}",1775840580
6173302506,985021106,calories,1775833440,"{""time"":1775833440,""calories"":2}",1775859532
6173302506,985021106,calories,1775833380,"{""time"":1775833380,""calories"":2}",1775859532
6173302506,hlth.gen_150127125725276,calories,1775833380,"{""time"":1775833380,""calories"":0.76}",1775840581
6173302506,hlth.gen_150127125725276,steps,1775833380,"{""time"":1775833380,""steps"":19,""distance"":11,""calories"":0.76}",1775840580
6173302506,985021106,calories,1775833320,"{""time"":1775833320,""calories"":1}",1775859532
6173302506,985021106,calories,1775833260,"{""time"":1775833260,""calories"":1}",1775859532
6173302506,985021106,calories,1775833200,"{""time"":1775833200,""calories"":1}",1775859532
6173302506,985021106,calories,1775833140,"{""time"":1775833140,""calories"":1}",1775859532
6173302506,985021106,heart_rate,1775833080,"{""time"":1775833080,""bpm"":77,""type"":0}",1775859336
6173302506,985021106,calories,1775833020,"{""time"":1775833020,""calories"":3}",1775859532
6173302506,985021106,calories,1775832960,"{""time"":1775832960,""calories"":2}",1775859532
6173302506,985021106,calories,1775832900,"{""time"":1775832900,""calories"":1}",1775859532
6173302506,985021106,calories,1775832840,"{""time"":1775832840,""calories"":2}",1775859532
6173302506,985021106,calories,1775832780,"{""time"":1775832780,""calories"":1}",1775859532
6173302506,985021106,calories,1775832720,"{""time"":1775832720,""calories"":3}",1775859532
6173302506,985021106,steps,1775832720,"{""time"":1775832720,""steps"":24,""distance"":15,""calories"":3}",1775859497
6173302506,985021106,calories,1775832660,"{""time"":1775832660,""calories"":2}",1775859532
6173302506,985021106,heart_rate,1775832480,"{""time"":1775832480,""bpm"":76,""type"":0}",1775859336
6173302506,985021106,calories,1775832420,"{""time"":1775832420,""calories"":1}",1775859532
6173302506,985021106,calories,1775832300,"{""time"":1775832300,""calories"":2}",1775859532
6173302506,985021106,calories,1775832240,"{""time"":1775832240,""calories"":1}",1775859532
6173302506,985021106,calories,1775832180,"{""time"":1775832180,""calories"":1}",1775859532
6173302506,985021106,calories,1775832060,"{""time"":1775832060,""calories"":2}",1775859532
6173302506,985021106,calories,1775832000,"{""time"":1775832000,""calories"":3}",1775859532
6173302506,985021106,calories,1775831880,"{""time"":1775831880,""calories"":1}",1775859532
6173302506,985021106,heart_rate,1775831880,"{""time"":1775831880,""bpm"":83,""type"":0}",1775859336
6173302506,985021106,calories,1775831820,"{""time"":1775831820,""calories"":2}",1775859532
6173302506,985021106,calories,1775831760,"{""time"":1775831760,""calories"":1}",1775859532
6173302506,985021106,calories,1775831700,"{""time"":1775831700,""calories"":1}",1775859532
6173302506,985021106,calories,1775831640,"{""time"":1775831640,""calories"":2}",1775859532
6173302506,985021106,calories,1775831580,"{""time"":1775831580,""calories"":2}",1775859532
6173302506,985021106,calories,1775831520,"{""time"":1775831520,""calories"":1}",1775859532
6173302506,985021106,calories,1775831460,"{""time"":1775831460,""calories"":1}",1775859532
6173302506,985021106,calories,1775831400,"{""time"":1775831400,""calories"":1}",1775859532
6173302506,985021106,heart_rate,1775831280,"{""time"":1775831280,""bpm"":75,""type"":0}",1775859336
6173302506,985021106,calories,1775831160,"{""time"":1775831160,""calories"":1}",1775859532
6173302506,985021106,calories,1775831100,"{""time"":1775831100,""calories"":1}",1775859532
6173302506,985021106,calories,1775831040,"{""time"":1775831040,""calories"":2}",1775859532
6173302506,985021106,calories,1775830980,"{""time"":1775830980,""calories"":1}",1775859532
6173302506,985021106,calories,1775830860,"{""time"":1775830860,""calories"":1}",1775859532
6173302506,985021106,steps,1775830860,"{""time"":1775830860,""steps"":18,""distance"":11,""calories"":1}",1775859497
6173302506,985021106,calories,1775830800,"{""time"":1775830800,""calories"":2}",1775859532
6173302506,hlth.gen_150127125725276,calories,1775830800,"{""time"":1775830800,""calories"":0.59999996}",1775840581
6173302506,hlth.gen_150127125725276,steps,1775830800,"{""time"":1775830800,""steps"":15,""distance"":9,""calories"":0.59999996}",1775840580
6173302506,hlth.gen_150127125725276,steps,1775830740,"{""time"":1775830740,""steps"":26,""distance"":15,""calories"":1.04}",1775840580
6173302506,hlth.gen_150127125725276,calories,1775830740,"{""time"":1775830740,""calories"":1.04}",1775840581
6173302506,985021106,calories,1775830740,"{""time"":1775830740,""calories"":1}",1775859532
6173302506,985021106,calories,1775830380,"{""time"":1775830380,""calories"":1}",1775859532
6173302506,985021106,heart_rate,1775830260,"{""time"":1775830260,""bpm"":78,""type"":0}",1775859336
6173302506,985021106,steps,1775829960,"{""time"":1775829960,""steps"":34,""distance"":22,""calories"":1}",1775859497
6173302506,985021106,calories,1775829960,"{""time"":1775829960,""calories"":1}",1775859532
6173302506,985021106,calories,1775829900,"{""time"":1775829900,""calories"":2}",1775859532
6173302506,985021106,steps,1775829900,"{""time"":1775829900,""steps"":29,""distance"":18,""calories"":2}",1775859497
6173302506,985021106,steps,1775829840,"{""time"":1775829840,""steps"":22,""distance"":14,""calories"":2}",1775859497
6173302506,985021106,calories,1775829840,"{""time"":1775829840,""calories"":2}",1775859532
6173302506,985021106,steps,1775829780,"{""time"":1775829780,""steps"":19,""distance"":11,""calories"":1}",1775859497
6173302506,985021106,calories,1775829780,"{""time"":1775829780,""calories"":1}",1775859532
6173302506,985021106,calories,1775829720,"{""time"":1775829720,""calories"":1}",1775859532
6173302506,985021106,calories,1775829660,"{""time"":1775829660,""calories"":2}",1775859532
6173302506,985021106,heart_rate,1775829660,"{""time"":1775829660,""bpm"":91,""type"":0}",1775859336
6173302506,985021106,valid_stand,1775829600,"{""end_time"":1775833200,""start_time"":1775829600}",1775864420
6173302506,985021106,light_sensitivity_value,1775829600,"{""light_sensitivity_value"":0,""time"":1775829600}",1775859667
6173302506,985021106,body_momentum,1775829600,"{""body_momentum"":0,""time"":1775829600}",1775859680
6173302506,985021106,calories,1775829600,"{""time"":1775829600,""calories"":1}",1775859532
6173302506,985021106,light_sensitivity_value,1775829540,"{""light_sensitivity_value"":0,""time"":1775829540}",1775859667
6173302506,985021106,body_momentum,1775829540,"{""body_momentum"":0,""time"":1775829540}",1775859680
6173302506,985021106,light_sensitivity_value,1775829480,"{""light_sensitivity_value"":0,""time"":1775829480}",1775859667
6173302506,985021106,body_momentum,1775829480,"{""body_momentum"":0,""time"":1775829480}",1775859680
6173302506,985021106,light_sensitivity_value,1775829420,"{""light_sensitivity_value"":0,""time"":1775829420}",1775859665
6173302506,985021106,body_momentum,1775829420,"{""body_momentum"":0,""time"":1775829420}",1775859680
6173302506,985021106,body_momentum,1775829360,"{""body_momentum"":0,""time"":1775829360}",1775859680
6173302506,985021106,light_sensitivity_value,1775829360,"{""light_sensitivity_value"":0,""time"":1775829360}",1775859665
6173302506,985021106,body_momentum,1775829300,"{""body_momentum"":0,""time"":1775829300}",1775859680
6173302506,985021106,light_sensitivity_value,1775829300,"{""light_sensitivity_value"":0,""time"":1775829300}",1775859665
6173302506,985021106,body_momentum,1775829240,"{""body_momentum"":0,""time"":1775829240}",1775859680
6173302506,985021106,light_sensitivity_value,1775829240,"{""light_sensitivity_value"":0,""time"":1775829240}",1775859665
6173302506,985021106,light_sensitivity_value,1775829180,"{""light_sensitivity_value"":0,""time"":1775829180}",1775859665
6173302506,985021106,body_momentum,1775829180,"{""body_momentum"":0,""time"":1775829180}",1775859680
6173302506,985021106,light_sensitivity_value,1775829120,"{""light_sensitivity_value"":0,""time"":1775829120}",1775859665
6173302506,985021106,body_momentum,1775829120,"{""body_momentum"":0,""time"":1775829120}",1775859680
6173302506,985021106,light_sensitivity_value,1775829060,"{""light_sensitivity_value"":0,""time"":1775829060}",1775859665
6173302506,985021106,body_momentum,1775829060,"{""body_momentum"":0,""time"":1775829060}",1775859680
6173302506,985021106,light_sensitivity_value,1775829000,"{""light_sensitivity_value"":0,""time"":1775829000}",1775859665
6173302506,985021106,body_momentum,1775829000,"{""body_momentum"":0,""time"":1775829000}",1775859680
6173302506,985021106,light_sensitivity_value,1775828940,"{""light_sensitivity_value"":0,""time"":1775828940}",1775859665
6173302506,985021106,body_momentum,1775828940,"{""body_momentum"":0,""time"":1775828940}",1775859680
6173302506,985021106,light_sensitivity_value,1775828880,"{""light_sensitivity_value"":0,""time"":1775828880}",1775859665
6173302506,985021106,body_momentum,1775828880,"{""body_momentum"":0,""time"":1775828880}",1775859680
6173302506,985021106,light_sensitivity_value,1775828820,"{""light_sensitivity_value"":0,""time"":1775828820}",1775859665
6173302506,985021106,body_momentum,1775828820,"{""body_momentum"":0,""time"":1775828820}",1775859680
6173302506,985021106,light_sensitivity_value,1775828760,"{""light_sensitivity_value"":0,""time"":1775828760}",1775859665
6173302506,985021106,body_momentum,1775828760,"{""body_momentum"":0,""time"":1775828760}",1775859680
6173302506,985021106,light_sensitivity_value,1775828700,"{""light_sensitivity_value"":0,""time"":1775828700}",1775859665
6173302506,985021106,body_momentum,1775828700,"{""body_momentum"":0,""time"":1775828700}",1775859680
6173302506,985021106,light_sensitivity_value,1775828640,"{""light_sensitivity_value"":0,""time"":1775828640}",1775859665
6173302506,985021106,body_momentum,1775828640,"{""body_momentum"":0,""time"":1775828640}",1775859680
6173302506,985021106,light_sensitivity_value,1775828580,"{""light_sensitivity_value"":0,""time"":1775828580}",1775859665
6173302506,985021106,body_momentum,1775828580,"{""body_momentum"":0,""time"":1775828580}",1775859680
6173302506,985021106,light_sensitivity_value,1775828520,"{""light_sensitivity_value"":0,""time"":1775828520}",1775859665
6173302506,985021106,body_momentum,1775828520,"{""body_momentum"":0,""time"":1775828520}",1775859679
6173302506,985021106,light_sensitivity_value,1775828460,"{""light_sensitivity_value"":0,""time"":1775828460}",1775859665
6173302506,985021106,body_momentum,1775828460,"{""body_momentum"":0,""time"":1775828460}",1775859679
6173302506,985021106,light_sensitivity_value,1775828400,"{""light_sensitivity_value"":0,""time"":1775828400}",1775859665
6173302506,985021106,body_momentum,1775828400,"{""body_momentum"":0,""time"":1775828400}",1775859679
6173302506,985021106,light_sensitivity_value,1775828340,"{""light_sensitivity_value"":0,""time"":1775828340}",1775859665
6173302506,985021106,body_momentum,1775828340,"{""body_momentum"":0,""time"":1775828340}",1775859679
6173302506,985021106,light_sensitivity_value,1775828280,"{""light_sensitivity_value"":0,""time"":1775828280}",1775859665
6173302506,985021106,body_momentum,1775828280,"{""body_momentum"":0,""time"":1775828280}",1775859679
6173302506,985021106,light_sensitivity_value,1775828220,"{""light_sensitivity_value"":0,""time"":1775828220}",1775859665
6173302506,985021106,body_momentum,1775828220,"{""body_momentum"":0,""time"":1775828220}",1775859679
6173302506,985021106,light_sensitivity_value,1775828160,"{""light_sensitivity_value"":0,""time"":1775828160}",1775859665
6173302506,985021106,body_momentum,1775828160,"{""body_momentum"":0,""time"":1775828160}",1775859679
6173302506,985021106,light_sensitivity_value,1775828100,"{""light_sensitivity_value"":0,""time"":1775828100}",1775859665
6173302506,985021106,body_momentum,1775828100,"{""body_momentum"":0,""time"":1775828100}",1775859679
6173302506,985021106,light_sensitivity_value,1775828040,"{""light_sensitivity_value"":0,""time"":1775828040}",1775859665
6173302506,985021106,body_momentum,1775828040,"{""body_momentum"":0,""time"":1775828040}",1775859679
6173302506,985021106,light_sensitivity_value,1775827980,"{""light_sensitivity_value"":0,""time"":1775827980}",1775859665
6173302506,985021106,body_momentum,1775827980,"{""body_momentum"":0,""time"":1775827980}",1775859679
6173302506,985021106,light_sensitivity_value,1775827920,"{""light_sensitivity_value"":0,""time"":1775827920}",1775859665
6173302506,985021106,body_momentum,1775827920,"{""body_momentum"":0,""time"":1775827920}",1775859679
6173302506,985021106,light_sensitivity_value,1775827860,"{""light_sensitivity_value"":0,""time"":1775827860}",1775859665
6173302506,985021106,body_momentum,1775827860,"{""body_momentum"":0,""time"":1775827860}",1775859679
6173302506,985021106,light_sensitivity_value,1775827800,"{""light_sensitivity_value"":0,""time"":1775827800}",1775859665
6173302506,985021106,body_momentum,1775827800,"{""body_momentum"":0,""time"":1775827800}",1775859679
6173302506,985021106,light_sensitivity_value,1775827740,"{""light_sensitivity_value"":0,""time"":1775827740}",1775859665
6173302506,985021106,body_momentum,1775827740,"{""body_momentum"":0,""time"":1775827740}",1775859679
6173302506,985021106,light_sensitivity_value,1775827680,"{""light_sensitivity_value"":0,""time"":1775827680}",1775859665
6173302506,985021106,body_momentum,1775827680,"{""body_momentum"":0,""time"":1775827680}",1775859679
6173302506,985021106,light_sensitivity_value,1775827620,"{""light_sensitivity_value"":0,""time"":1775827620}",1775859665
6173302506,985021106,body_momentum,1775827620,"{""body_momentum"":0,""time"":1775827620}",1775859679
6173302506,985021106,light_sensitivity_value,1775827560,"{""light_sensitivity_value"":0,""time"":1775827560}",1775859665
6173302506,985021106,body_momentum,1775827560,"{""body_momentum"":0,""time"":1775827560}",1775859679
6173302506,985021106,light_sensitivity_value,1775827500,"{""light_sensitivity_value"":0,""time"":1775827500}",1775859665
6173302506,985021106,body_momentum,1775827500,"{""body_momentum"":0,""time"":1775827500}",1775859679
6173302506,985021106,light_sensitivity_value,1775827440,"{""light_sensitivity_value"":0,""time"":1775827440}",1775859665
6173302506,985021106,body_momentum,1775827440,"{""body_momentum"":0,""time"":1775827440}",1775859679
6173302506,985021106,light_sensitivity_value,1775827380,"{""light_sensitivity_value"":0,""time"":1775827380}",1775859665
6173302506,985021106,body_momentum,1775827380,"{""body_momentum"":0,""time"":1775827380}",1775859679
6173302506,985021106,light_sensitivity_value,1775827320,"{""light_sensitivity_value"":0,""time"":1775827320}",1775859665
6173302506,985021106,body_momentum,1775827320,"{""body_momentum"":0,""time"":1775827320}",1775859679
6173302506,985021106,light_sensitivity_value,1775827260,"{""light_sensitivity_value"":0,""time"":1775827260}",1775859665
6173302506,985021106,body_momentum,1775827260,"{""body_momentum"":0,""time"":1775827260}",1775859679
6173302506,985021106,light_sensitivity_value,1775827200,"{""light_sensitivity_value"":0,""time"":1775827200}",1775859665
6173302506,985021106,body_momentum,1775827200,"{""body_momentum"":0,""time"":1775827200}",1775859679
6173302506,985021106,light_sensitivity_value,1775827140,"{""light_sensitivity_value"":0,""time"":1775827140}",1775859665
6173302506,985021106,body_momentum,1775827140,"{""body_momentum"":0,""time"":1775827140}",1775859679
6173302506,985021106,light_sensitivity_value,1775827080,"{""light_sensitivity_value"":0,""time"":1775827080}",1775859665
6173302506,985021106,body_momentum,1775827080,"{""body_momentum"":0,""time"":1775827080}",1775859679
6173302506,985021106,sleep,1775827020,"{""avg_breath"":14,""avg_hr"":60,""bedtime"":1775793480,""sleep_deep_duration"":155,""device_bedtime"":1775793480,""device_wake_up_time"":1775827020,""sleep_duration"":540,""bed_timestamp"":1775792940,""out_bed_timestamp"":1775827020,""sleep_light_duration"":227,""bed_duration"":34080,""max_hr"":84,""min_hr"":49,""protoTime"":1775827020,""sleep_rem_duration"":151,""duration"":533,""sleep_efficiency"":93,""items"":[{""end_time"":1775794860,""state"":3,""start_time"":1775793480},{""end_time"":1775797140,""state"":2,""start_time"":1775794860},{""end_time"":1775798940,""state"":3,""start_time"":1775797140},{""end_time"":1775799300,""state"":4,""start_time"":1775798940},{""end_time"":1775800020,""state"":2,""start_time"":1775799300},{""end_time"":1775800620,""state"":3,""start_time"":1775800020},{""end_time"":1775800800,""state"":4,""start_time"":1775800620},{""end_time"":1775800860,""state"":2,""start_time"":1775800800},{""end_time"":1775803320,""state"":3,""start_time"":1775800860},{""end_time"":1775803560,""state"":4,""start_time"":1775803320},{""end_time"":1775803620,""state"":3,""start_time"":1775803560},{""end_time"":1775803980,""state"":2,""start_time"":1775803620},{""end_time"":1775804520,""state"":4,""start_time"":1775803980},{""end_time"":1775805300,""state"":3,""start_time"":1775804520},{""end_time"":1775805840,""state"":2,""start_time"":1775805300},{""end_time"":1775806620,""state"":3,""start_time"":1775805840},{""end_time"":1775807160,""state"":4,""start_time"":1775806620},{""end_time"":1775807520,""state"":3,""start_time"":1775807160},{""end_time"":1775807580,""state"":2,""start_time"":1775807520},{""end_time"":1775808600,""state"":3,""start_time"":1775807580},{""end_time"":1775809200,""state"":4,""start_time"":1775808600},{""end_time"":1775809380,""state"":5,""start_time"":1775809200},{""end_time"":1775809500,""state"":4,""start_time"":1775809380},{""end_time"":1775809740,""state"":3,""start_time"":1775809500},{""end_time"":1775810040,""state"":2,""start_time"":1775809740},{""end_time"":1775810280,""state"":4,""start_time"":1775810040},{""end_time"":1775810520,""state"":2,""start_time"":1775810280},{""end_time"":1775810580,""state"":3,""start_time"":1775810520},{""end_time"":1775811780,""state"":2,""start_time"":1775810580},{""end_time"":1775812140,""state"":4,""start_time"":1775811780},{""end_time"":1775812860,""state"":3,""start_time"":1775812140},{""end_time"":1775814660,""state"":2,""start_time"":1775812860},{""end_time"":1775815560,""state"":3,""start_time"":1775814660},{""end_time"":1775815980,""state"":4,""start_time"":1775815560},{""end_time"":1775816280,""state"":2,""start_time"":1775815980},{""end_time"":1775816580,""state"":3,""start_time"":1775816280},{""end_time"":1775817060,""state"":4,""start_time"":1775816580},{""end_time"":1775817420,""state"":3,""start_time"":1775817060},{""end_time"":1775817600,""state"":5,""start_time"":1775817420},{""end_time"":1775817840,""state"":3,""start_time"":1775817600},{""end_time"":1775818500,""state"":2,""start_time"":1775817840},{""end_time"":1775818740,""state"":4,""start_time"":1775818500},{""end_time"":1775819520,""state"":3,""start_time"":1775818740},{""end_time"":1775820420,""state"":4,""start_time"":1775819520},{""end_time"":1775821620,""state"":5,""start_time"":1775820420},{""end_time"":1775822580,""state"":4,""start_time"":1775821620},{""end_time"":1775823300,""state"":3,""start_time"":1775822580},{""end_time"":1775823900,""state"":2,""start_time"":1775823300},{""end_time"":1775824500,""state"":4,""start_time"":1775823900},{""end_time"":1775824560,""state"":3,""start_time"":1775824500},{""end_time"":1775824740,""state"":2,""start_time"":1775824560},{""end_time"":1775827020,""state"":4,""start_time"":1775824740}],""sleep_algorithm_version"":0,""timezone"":-24,""version"":5,""awake_count"":3,""sleep_awake_duration"":26,""wake_up_time"":1775827020}",1775840585
6173302506,985021106,light_sensitivity_value,1775827020,"{""light_sensitivity_value"":0,""time"":1775827020}",1775859665
6173302506,985021106,body_momentum,1775827020,"{""body_momentum"":0,""time"":1775827020}",1775859679
6173302506,985021106,light_sensitivity_value,1775826960,"{""light_sensitivity_value"":0,""time"":1775826960}",1775859665
6173302506,985021106,body_momentum,1775826960,"{""body_momentum"":0,""time"":1775826960}",1775859679
6173302506,985021106,light_sensitivity_value,1775826900,"{""light_sensitivity_value"":0,""time"":1775826900}",1775859665
6173302506,985021106,body_momentum,1775826900,"{""body_momentum"":0,""time"":1775826900}",1775859679
6173302506,985021106,light_sensitivity_value,1775826840,"{""light_sensitivity_value"":0,""time"":1775826840}",1775859665
6173302506,985021106,body_momentum,1775826840,"{""body_momentum"":0,""time"":1775826840}",1775859679
6173302506,985021106,light_sensitivity_value,1775826780,"{""light_sensitivity_value"":0,""time"":1775826780}",1775859665
6173302506,985021106,body_momentum,1775826780,"{""body_momentum"":0,""time"":1775826780}",1775859679
6173302506,985021106,light_sensitivity_value,1775826720,"{""light_sensitivity_value"":0,""time"":1775826720}",1775859665
6173302506,985021106,body_momentum,1775826720,"{""body_momentum"":0,""time"":1775826720}",1775859679
6173302506,985021106,light_sensitivity_value,1775826660,"{""light_sensitivity_value"":0,""time"":1775826660}",1775859665
6173302506,985021106,body_momentum,1775826660,"{""body_momentum"":0,""time"":1775826660}",1775859679
6173302506,985021106,light_sensitivity_value,1775826600,"{""light_sensitivity_value"":0,""time"":1775826600}",1775859665
6173302506,985021106,body_momentum,1775826600,"{""body_momentum"":0,""time"":1775826600}",1775859679
6173302506,985021106,light_sensitivity_value,1775826540,"{""light_sensitivity_value"":0,""time"":1775826540}",1775859665
6173302506,985021106,body_momentum,1775826540,"{""body_momentum"":0,""time"":1775826540}",1775859679
6173302506,985021106,light_sensitivity_value,1775826480,"{""light_sensitivity_value"":0,""time"":1775826480}",1775859665
6173302506,985021106,body_momentum,1775826480,"{""body_momentum"":0,""time"":1775826480}",1775859679
6173302506,985021106,light_sensitivity_value,1775826420,"{""light_sensitivity_value"":0,""time"":1775826420}",1775859665
6173302506,985021106,body_momentum,1775826420,"{""body_momentum"":0,""time"":1775826420}",1775859679
6173302506,985021106,light_sensitivity_value,1775826360,"{""light_sensitivity_value"":0,""time"":1775826360}",1775859665
6173302506,985021106,body_momentum,1775826360,"{""body_momentum"":0,""time"":1775826360}",1775859679
6173302506,985021106,light_sensitivity_value,1775826300,"{""light_sensitivity_value"":0,""time"":1775826300}",1775859665
6173302506,985021106,body_momentum,1775826300,"{""body_momentum"":0,""time"":1775826300}",1775859679
6173302506,985021106,light_sensitivity_value,1775826240,"{""light_sensitivity_value"":0,""time"":1775826240}",1775859665
6173302506,985021106,body_momentum,1775826240,"{""body_momentum"":0,""time"":1775826240}",1775859679
6173302506,985021106,light_sensitivity_value,1775826180,"{""light_sensitivity_value"":0,""time"":1775826180}",1775859665
6173302506,985021106,body_momentum,1775826180,"{""body_momentum"":0,""time"":1775826180}",1775859679
6173302506,985021106,light_sensitivity_value,1775826120,"{""light_sensitivity_value"":0,""time"":1775826120}",1775859665
6173302506,985021106,body_momentum,1775826120,"{""body_momentum"":0,""time"":1775826120}",1775859679
6173302506,985021106,light_sensitivity_value,1775826060,"{""light_sensitivity_value"":0,""time"":1775826060}",1775859665
6173302506,985021106,body_momentum,1775826060,"{""body_momentum"":0,""time"":1775826060}",1775859679
6173302506,985021106,valid_stand,1775826000,"{""end_time"":1775829600,""start_time"":1775826000}",1775864420
6173302506,985021106,light_sensitivity_value,1775826000,"{""light_sensitivity_value"":0,""time"":1775826000}",1775859665
6173302506,985021106,body_momentum,1775826000,"{""body_momentum"":0,""time"":1775826000}",1775859679
6173302506,985021106,light_sensitivity_value,1775825940,"{""light_sensitivity_value"":0,""time"":1775825940}",1775859665
6173302506,985021106,body_momentum,1775825940,"{""body_momentum"":0,""time"":1775825940}",1775859679
6173302506,985021106,light_sensitivity_value,1775825880,"{""light_sensitivity_value"":0,""time"":1775825880}",1775859665
6173302506,985021106,body_momentum,1775825880,"{""body_momentum"":0,""time"":1775825880}",1775859679
6173302506,985021106,light_sensitivity_value,1775825820,"{""light_sensitivity_value"":0,""time"":1775825820}",1775859665
6173302506,985021106,body_momentum,1775825820,"{""body_momentum"":0,""time"":1775825820}",1775859679
6173302506,985021106,light_sensitivity_value,1775825760,"{""light_sensitivity_value"":0,""time"":1775825760}",1775859665
6173302506,985021106,body_momentum,1775825760,"{""body_momentum"":0,""time"":1775825760}",1775859679
6173302506,985021106,light_sensitivity_value,1775825700,"{""light_sensitivity_value"":0,""time"":1775825700}",1775859665
6173302506,985021106,body_momentum,1775825700,"{""body_momentum"":0,""time"":1775825700}",1775859679
6173302506,985021106,light_sensitivity_value,1775825640,"{""light_sensitivity_value"":0,""time"":1775825640}",1775859665
6173302506,985021106,body_momentum,1775825640,"{""body_momentum"":0,""time"":1775825640}",1775859679
6173302506,985021106,light_sensitivity_value,1775825580,"{""light_sensitivity_value"":0,""time"":1775825580}",1775859665
6173302506,985021106,body_momentum,1775825580,"{""body_momentum"":0,""time"":1775825580}",1775859679
6173302506,985021106,light_sensitivity_value,1775825520,"{""light_sensitivity_value"":0,""time"":1775825520}",1775859665
6173302506,985021106,body_momentum,1775825520,"{""body_momentum"":0,""time"":1775825520}",1775859679
6173302506,985021106,light_sensitivity_value,1775825460,"{""light_sensitivity_value"":0,""time"":1775825460}",1775859665
6173302506,985021106,body_momentum,1775825460,"{""body_momentum"":0,""time"":1775825460}",1775859679
6173302506,985021106,light_sensitivity_value,1775825400,"{""light_sensitivity_value"":0,""time"":1775825400}",1775859665
6173302506,985021106,body_momentum,1775825400,"{""body_momentum"":0,""time"":1775825400}",1775859679
6173302506,985021106,light_sensitivity_value,1775825340,"{""light_sensitivity_value"":0,""time"":1775825340}",1775859665
6173302506,985021106,body_momentum,1775825340,"{""body_momentum"":0,""time"":1775825340}",1775859679
6173302506,985021106,light_sensitivity_value,1775825280,"{""light_sensitivity_value"":0,""time"":1775825280}",1775859665
6173302506,985021106,body_momentum,1775825280,"{""body_momentum"":0,""time"":1775825280}",1775859679
6173302506,985021106,light_sensitivity_value,1775825220,"{""light_sensitivity_value"":0,""time"":1775825220}",1775859665
6173302506,985021106,body_momentum,1775825220,"{""body_momentum"":0,""time"":1775825220}",1775859679
6173302506,985021106,light_sensitivity_value,1775825160,"{""light_sensitivity_value"":0,""time"":1775825160}",1775859665
6173302506,985021106,body_momentum,1775825160,"{""body_momentum"":0,""time"":1775825160}",1775859679
6173302506,985021106,light_sensitivity_value,1775825100,"{""light_sensitivity_value"":0,""time"":1775825100}",1775859665
6173302506,985021106,body_momentum,1775825100,"{""body_momentum"":0,""time"":1775825100}",1775859679
6173302506,985021106,light_sensitivity_value,1775825040,"{""light_sensitivity_value"":0,""time"":1775825040}",1775859665
6173302506,985021106,body_momentum,1775825040,"{""body_momentum"":0,""time"":1775825040}",1775859679
6173302506,985021106,light_sensitivity_value,1775824980,"{""light_sensitivity_value"":0,""time"":1775824980}",1775859665
6173302506,985021106,body_momentum,1775824980,"{""body_momentum"":0,""time"":1775824980}",1775859679
6173302506,985021106,light_sensitivity_value,1775824920,"{""light_sensitivity_value"":0,""time"":1775824920}",1775859665
6173302506,985021106,body_momentum,1775824920,"{""body_momentum"":0,""time"":1775824920}",1775859678
6173302506,985021106,light_sensitivity_value,1775824860,"{""light_sensitivity_value"":0,""time"":1775824860}",1775859665
6173302506,985021106,body_momentum,1775824860,"{""body_momentum"":0,""time"":1775824860}",1775859678
6173302506,985021106,light_sensitivity_value,1775824800,"{""light_sensitivity_value"":0,""time"":1775824800}",1775859665
6173302506,985021106,body_momentum,1775824800,"{""body_momentum"":0,""time"":1775824800}",1775859678
6173302506,985021106,light_sensitivity_value,1775824740,"{""light_sensitivity_value"":0,""time"":1775824740}",1775859665
6173302506,985021106,body_momentum,1775824740,"{""body_momentum"":0,""time"":1775824740}",1775859678
6173302506,985021106,light_sensitivity_value,1775824680,"{""light_sensitivity_value"":0,""time"":1775824680}",1775859665
6173302506,985021106,body_momentum,1775824680,"{""body_momentum"":0,""time"":1775824680}",1775859678
6173302506,985021106,light_sensitivity_value,1775824620,"{""light_sensitivity_value"":0,""time"":1775824620}",1775859665
6173302506,985021106,body_momentum,1775824620,"{""body_momentum"":0,""time"":1775824620}",1775859678
6173302506,985021106,light_sensitivity_value,1775824560,"{""light_sensitivity_value"":0,""time"":1775824560}",1775859665
6173302506,985021106,body_momentum,1775824560,"{""body_momentum"":0,""time"":1775824560}",1775859678
6173302506,985021106,light_sensitivity_value,1775824500,"{""light_sensitivity_value"":0,""time"":1775824500}",1775859665
6173302506,985021106,body_momentum,1775824500,"{""body_momentum"":0,""time"":1775824500}",1775859678
6173302506,985021106,light_sensitivity_value,1775824440,"{""light_sensitivity_value"":0,""time"":1775824440}",1775859665
6173302506,985021106,body_momentum,1775824440,"{""body_momentum"":0,""time"":1775824440}",1775859678
6173302506,985021106,light_sensitivity_value,1775824380,"{""light_sensitivity_value"":0,""time"":1775824380}",1775859665
6173302506,985021106,body_momentum,1775824380,"{""body_momentum"":0,""time"":1775824380}",1775859678
6173302506,985021106,light_sensitivity_value,1775824320,"{""light_sensitivity_value"":0,""time"":1775824320}",1775859665
6173302506,985021106,body_momentum,1775824320,"{""body_momentum"":0,""time"":1775824320}",1775859678
6173302506,985021106,light_sensitivity_value,1775824260,"{""light_sensitivity_value"":0,""time"":1775824260}",1775859665
6173302506,985021106,body_momentum,1775824260,"{""body_momentum"":0,""time"":1775824260}",1775859678
6173302506,985021106,light_sensitivity_value,1775824200,"{""light_sensitivity_value"":0,""time"":1775824200}",1775859665
6173302506,985021106,body_momentum,1775824200,"{""body_momentum"":0,""time"":1775824200}",1775859678
6173302506,985021106,light_sensitivity_value,1775824140,"{""light_sensitivity_value"":0,""time"":1775824140}",1775859665
6173302506,985021106,body_momentum,1775824140,"{""body_momentum"":0,""time"":1775824140}",1775859678
6173302506,985021106,light_sensitivity_value,1775824080,"{""light_sensitivity_value"":0,""time"":1775824080}",1775859665
6173302506,985021106,body_momentum,1775824080,"{""body_momentum"":0,""time"":1775824080}",1775859678
6173302506,985021106,light_sensitivity_value,1775824020,"{""light_sensitivity_value"":0,""time"":1775824020}",1775859665
6173302506,985021106,body_momentum,1775824020,"{""body_momentum"":0,""time"":1775824020}",1775859678
6173302506,985021106,light_sensitivity_value,1775823960,"{""light_sensitivity_value"":0,""time"":1775823960}",1775859665
6173302506,985021106,body_momentum,1775823960,"{""body_momentum"":0,""time"":1775823960}",1775859678
6173302506,985021106,light_sensitivity_value,1775823900,"{""light_sensitivity_value"":0,""time"":1775823900}",1775859665
6173302506,985021106,body_momentum,1775823900,"{""body_momentum"":0,""time"":1775823900}",1775859678
6173302506,985021106,light_sensitivity_value,1775823840,"{""light_sensitivity_value"":0,""time"":1775823840}",1775859665
6173302506,985021106,body_momentum,1775823840,"{""body_momentum"":0,""time"":1775823840}",1775859678
6173302506,985021106,light_sensitivity_value,1775823780,"{""light_sensitivity_value"":0,""time"":1775823780}",1775859665
6173302506,985021106,body_momentum,1775823780,"{""body_momentum"":0,""time"":1775823780}",1775859678
6173302506,985021106,light_sensitivity_value,1775823720,"{""light_sensitivity_value"":0,""time"":1775823720}",1775859665
6173302506,985021106,body_momentum,1775823720,"{""body_momentum"":0,""time"":1775823720}",1775859678
6173302506,985021106,light_sensitivity_value,1775823660,"{""light_sensitivity_value"":0,""time"":1775823660}",1775859665
6173302506,985021106,body_momentum,1775823660,"{""body_momentum"":0,""time"":1775823660}",1775859678
6173302506,985021106,light_sensitivity_value,1775823600,"{""light_sensitivity_value"":0,""time"":1775823600}",1775859665
6173302506,985021106,body_momentum,1775823600,"{""body_momentum"":0,""time"":1775823600}",1775859678
6173302506,985021106,light_sensitivity_value,1775823540,"{""light_sensitivity_value"":0,""time"":1775823540}",1775859665
6173302506,985021106,body_momentum,1775823540,"{""body_momentum"":0,""time"":1775823540}",1775859678
6173302506,985021106,light_sensitivity_value,1775823480,"{""light_sensitivity_value"":0,""time"":1775823480}",1775859665
6173302506,985021106,body_momentum,1775823480,"{""body_momentum"":0,""time"":1775823480}",1775859678
6173302506,985021106,light_sensitivity_value,1775823420,"{""light_sensitivity_value"":0,""time"":1775823420}",1775859665
6173302506,985021106,body_momentum,1775823420,"{""body_momentum"":0,""time"":1775823420}",1775859678
6173302506,985021106,light_sensitivity_value,1775823360,"{""light_sensitivity_value"":0,""time"":1775823360}",1775859665
6173302506,985021106,body_momentum,1775823360,"{""body_momentum"":0,""time"":1775823360}",1775859678
6173302506,985021106,light_sensitivity_value,1775823300,"{""light_sensitivity_value"":0,""time"":1775823300}",1775859665
6173302506,985021106,body_momentum,1775823300,"{""body_momentum"":0,""time"":1775823300}",1775859678
6173302506,985021106,light_sensitivity_value,1775823240,"{""light_sensitivity_value"":0,""time"":1775823240}",1775859665
6173302506,985021106,body_momentum,1775823240,"{""body_momentum"":0,""time"":1775823240}",1775859678
6173302506,985021106,light_sensitivity_value,1775823180,"{""light_sensitivity_value"":0,""time"":1775823180}",1775859665
6173302506,985021106,body_momentum,1775823180,"{""body_momentum"":0,""time"":1775823180}",1775859678
6173302506,985021106,light_sensitivity_value,1775823120,"{""light_sensitivity_value"":0,""time"":1775823120}",1775859665
6173302506,985021106,body_momentum,1775823120,"{""body_momentum"":0,""time"":1775823120}",1775859678
6173302506,985021106,light_sensitivity_value,1775823060,"{""light_sensitivity_value"":0,""time"":1775823060}",1775859665
6173302506,985021106,body_momentum,1775823060,"{""body_momentum"":0,""time"":1775823060}",1775859678
6173302506,985021106,light_sensitivity_value,1775823000,"{""light_sensitivity_value"":0,""time"":1775823000}",1775859665
6173302506,985021106,body_momentum,1775823000,"{""body_momentum"":0,""time"":1775823000}",1775859678
6173302506,985021106,light_sensitivity_value,1775822940,"{""light_sensitivity_value"":0,""time"":1775822940}",1775859665
6173302506,985021106,body_momentum,1775822940,"{""body_momentum"":0,""time"":1775822940}",1775859678
6173302506,985021106,light_sensitivity_value,1775822880,"{""light_sensitivity_value"":0,""time"":1775822880}",1775859665
6173302506,985021106,body_momentum,1775822880,"{""body_momentum"":0,""time"":1775822880}",1775859678
6173302506,985021106,light_sensitivity_value,1775822820,"{""light_sensitivity_value"":0,""time"":1775822820}",1775859665
6173302506,985021106,body_momentum,1775822820,"{""body_momentum"":0,""time"":1775822820}",1775859678
6173302506,985021106,light_sensitivity_value,1775822760,"{""light_sensitivity_value"":0,""time"":1775822760}",1775859665
6173302506,985021106,body_momentum,1775822760,"{""body_momentum"":0,""time"":1775822760}",1775859678
6173302506,985021106,light_sensitivity_value,1775822700,"{""light_sensitivity_value"":0,""time"":1775822700}",1775859665
6173302506,985021106,body_momentum,1775822700,"{""body_momentum"":0,""time"":1775822700}",1775859678
6173302506,985021106,calories,1775829540,"{""time"":1775829540,""calories"":3}",1775859532
6173302506,985021106,calories,1775829480,"{""time"":1775829480,""calories"":2}",1775859532
6173302506,985021106,calories,1775829420,"{""time"":1775829420,""calories"":2}",1775859532
6173302506,985021106,calories,1775829360,"{""time"":1775829360,""calories"":1}",1775859532
6173302506,985021106,steps,1775829300,"{""time"":1775829300,""steps"":8,""distance"":5,""calories"":0}",1775859497
6173302506,985021106,steps,1775829240,"{""time"":1775829240,""steps"":74,""distance"":47,""calories"":3}",1775859497
6173302506,985021106,calories,1775829240,"{""time"":1775829240,""calories"":3}",1775859532
6173302506,985021106,steps,1775829180,"{""time"":1775829180,""steps"":22,""distance"":14,""calories"":2}",1775859497
6173302506,985021106,calories,1775829180,"{""time"":1775829180,""calories"":2}",1775859532
6173302506,985021106,calories,1775829120,"{""time"":1775829120,""calories"":2}",1775859532
6173302506,985021106,heart_rate,1775829060,"{""time"":1775829060,""bpm"":95,""type"":0}",1775859335
6173302506,985021106,calories,1775829000,"{""time"":1775829000,""calories"":1}",1775859532
6173302506,985021106,calories,1775828940,"{""time"":1775828940,""calories"":2}",1775859532
6173302506,985021106,steps,1775828940,"{""time"":1775828940,""steps"":24,""distance"":15,""calories"":2}",1775859497
6173302506,985021106,calories,1775828880,"{""time"":1775828880,""calories"":1}",1775859532
6173302506,985021106,steps,1775828880,"{""time"":1775828880,""steps"":8,""distance"":5,""calories"":1}",1775859497
6173302506,985021106,calories,1775828520,"{""time"":1775828520,""calories"":1}",1775859532
6173302506,985021106,calories,1775828460,"{""time"":1775828460,""calories"":1}",1775859532
6173302506,985021106,heart_rate,1775828460,"{""time"":1775828460,""bpm"":82,""type"":0}",1775859335
6173302506,hlth.gen_150127125725276,calories,1775828400,"{""time"":1775828400,""calories"":0.52}",1775840581
6173302506,985021106,heart_rate,1775828400,"{""time"":1775828400,""bpm"":66,""type"":0}",1775859335
6173302506,hlth.gen_150127125725276,steps,1775828400,"{""time"":1775828400,""steps"":13,""distance"":7,""calories"":0.52}",1775840580
6173302506,985021106,heart_rate,1775828340,"{""time"":1775828340,""bpm"":64,""type"":0}",1775859335
6173302506,985021106,heart_rate,1775828280,"{""time"":1775828280,""bpm"":64,""type"":0}",1775859335
6173302506,985021106,heart_rate,1775828220,"{""time"":1775828220,""bpm"":67,""type"":0}",1775859335
6173302506,985021106,heart_rate,1775827800,"{""time"":1775827800,""bpm"":65,""type"":0}",1775859335
6173302506,985021106,calories,1775827740,"{""time"":1775827740,""calories"":1}",1775859532
6173302506,985021106,calories,1775827260,"{""time"":1775827260,""calories"":1}",1775859532
6173302506,985021106,heart_rate,1775827140,"{""time"":1775827140,""bpm"":62,""type"":0}",1775859335
6173302506,985021106,heart_rate,1775827080,"{""time"":1775827080,""bpm"":81,""type"":0}",1775859335
6173302506,985021106,heart_rate,1775827020,"{""time"":1775827020,""bpm"":58,""type"":0}",1775859335
6173302506,985021106,heart_rate,1775826960,"{""time"":1775826960,""bpm"":60,""type"":0}",1775859335
6173302506,985021106,heart_rate,1775826900,"{""time"":1775826900,""bpm"":62,""type"":0}",1775859335
6173302506,985021106,heart_rate,1775826840,"{""time"":1775826840,""bpm"":60,""type"":0}",1775859335
6173302506,985021106,heart_rate,1775826780,"{""time"":1775826780,""bpm"":60,""type"":0}",1775859335
6173302506,985021106,heart_rate,1775826720,"{""time"":1775826720,""bpm"":60,""type"":0}",1775859335
6173302506,985021106,heart_rate,1775826660,"{""time"":1775826660,""bpm"":60,""type"":0}",1775859335
6173302506,985021106,heart_rate,1775826600,"{""time"":1775826600,""bpm"":57,""type"":0}",1775859335
6173302506,985021106,heart_rate,1775826540,"{""time"":1775826540,""bpm"":58,""type"":0}",1775859335
6173302506,985021106,heart_rate,1775826480,"{""time"":1775826480,""bpm"":61,""type"":0}",1775859335
6173302506,985021106,heart_rate,1775826420,"{""time"":1775826420,""bpm"":61,""type"":0}",1775859335
6173302506,985021106,heart_rate,1775826360,"{""time"":1775826360,""bpm"":61,""type"":0}",1775859335
6173302506,985021106,heart_rate,1775826300,"{""time"":1775826300,""bpm"":63,""type"":0}",1775859335
6173302506,985021106,heart_rate,1775826240,"{""time"":1775826240,""bpm"":62,""type"":0}",1775859335
6173302506,985021106,heart_rate,1775826180,"{""time"":1775826180,""bpm"":62,""type"":0}",1775859335
6173302506,985021106,heart_rate,1775826120,"{""time"":1775826120,""bpm"":62,""type"":0}",1775859335
6173302506,985021106,heart_rate,1775826060,"{""time"":1775826060,""bpm"":82,""type"":0}",1775859335
6173302506,985021106,heart_rate,1775826000,"{""time"":1775826000,""bpm"":62,""type"":0}",1775859335
6173302506,985021106,heart_rate,1775825940,"{""time"":1775825940,""bpm"":60,""type"":0}",1775859335
6173302506,985021106,heart_rate,1775825880,"{""time"":1775825880,""bpm"":60,""type"":0}",1775859335
6173302506,985021106,heart_rate,1775825820,"{""time"":1775825820,""bpm"":61,""type"":0}",1775859335
6173302506,985021106,heart_rate,1775825760,"{""time"":1775825760,""bpm"":60,""type"":0}",1775859335
6173302506,985021106,heart_rate,1775825700,"{""time"":1775825700,""bpm"":61,""type"":0}",1775859335
6173302506,985021106,heart_rate,1775825640,"{""time"":1775825640,""bpm"":61,""type"":0}",1775859335
6173302506,985021106,heart_rate,1775825580,"{""time"":1775825580,""bpm"":63,""type"":0}",1775859335
6173302506,985021106,heart_rate,1775825520,"{""time"":1775825520,""bpm"":63,""type"":0}",1775859335
6173302506,985021106,heart_rate,1775825460,"{""time"":1775825460,""bpm"":58,""type"":0}",1775859335
6173302506,985021106,heart_rate,1775825400,"{""time"":1775825400,""bpm"":63,""type"":0}",1775859335
6173302506,985021106,heart_rate,1775825340,"{""time"":1775825340,""bpm"":59,""type"":0}",1775859335
6173302506,985021106,heart_rate,1775825280,"{""time"":1775825280,""bpm"":63,""type"":0}",1775859335
6173302506,985021106,heart_rate,1775825220,"{""time"":1775825220,""bpm"":61,""type"":0}",1775859335
6173302506,985021106,heart_rate,1775825160,"{""time"":1775825160,""bpm"":63,""type"":0}",1775859335
6173302506,985021106,heart_rate,1775825100,"{""time"":1775825100,""bpm"":62,""type"":0}",1775859335
6173302506,985021106,heart_rate,1775825040,"{""time"":1775825040,""bpm"":58,""type"":0}",1775859335
6173302506,985021106,heart_rate,1775824980,"{""time"":1775824980,""bpm"":61,""type"":0}",1775859335
6173302506,985021106,heart_rate,1775824920,"{""time"":1775824920,""bpm"":62,""type"":0}",1775859335
6173302506,985021106,heart_rate,1775824860,"{""time"":1775824860,""bpm"":62,""type"":0}",1775859335
6173302506,985021106,heart_rate,1775824800,"{""time"":1775824800,""bpm"":62,""type"":0}",1775859335
6173302506,985021106,heart_rate,1775824740,"{""time"":1775824740,""bpm"":61,""type"":0}",1775859335
6173302506,985021106,heart_rate,1775824680,"{""time"":1775824680,""bpm"":62,""type"":0}",1775859335
6173302506,985021106,heart_rate,1775824620,"{""time"":1775824620,""bpm"":61,""type"":0}",1775859335
6173302506,985021106,heart_rate,1775824560,"{""time"":1775824560,""bpm"":63,""type"":0}",1775859335
6173302506,985021106,heart_rate,1775824500,"{""time"":1775824500,""bpm"":59,""type"":0}",1775859335
6173302506,985021106,heart_rate,1775824440,"{""time"":1775824440,""bpm"":64,""type"":0}",1775859335
6173302506,985021106,heart_rate,1775824380,"{""time"":1775824380,""bpm"":62,""type"":0}",1775859335
6173302506,985021106,heart_rate,1775824320,"{""time"":1775824320,""bpm"":61,""type"":0}",1775859335
6173302506,985021106,heart_rate,1775824260,"{""time"":1775824260,""bpm"":61,""type"":0}",1775859335
6173302506,985021106,heart_rate,1775824200,"{""time"":1775824200,""bpm"":66,""type"":0}",1775859335
6173302506,985021106,heart_rate,1775824140,"{""time"":1775824140,""bpm"":81,""type"":0}",1775859335
6173302506,985021106,heart_rate,1775824080,"{""time"":1775824080,""bpm"":60,""type"":0}",1775859335
6173302506,985021106,heart_rate,1775824020,"{""time"":1775824020,""bpm"":59,""type"":0}",1775859335
6173302506,985021106,heart_rate,1775823960,"{""time"":1775823960,""bpm"":55,""type"":0}",1775859335
6173302506,985021106,heart_rate,1775823900,"{""time"":1775823900,""bpm"":57,""type"":0}",1775859335
6173302506,985021106,heart_rate,1775823840,"{""time"":1775823840,""bpm"":59,""type"":0}",1775859335
6173302506,985021106,heart_rate,1775823780,"{""time"":1775823780,""bpm"":60,""type"":0}",1775859335
6173302506,985021106,heart_rate,1775823720,"{""time"":1775823720,""bpm"":60,""type"":0}",1775859335
6173302506,985021106,heart_rate,1775823660,"{""time"":1775823660,""bpm"":59,""type"":0}",1775859335
6173302506,985021106,heart_rate,1775823600,"{""time"":1775823600,""bpm"":60,""type"":0}",1775859335
6173302506,985021106,heart_rate,1775823540,"{""time"":1775823540,""bpm"":57,""type"":0}",1775859335
6173302506,985021106,heart_rate,1775823480,"{""time"":1775823480,""bpm"":57,""type"":0}",1775859335
6173302506,985021106,heart_rate,1775823420,"{""time"":1775823420,""bpm"":58,""type"":0}",1775859335
6173302506,985021106,heart_rate,1775823360,"{""time"":1775823360,""bpm"":56,""type"":0}",1775859335
6173302506,985021106,heart_rate,1775823300,"{""time"":1775823300,""bpm"":57,""type"":0}",1775859335
6173302506,985021106,heart_rate,1775823240,"{""time"":1775823240,""bpm"":56,""type"":0}",1775859335
6173302506,985021106,heart_rate,1775823180,"{""time"":1775823180,""bpm"":56,""type"":0}",1775859335
6173302506,985021106,heart_rate,1775823120,"{""time"":1775823120,""bpm"":54,""type"":0}",1775859335
6173302506,985021106,heart_rate,1775823060,"{""time"":1775823060,""bpm"":55,""type"":0}",1775859335
6173302506,985021106,heart_rate,1775823000,"{""time"":1775823000,""bpm"":57,""type"":0}",1775859335
6173302506,985021106,heart_rate,1775822940,"{""time"":1775822940,""bpm"":56,""type"":0}",1775859335
6173302506,985021106,heart_rate,1775822880,"{""time"":1775822880,""bpm"":58,""type"":0}",1775859335
6173302506,985021106,heart_rate,1775822820,"{""time"":1775822820,""bpm"":64,""type"":0}",1775859335
6173302506,985021106,heart_rate,1775822760,"{""time"":1775822760,""bpm"":57,""type"":0}",1775859335
6173302506,985021106,heart_rate,1775822700,"{""time"":1775822700,""bpm"":55,""type"":0}",1775859335
6173302506,985021106,heart_rate,1775822640,"{""time"":1775822640,""bpm"":57,""type"":0}",1775859335
6173302506,985021106,light_sensitivity_value,1775822640,"{""light_sensitivity_value"":0,""time"":1775822640}",1775859665
6173302506,985021106,body_momentum,1775822640,"{""body_momentum"":0,""time"":1775822640}",1775859678
6173302506,985021106,light_sensitivity_value,1775822580,"{""light_sensitivity_value"":0,""time"":1775822580}",1775859665
6173302506,985021106,body_momentum,1775822580,"{""body_momentum"":0,""time"":1775822580}",1775859678
6173302506,985021106,heart_rate,1775822580,"{""time"":1775822580,""bpm"":57,""type"":0}",1775859335
6173302506,985021106,body_momentum,1775822520,"{""body_momentum"":0,""time"":1775822520}",1775859678
6173302506,985021106,light_sensitivity_value,1775822520,"{""light_sensitivity_value"":0,""time"":1775822520}",1775859665
6173302506,985021106,body_momentum,1775822460,"{""body_momentum"":0,""time"":1775822460}",1775859678
6173302506,985021106,light_sensitivity_value,1775822460,"{""light_sensitivity_value"":0,""time"":1775822460}",1775859665
6173302506,985021106,light_sensitivity_value,1775822400,"{""light_sensitivity_value"":0,""time"":1775822400}",1775859665
6173302506,985021106,body_momentum,1775822400,"{""body_momentum"":0,""time"":1775822400}",1775859678
6173302506,985021106,body_momentum,1775822340,"{""body_momentum"":0,""time"":1775822340}",1775859678
6173302506,985021106,light_sensitivity_value,1775822340,"{""light_sensitivity_value"":0,""time"":1775822340}",1775859665
6173302506,985021106,body_momentum,1775822280,"{""body_momentum"":0,""time"":1775822280}",1775859678
6173302506,985021106,light_sensitivity_value,1775822280,"{""light_sensitivity_value"":0,""time"":1775822280}",1775859665
6173302506,985021106,light_sensitivity_value,1775822220,"{""light_sensitivity_value"":0,""time"":1775822220}",1775859664
6173302506,985021106,body_momentum,1775822220,"{""body_momentum"":0,""time"":1775822220}",1775859678
6173302506,985021106,light_sensitivity_value,1775822160,"{""light_sensitivity_value"":0,""time"":1775822160}",1775859664
6173302506,985021106,body_momentum,1775822160,"{""body_momentum"":0,""time"":1775822160}",1775859678
6173302506,985021106,light_sensitivity_value,1775822100,"{""light_sensitivity_value"":0,""time"":1775822100}",1775859664
6173302506,985021106,body_momentum,1775822100,"{""body_momentum"":0,""time"":1775822100}",1775859678
6173302506,985021106,light_sensitivity_value,1775822040,"{""light_sensitivity_value"":0,""time"":1775822040}",1775859664
6173302506,985021106,body_momentum,1775822040,"{""body_momentum"":0,""time"":1775822040}",1775859678
6173302506,985021106,light_sensitivity_value,1775821980,"{""light_sensitivity_value"":0,""time"":1775821980}",1775859664
6173302506,985021106,body_momentum,1775821980,"{""body_momentum"":0,""time"":1775821980}",1775859678
6173302506,985021106,light_sensitivity_value,1775821920,"{""light_sensitivity_value"":0,""time"":1775821920}",1775859664
6173302506,985021106,body_momentum,1775821920,"{""body_momentum"":0,""time"":1775821920}",1775859678
6173302506,985021106,light_sensitivity_value,1775821860,"{""light_sensitivity_value"":0,""time"":1775821860}",1775859664
6173302506,985021106,body_momentum,1775821860,"{""body_momentum"":0,""time"":1775821860}",1775859678
6173302506,985021106,light_sensitivity_value,1775821800,"{""light_sensitivity_value"":0,""time"":1775821800}",1775859664
6173302506,985021106,body_momentum,1775821800,"{""body_momentum"":0,""time"":1775821800}",1775859678
6173302506,985021106,light_sensitivity_value,1775821740,"{""light_sensitivity_value"":0,""time"":1775821740}",1775859664
6173302506,985021106,body_momentum,1775821740,"{""body_momentum"":0,""time"":1775821740}",1775859678
6173302506,985021106,light_sensitivity_value,1775821680,"{""light_sensitivity_value"":0,""time"":1775821680}",1775859664
6173302506,985021106,body_momentum,1775821680,"{""body_momentum"":0,""time"":1775821680}",1775859678
6173302506,985021106,light_sensitivity_value,1775821620,"{""light_sensitivity_value"":0,""time"":1775821620}",1775859664
6173302506,985021106,body_momentum,1775821620,"{""body_momentum"":0,""time"":1775821620}",1775859678
6173302506,985021106,light_sensitivity_value,1775821560,"{""light_sensitivity_value"":0,""time"":1775821560}",1775859664
6173302506,985021106,body_momentum,1775821560,"{""body_momentum"":0,""time"":1775821560}",1775859678
6173302506,985021106,light_sensitivity_value,1775821500,"{""light_sensitivity_value"":0,""time"":1775821500}",1775859664
6173302506,985021106,body_momentum,1775821500,"{""body_momentum"":0,""time"":1775821500}",1775859678
6173302506,985021106,light_sensitivity_value,1775821440,"{""light_sensitivity_value"":0,""time"":1775821440}",1775859664
6173302506,985021106,body_momentum,1775821440,"{""body_momentum"":0,""time"":1775821440}",1775859678
6173302506,985021106,light_sensitivity_value,1775821380,"{""light_sensitivity_value"":0,""time"":1775821380}",1775859664
6173302506,985021106,body_momentum,1775821380,"{""body_momentum"":0,""time"":1775821380}",1775859678
6173302506,985021106,light_sensitivity_value,1775821320,"{""light_sensitivity_value"":0,""time"":1775821320}",1775859664
6173302506,985021106,body_momentum,1775821320,"{""body_momentum"":0,""time"":1775821320}",1775859677
6173302506,985021106,light_sensitivity_value,1775821260,"{""light_sensitivity_value"":0,""time"":1775821260}",1775859664
6173302506,985021106,body_momentum,1775821260,"{""body_momentum"":0,""time"":1775821260}",1775859677
6173302506,985021106,light_sensitivity_value,1775821200,"{""light_sensitivity_value"":0,""time"":1775821200}",1775859664
6173302506,985021106,body_momentum,1775821200,"{""body_momentum"":0,""time"":1775821200}",1775859677
6173302506,985021106,light_sensitivity_value,1775821140,"{""light_sensitivity_value"":0,""time"":1775821140}",1775859664
6173302506,985021106,body_momentum,1775821140,"{""body_momentum"":0,""time"":1775821140}",1775859677
6173302506,985021106,light_sensitivity_value,1775821080,"{""light_sensitivity_value"":0,""time"":1775821080}",1775859664
6173302506,985021106,body_momentum,1775821080,"{""body_momentum"":0,""time"":1775821080}",1775859677
6173302506,985021106,light_sensitivity_value,1775821020,"{""light_sensitivity_value"":0,""time"":1775821020}",1775859664
6173302506,985021106,body_momentum,1775821020,"{""body_momentum"":0,""time"":1775821020}",1775859677
6173302506,985021106,light_sensitivity_value,1775820960,"{""light_sensitivity_value"":0,""time"":1775820960}",1775859664
6173302506,985021106,body_momentum,1775820960,"{""body_momentum"":0,""time"":1775820960}",1775859677
6173302506,985021106,light_sensitivity_value,1775820900,"{""light_sensitivity_value"":0,""time"":1775820900}",1775859664
6173302506,985021106,body_momentum,1775820900,"{""body_momentum"":0,""time"":1775820900}",1775859677
6173302506,985021106,light_sensitivity_value,1775820840,"{""light_sensitivity_value"":0,""time"":1775820840}",1775859664
6173302506,985021106,body_momentum,1775820840,"{""body_momentum"":0,""time"":1775820840}",1775859677
6173302506,985021106,light_sensitivity_value,1775820780,"{""light_sensitivity_value"":0,""time"":1775820780}",1775859664
6173302506,985021106,body_momentum,1775820780,"{""body_momentum"":0,""time"":1775820780}",1775859677
6173302506,985021106,light_sensitivity_value,1775820720,"{""light_sensitivity_value"":0,""time"":1775820720}",1775859664
6173302506,985021106,body_momentum,1775820720,"{""body_momentum"":0,""time"":1775820720}",1775859677
6173302506,985021106,light_sensitivity_value,1775820660,"{""light_sensitivity_value"":0,""time"":1775820660}",1775859664
6173302506,985021106,body_momentum,1775820660,"{""body_momentum"":0,""time"":1775820660}",1775859677
6173302506,985021106,light_sensitivity_value,1775820600,"{""light_sensitivity_value"":0,""time"":1775820600}",1775859664
6173302506,985021106,body_momentum,1775820600,"{""body_momentum"":0,""time"":1775820600}",1775859677
6173302506,985021106,light_sensitivity_value,1775820540,"{""light_sensitivity_value"":0,""time"":1775820540}",1775859664
6173302506,985021106,body_momentum,1775820540,"{""body_momentum"":0,""time"":1775820540}",1775859677
6173302506,985021106,light_sensitivity_value,1775820480,"{""light_sensitivity_value"":0,""time"":1775820480}",1775859664
6173302506,985021106,body_momentum,1775820480,"{""body_momentum"":0,""time"":1775820480}",1775859677
6173302506,985021106,light_sensitivity_value,1775820420,"{""light_sensitivity_value"":0,""time"":1775820420}",1775859664
6173302506,985021106,body_momentum,1775820420,"{""body_momentum"":0,""time"":1775820420}",1775859677
6173302506,985021106,light_sensitivity_value,1775820360,"{""light_sensitivity_value"":0,""time"":1775820360}",1775859664
6173302506,985021106,body_momentum,1775820360,"{""body_momentum"":0,""time"":1775820360}",1775859677
6173302506,985021106,light_sensitivity_value,1775820300,"{""light_sensitivity_value"":0,""time"":1775820300}",1775859664
6173302506,985021106,body_momentum,1775820300,"{""body_momentum"":0,""time"":1775820300}",1775859677
6173302506,985021106,light_sensitivity_value,1775820240,"{""light_sensitivity_value"":0,""time"":1775820240}",1775859664
6173302506,985021106,body_momentum,1775820240,"{""body_momentum"":0,""time"":1775820240}",1775859677
6173302506,985021106,light_sensitivity_value,1775820180,"{""light_sensitivity_value"":0,""time"":1775820180}",1775859664
6173302506,985021106,body_momentum,1775820180,"{""body_momentum"":0,""time"":1775820180}",1775859677
6173302506,985021106,light_sensitivity_value,1775820120,"{""light_sensitivity_value"":0,""time"":1775820120}",1775859664
6173302506,985021106,body_momentum,1775820120,"{""body_momentum"":0,""time"":1775820120}",1775859677
6173302506,985021106,light_sensitivity_value,1775820060,"{""light_sensitivity_value"":0,""time"":1775820060}",1775859664
6173302506,985021106,body_momentum,1775820060,"{""body_momentum"":0,""time"":1775820060}",1775859677
6173302506,985021106,light_sensitivity_value,1775820000,"{""light_sensitivity_value"":0,""time"":1775820000}",1775859664
6173302506,985021106,body_momentum,1775820000,"{""body_momentum"":0,""time"":1775820000}",1775859677
6173302506,985021106,light_sensitivity_value,1775819940,"{""light_sensitivity_value"":0,""time"":1775819940}",1775859664
6173302506,985021106,body_momentum,1775819940,"{""body_momentum"":0,""time"":1775819940}",1775859677
6173302506,985021106,light_sensitivity_value,1775819880,"{""light_sensitivity_value"":0,""time"":1775819880}",1775859664
6173302506,985021106,body_momentum,1775819880,"{""body_momentum"":0,""time"":1775819880}",1775859677
6173302506,985021106,light_sensitivity_value,1775819820,"{""light_sensitivity_value"":0,""time"":1775819820}",1775859664
6173302506,985021106,body_momentum,1775819820,"{""body_momentum"":0,""time"":1775819820}",1775859677
6173302506,985021106,light_sensitivity_value,1775819760,"{""light_sensitivity_value"":0,""time"":1775819760}",1775859664
6173302506,985021106,body_momentum,1775819760,"{""body_momentum"":0,""time"":1775819760}",1775859677
6173302506,985021106,light_sensitivity_value,1775819700,"{""light_sensitivity_value"":0,""time"":1775819700}",1775859664
6173302506,985021106,body_momentum,1775819700,"{""body_momentum"":0,""time"":1775819700}",1775859677
6173302506,985021106,light_sensitivity_value,1775819640,"{""light_sensitivity_value"":0,""time"":1775819640}",1775859664
6173302506,985021106,body_momentum,1775819640,"{""body_momentum"":0,""time"":1775819640}",1775859677
6173302506,985021106,light_sensitivity_value,1775819580,"{""light_sensitivity_value"":0,""time"":1775819580}",1775859664
6173302506,985021106,body_momentum,1775819580,"{""body_momentum"":0,""time"":1775819580}",1775859677
6173302506,985021106,light_sensitivity_value,1775819520,"{""light_sensitivity_value"":0,""time"":1775819520}",1775859664
6173302506,985021106,body_momentum,1775819520,"{""body_momentum"":0,""time"":1775819520}",1775859677
6173302506,985021106,light_sensitivity_value,1775819460,"{""light_sensitivity_value"":0,""time"":1775819460}",1775859664
6173302506,985021106,body_momentum,1775819460,"{""body_momentum"":0,""time"":1775819460}",1775859677
6173302506,985021106,light_sensitivity_value,1775819400,"{""light_sensitivity_value"":0,""time"":1775819400}",1775859664
6173302506,985021106,body_momentum,1775819400,"{""body_momentum"":0,""time"":1775819400}",1775859677
6173302506,985021106,light_sensitivity_value,1775819340,"{""light_sensitivity_value"":0,""time"":1775819340}",1775859664
6173302506,985021106,body_momentum,1775819340,"{""body_momentum"":0,""time"":1775819340}",1775859677
6173302506,985021106,light_sensitivity_value,1775819280,"{""light_sensitivity_value"":0,""time"":1775819280}",1775859664
6173302506,985021106,body_momentum,1775819280,"{""body_momentum"":0,""time"":1775819280}",1775859677
6173302506,985021106,light_sensitivity_value,1775819220,"{""light_sensitivity_value"":0,""time"":1775819220}",1775859664
6173302506,985021106,body_momentum,1775819220,"{""body_momentum"":0,""time"":1775819220}",1775859677
6173302506,985021106,light_sensitivity_value,1775819160,"{""light_sensitivity_value"":0,""time"":1775819160}",1775859664
6173302506,985021106,body_momentum,1775819160,"{""body_momentum"":0,""time"":1775819160}",1775859677
6173302506,985021106,light_sensitivity_value,1775819100,"{""light_sensitivity_value"":0,""time"":1775819100}",1775859664
6173302506,985021106,body_momentum,1775819100,"{""body_momentum"":0,""time"":1775819100}",1775859677
6173302506,985021106,light_sensitivity_value,1775819040,"{""light_sensitivity_value"":0,""time"":1775819040}",1775859664
6173302506,985021106,body_momentum,1775819040,"{""body_momentum"":0,""time"":1775819040}",1775859677
6173302506,985021106,light_sensitivity_value,1775818980,"{""light_sensitivity_value"":0,""time"":1775818980}",1775859664
6173302506,985021106,body_momentum,1775818980,"{""body_momentum"":0,""time"":1775818980}",1775859677
6173302506,985021106,light_sensitivity_value,1775818920,"{""light_sensitivity_value"":0,""time"":1775818920}",1775859664
6173302506,985021106,body_momentum,1775818920,"{""body_momentum"":0,""time"":1775818920}",1775859677
6173302506,985021106,light_sensitivity_value,1775818860,"{""light_sensitivity_value"":0,""time"":1775818860}",1775859664
6173302506,985021106,body_momentum,1775818860,"{""body_momentum"":0,""time"":1775818860}",1775859677
6173302506,985021106,light_sensitivity_value,1775818800,"{""light_sensitivity_value"":0,""time"":1775818800}",1775859664
6173302506,985021106,body_momentum,1775818800,"{""body_momentum"":0,""time"":1775818800}",1775859677
6173302506,985021106,light_sensitivity_value,1775818740,"{""light_sensitivity_value"":0,""time"":1775818740}",1775859664
6173302506,985021106,body_momentum,1775818740,"{""body_momentum"":0,""time"":1775818740}",1775859677
6173302506,985021106,light_sensitivity_value,1775818680,"{""light_sensitivity_value"":0,""time"":1775818680}",1775859664
6173302506,985021106,body_momentum,1775818680,"{""body_momentum"":0,""time"":1775818680}",1775859677
6173302506,985021106,light_sensitivity_value,1775818620,"{""light_sensitivity_value"":0,""time"":1775818620}",1775859663
6173302506,985021106,body_momentum,1775818620,"{""body_momentum"":0,""time"":1775818620}",1775859677
6173302506,985021106,light_sensitivity_value,1775818560,"{""light_sensitivity_value"":0,""time"":1775818560}",1775859663
6173302506,985021106,body_momentum,1775818560,"{""body_momentum"":0,""time"":1775818560}",1775859677
6173302506,985021106,light_sensitivity_value,1775818500,"{""light_sensitivity_value"":0,""time"":1775818500}",1775859663
6173302506,985021106,body_momentum,1775818500,"{""body_momentum"":0,""time"":1775818500}",1775859677
6173302506,985021106,light_sensitivity_value,1775818440,"{""light_sensitivity_value"":0,""time"":1775818440}",1775859663
6173302506,985021106,body_momentum,1775818440,"{""body_momentum"":0,""time"":1775818440}",1775859677
6173302506,985021106,light_sensitivity_value,1775818380,"{""light_sensitivity_value"":0,""time"":1775818380}",1775859663
6173302506,985021106,body_momentum,1775818380,"{""body_momentum"":0,""time"":1775818380}",1775859677
6173302506,985021106,light_sensitivity_value,1775818320,"{""light_sensitivity_value"":0,""time"":1775818320}",1775859663
6173302506,985021106,body_momentum,1775818320,"{""body_momentum"":0,""time"":1775818320}",1775859677
6173302506,985021106,light_sensitivity_value,1775818260,"{""light_sensitivity_value"":0,""time"":1775818260}",1775859663
6173302506,985021106,body_momentum,1775818260,"{""body_momentum"":0,""time"":1775818260}",1775859677
6173302506,985021106,light_sensitivity_value,1775818200,"{""light_sensitivity_value"":0,""time"":1775818200}",1775859663
6173302506,985021106,body_momentum,1775818200,"{""body_momentum"":0,""time"":1775818200}",1775859677
6173302506,985021106,light_sensitivity_value,1775818140,"{""light_sensitivity_value"":0,""time"":1775818140}",1775859663
6173302506,985021106,body_momentum,1775818140,"{""body_momentum"":0,""time"":1775818140}",1775859677
6173302506,985021106,light_sensitivity_value,1775818080,"{""light_sensitivity_value"":0,""time"":1775818080}",1775859663
6173302506,985021106,body_momentum,1775818080,"{""body_momentum"":0,""time"":1775818080}",1775859677
6173302506,985021106,light_sensitivity_value,1775818020,"{""light_sensitivity_value"":0,""time"":1775818020}",1775859663
6173302506,985021106,body_momentum,1775818020,"{""body_momentum"":0,""time"":1775818020}",1775859677
6173302506,985021106,light_sensitivity_value,1775817960,"{""light_sensitivity_value"":0,""time"":1775817960}",1775859663
6173302506,985021106,body_momentum,1775817960,"{""body_momentum"":0,""time"":1775817960}",1775859677
6173302506,985021106,light_sensitivity_value,1775817900,"{""light_sensitivity_value"":0,""time"":1775817900}",1775859663
6173302506,985021106,body_momentum,1775817900,"{""body_momentum"":0,""time"":1775817900}",1775859677
6173302506,985021106,light_sensitivity_value,1775817840,"{""light_sensitivity_value"":0,""time"":1775817840}",1775859663
6173302506,985021106,body_momentum,1775817840,"{""body_momentum"":0,""time"":1775817840}",1775859677
6173302506,985021106,light_sensitivity_value,1775817780,"{""light_sensitivity_value"":0,""time"":1775817780}",1775859663
6173302506,985021106,body_momentum,1775817780,"{""body_momentum"":0,""time"":1775817780}",1775859677
6173302506,985021106,light_sensitivity_value,1775817720,"{""light_sensitivity_value"":0,""time"":1775817720}",1775859663
6173302506,985021106,body_momentum,1775817720,"{""body_momentum"":0,""time"":1775817720}",1775859676
6173302506,985021106,light_sensitivity_value,1775817660,"{""light_sensitivity_value"":0,""time"":1775817660}",1775859663
6173302506,985021106,body_momentum,1775817660,"{""body_momentum"":0,""time"":1775817660}",1775859676
6173302506,985021106,light_sensitivity_value,1775817600,"{""light_sensitivity_value"":0,""time"":1775817600}",1775859663
6173302506,985021106,body_momentum,1775817600,"{""body_momentum"":0,""time"":1775817600}",1775859676
6173302506,985021106,light_sensitivity_value,1775817540,"{""light_sensitivity_value"":0,""time"":1775817540}",1775859663
6173302506,985021106,body_momentum,1775817540,"{""body_momentum"":0,""time"":1775817540}",1775859676
6173302506,985021106,light_sensitivity_value,1775817480,"{""light_sensitivity_value"":0,""time"":1775817480}",1775859663
6173302506,985021106,body_momentum,1775817480,"{""body_momentum"":0,""time"":1775817480}",1775859676
6173302506,985021106,light_sensitivity_value,1775817420,"{""light_sensitivity_value"":0,""time"":1775817420}",1775859663
6173302506,985021106,body_momentum,1775817420,"{""body_momentum"":0,""time"":1775817420}",1775859676
6173302506,985021106,light_sensitivity_value,1775817360,"{""light_sensitivity_value"":0,""time"":1775817360}",1775859663
6173302506,985021106,body_momentum,1775817360,"{""body_momentum"":0,""time"":1775817360}",1775859676
6173302506,985021106,light_sensitivity_value,1775817300,"{""light_sensitivity_value"":0,""time"":1775817300}",1775859663
6173302506,985021106,body_momentum,1775817300,"{""body_momentum"":0,""time"":1775817300}",1775859676
6173302506,985021106,light_sensitivity_value,1775817240,"{""light_sensitivity_value"":0,""time"":1775817240}",1775859663
6173302506,985021106,body_momentum,1775817240,"{""body_momentum"":0,""time"":1775817240}",1775859676
6173302506,985021106,light_sensitivity_value,1775817180,"{""light_sensitivity_value"":0,""time"":1775817180}",1775859663
6173302506,985021106,body_momentum,1775817180,"{""body_momentum"":0,""time"":1775817180}",1775859676
6173302506,985021106,light_sensitivity_value,1775817120,"{""light_sensitivity_value"":0,""time"":1775817120}",1775859663
6173302506,985021106,body_momentum,1775817120,"{""body_momentum"":0,""time"":1775817120}",1775859676
6173302506,985021106,light_sensitivity_value,1775817060,"{""light_sensitivity_value"":0,""time"":1775817060}",1775859663
6173302506,985021106,body_momentum,1775817060,"{""body_momentum"":0,""time"":1775817060}",1775859676
6173302506,985021106,light_sensitivity_value,1775817000,"{""light_sensitivity_value"":0,""time"":1775817000}",1775859663
6173302506,985021106,body_momentum,1775817000,"{""body_momentum"":0,""time"":1775817000}",1775859676
6173302506,985021106,light_sensitivity_value,1775816940,"{""light_sensitivity_value"":0,""time"":1775816940}",1775859663
6173302506,985021106,body_momentum,1775816940,"{""body_momentum"":0,""time"":1775816940}",1775859676
6173302506,985021106,light_sensitivity_value,1775816880,"{""light_sensitivity_value"":0,""time"":1775816880}",1775859663
6173302506,985021106,body_momentum,1775816880,"{""body_momentum"":0,""time"":1775816880}",1775859676
6173302506,985021106,light_sensitivity_value,1775816820,"{""light_sensitivity_value"":0,""time"":1775816820}",1775859663
6173302506,985021106,body_momentum,1775816820,"{""body_momentum"":0,""time"":1775816820}",1775859676
6173302506,985021106,light_sensitivity_value,1775816760,"{""light_sensitivity_value"":0,""time"":1775816760}",1775859663
6173302506,985021106,body_momentum,1775816760,"{""body_momentum"":0,""time"":1775816760}",1775859676
6173302506,985021106,light_sensitivity_value,1775816700,"{""light_sensitivity_value"":0,""time"":1775816700}",1775859663
6173302506,985021106,body_momentum,1775816700,"{""body_momentum"":0,""time"":1775816700}",1775859676
6173302506,985021106,light_sensitivity_value,1775816640,"{""light_sensitivity_value"":0,""time"":1775816640}",1775859663
6173302506,985021106,body_momentum,1775816640,"{""body_momentum"":0,""time"":1775816640}",1775859676
6173302506,985021106,light_sensitivity_value,1775816580,"{""light_sensitivity_value"":0,""time"":1775816580}",1775859663
6173302506,985021106,body_momentum,1775816580,"{""body_momentum"":0,""time"":1775816580}",1775859676
6173302506,985021106,light_sensitivity_value,1775816520,"{""light_sensitivity_value"":0,""time"":1775816520}",1775859663
6173302506,985021106,body_momentum,1775816520,"{""body_momentum"":0,""time"":1775816520}",1775859676
6173302506,985021106,light_sensitivity_value,1775816460,"{""light_sensitivity_value"":0,""time"":1775816460}",1775859663
6173302506,985021106,body_momentum,1775816460,"{""body_momentum"":0,""time"":1775816460}",1775859676
6173302506,985021106,light_sensitivity_value,1775816400,"{""light_sensitivity_value"":0,""time"":1775816400}",1775859663
6173302506,985021106,body_momentum,1775816400,"{""body_momentum"":0,""time"":1775816400}",1775859676
6173302506,985021106,light_sensitivity_value,1775816340,"{""light_sensitivity_value"":0,""time"":1775816340}",1775859663
6173302506,985021106,body_momentum,1775816340,"{""body_momentum"":0,""time"":1775816340}",1775859676
6173302506,985021106,light_sensitivity_value,1775816280,"{""light_sensitivity_value"":0,""time"":1775816280}",1775859663
6173302506,985021106,body_momentum,1775816280,"{""body_momentum"":0,""time"":1775816280}",1775859676
6173302506,985021106,light_sensitivity_value,1775816220,"{""light_sensitivity_value"":0,""time"":1775816220}",1775859663
6173302506,985021106,body_momentum,1775816220,"{""body_momentum"":0,""time"":1775816220}",1775859676
6173302506,985021106,light_sensitivity_value,1775816160,"{""light_sensitivity_value"":0,""time"":1775816160}",1775859663
6173302506,985021106,body_momentum,1775816160,"{""body_momentum"":0,""time"":1775816160}",1775859676
6173302506,985021106,light_sensitivity_value,1775816100,"{""light_sensitivity_value"":0,""time"":1775816100}",1775859663
6173302506,985021106,body_momentum,1775816100,"{""body_momentum"":0,""time"":1775816100}",1775859676
6173302506,985021106,light_sensitivity_value,1775816040,"{""light_sensitivity_value"":0,""time"":1775816040}",1775859663
6173302506,985021106,body_momentum,1775816040,"{""body_momentum"":0,""time"":1775816040}",1775859676
6173302506,985021106,light_sensitivity_value,1775815980,"{""light_sensitivity_value"":0,""time"":1775815980}",1775859663
6173302506,985021106,body_momentum,1775815980,"{""body_momentum"":0,""time"":1775815980}",1775859676
6173302506,985021106,light_sensitivity_value,1775815920,"{""light_sensitivity_value"":0,""time"":1775815920}",1775859663
6173302506,985021106,body_momentum,1775815920,"{""body_momentum"":0,""time"":1775815920}",1775859676
6173302506,985021106,light_sensitivity_value,1775815860,"{""light_sensitivity_value"":0,""time"":1775815860}",1775859663
6173302506,985021106,body_momentum,1775815860,"{""body_momentum"":0,""time"":1775815860}",1775859676
6173302506,985021106,light_sensitivity_value,1775815800,"{""light_sensitivity_value"":0,""time"":1775815800}",1775859663
6173302506,985021106,body_momentum,1775815800,"{""body_momentum"":0,""time"":1775815800}",1775859676
6173302506,985021106,light_sensitivity_value,1775815740,"{""light_sensitivity_value"":0,""time"":1775815740}",1775859663
6173302506,985021106,body_momentum,1775815740,"{""body_momentum"":0,""time"":1775815740}",1775859676
6173302506,985021106,light_sensitivity_value,1775815680,"{""light_sensitivity_value"":0,""time"":1775815680}",1775859663
6173302506,985021106,body_momentum,1775815680,"{""body_momentum"":0,""time"":1775815680}",1775859676
6173302506,985021106,light_sensitivity_value,1775815620,"{""light_sensitivity_value"":0,""time"":1775815620}",1775859663
6173302506,985021106,heart_rate,1775822220,"{""time"":1775822220,""bpm"":58,""type"":0}",1775859334
6173302506,985021106,heart_rate,1775821620,"{""time"":1775821620,""bpm"":66,""type"":0}",1775859334
6173302506,985021106,calories,1775821560,"{""time"":1775821560,""calories"":1}",1775859532
6173302506,985021106,steps,1775821560,"{""time"":1775821560,""steps"":19,""distance"":11,""calories"":1}",1775859497
6173302506,985021106,calories,1775821320,"{""time"":1775821320,""calories"":1}",1775859532
6173302506,985021106,calories,1775821260,"{""time"":1775821260,""calories"":1}",1775859532
6173302506,985021106,heart_rate,1775821020,"{""time"":1775821020,""bpm"":64,""type"":0}",1775859334
6173302506,985021106,heart_rate,1775820960,"{""time"":1775820960,""bpm"":62,""type"":0}",1775859334
6173302506,985021106,heart_rate,1775820900,"{""time"":1775820900,""bpm"":58,""type"":0}",1775859334
6173302506,985021106,heart_rate,1775820840,"{""time"":1775820840,""bpm"":59,""type"":0}",1775859334
6173302506,985021106,heart_rate,1775820780,"{""time"":1775820780,""bpm"":59,""type"":0}",1775859334
6173302506,985021106,heart_rate,1775820420,"{""time"":1775820420,""bpm"":61,""type"":0}",1775859334
6173302506,985021106,heart_rate,1775820360,"{""time"":1775820360,""bpm"":56,""type"":0}",1775859334
6173302506,985021106,heart_rate,1775820300,"{""time"":1775820300,""bpm"":56,""type"":0}",1775859334
6173302506,985021106,heart_rate,1775820240,"{""time"":1775820240,""bpm"":62,""type"":0}",1775859334
6173302506,985021106,heart_rate,1775820180,"{""time"":1775820180,""bpm"":57,""type"":0}",1775859334
6173302506,985021106,heart_rate,1775820120,"{""time"":1775820120,""bpm"":56,""type"":0}",1775859334
6173302506,985021106,heart_rate,1775820060,"{""time"":1775820060,""bpm"":56,""type"":0}",1775859334
6173302506,985021106,heart_rate,1775820000,"{""time"":1775820000,""bpm"":59,""type"":0}",1775859334
6173302506,985021106,heart_rate,1775819940,"{""time"":1775819940,""bpm"":62,""type"":0}",1775859334
6173302506,985021106,heart_rate,1775819880,"{""time"":1775819880,""bpm"":59,""type"":0}",1775859334
6173302506,985021106,heart_rate,1775819820,"{""time"":1775819820,""bpm"":62,""type"":0}",1775859334
6173302506,985021106,heart_rate,1775819760,"{""time"":1775819760,""bpm"":62,""type"":0}",1775859334
6173302506,985021106,heart_rate,1775819700,"{""time"":1775819700,""bpm"":56,""type"":0}",1775859334
6173302506,985021106,heart_rate,1775819640,"{""time"":1775819640,""bpm"":57,""type"":0}",1775859334
6173302506,985021106,heart_rate,1775819580,"{""time"":1775819580,""bpm"":56,""type"":0}",1775859334
6173302506,985021106,heart_rate,1775819520,"{""time"":1775819520,""bpm"":55,""type"":0}",1775859334
6173302506,985021106,heart_rate,1775819460,"{""time"":1775819460,""bpm"":53,""type"":0}",1775859334
6173302506,985021106,heart_rate,1775819400,"{""time"":1775819400,""bpm"":55,""type"":0}",1775859334
6173302506,985021106,heart_rate,1775819340,"{""time"":1775819340,""bpm"":55,""type"":0}",1775859334
6173302506,985021106,heart_rate,1775819280,"{""time"":1775819280,""bpm"":55,""type"":0}",1775859334
6173302506,985021106,heart_rate,1775819220,"{""time"":1775819220,""bpm"":53,""type"":0}",1775859334
6173302506,985021106,heart_rate,1775819160,"{""time"":1775819160,""bpm"":54,""type"":0}",1775859334
6173302506,985021106,heart_rate,1775819100,"{""time"":1775819100,""bpm"":54,""type"":0}",1775859334
6173302506,985021106,heart_rate,1775819040,"{""time"":1775819040,""bpm"":55,""type"":0}",1775859334
6173302506,985021106,heart_rate,1775818980,"{""time"":1775818980,""bpm"":56,""type"":0}",1775859334
6173302506,985021106,heart_rate,1775818920,"{""time"":1775818920,""bpm"":56,""type"":0}",1775859334
6173302506,985021106,heart_rate,1775818860,"{""time"":1775818860,""bpm"":57,""type"":0}",1775859334
6173302506,985021106,heart_rate,1775818800,"{""time"":1775818800,""bpm"":55,""type"":0}",1775859334
6173302506,985021106,heart_rate,1775818740,"{""time"":1775818740,""bpm"":58,""type"":0}",1775859334
6173302506,985021106,heart_rate,1775818680,"{""time"":1775818680,""bpm"":59,""type"":0}",1775859334
6173302506,985021106,heart_rate,1775818620,"{""time"":1775818620,""bpm"":62,""type"":0}",1775859334
6173302506,985021106,heart_rate,1775818560,"{""time"":1775818560,""bpm"":62,""type"":0}",1775859334
6173302506,985021106,heart_rate,1775818500,"{""time"":1775818500,""bpm"":56,""type"":0}",1775859334
6173302506,985021106,heart_rate,1775818440,"{""time"":1775818440,""bpm"":55,""type"":0}",1775859334
6173302506,985021106,heart_rate,1775818380,"{""time"":1775818380,""bpm"":55,""type"":0}",1775859334
6173302506,985021106,heart_rate,1775818320,"{""time"":1775818320,""bpm"":56,""type"":0}",1775859334
6173302506,985021106,heart_rate,1775818260,"{""time"":1775818260,""bpm"":55,""type"":0}",1775859334
6173302506,985021106,heart_rate,1775818200,"{""time"":1775818200,""bpm"":56,""type"":0}",1775859334
6173302506,985021106,heart_rate,1775818140,"{""time"":1775818140,""bpm"":55,""type"":0}",1775859334
6173302506,985021106,heart_rate,1775818080,"{""time"":1775818080,""bpm"":55,""type"":0}",1775859334
6173302506,985021106,heart_rate,1775818020,"{""time"":1775818020,""bpm"":55,""type"":0}",1775859334
6173302506,985021106,heart_rate,1775817960,"{""time"":1775817960,""bpm"":56,""type"":0}",1775859334
6173302506,985021106,heart_rate,1775817900,"{""time"":1775817900,""bpm"":56,""type"":0}",1775859334
6173302506,985021106,heart_rate,1775817840,"{""time"":1775817840,""bpm"":56,""type"":0}",1775859334
6173302506,985021106,heart_rate,1775817780,"{""time"":1775817780,""bpm"":57,""type"":0}",1775859334
6173302506,985021106,heart_rate,1775817420,"{""time"":1775817420,""bpm"":62,""type"":0}",1775859334
6173302506,985021106,heart_rate,1775817360,"{""time"":1775817360,""bpm"":53,""type"":0}",1775859334
6173302506,985021106,heart_rate,1775817300,"{""time"":1775817300,""bpm"":52,""type"":0}",1775859334
6173302506,985021106,heart_rate,1775817240,"{""time"":1775817240,""bpm"":53,""type"":0}",1775859334
6173302506,985021106,heart_rate,1775817180,"{""time"":1775817180,""bpm"":51,""type"":0}",1775859334
6173302506,985021106,heart_rate,1775817120,"{""time"":1775817120,""bpm"":53,""type"":0}",1775859334
6173302506,985021106,heart_rate,1775817060,"{""time"":1775817060,""bpm"":52,""type"":0}",1775859334
6173302506,985021106,heart_rate,1775817000,"{""time"":1775817000,""bpm"":52,""type"":0}",1775859334
6173302506,985021106,heart_rate,1775816940,"{""time"":1775816940,""bpm"":53,""type"":0}",1775859334
6173302506,985021106,heart_rate,1775816880,"{""time"":1775816880,""bpm"":57,""type"":0}",1775859334
6173302506,985021106,heart_rate,1775816820,"{""time"":1775816820,""bpm"":64,""type"":0}",1775859334
6173302506,985021106,heart_rate,1775816760,"{""time"":1775816760,""bpm"":57,""type"":0}",1775859334
6173302506,985021106,heart_rate,1775816700,"{""time"":1775816700,""bpm"":57,""type"":0}",1775859334
6173302506,985021106,heart_rate,1775816640,"{""time"":1775816640,""bpm"":56,""type"":0}",1775859334
6173302506,985021106,heart_rate,1775816580,"{""time"":1775816580,""bpm"":55,""type"":0}",1775859334
6173302506,985021106,heart_rate,1775816520,"{""time"":1775816520,""bpm"":51,""type"":0}",1775859334
6173302506,985021106,heart_rate,1775816460,"{""time"":1775816460,""bpm"":52,""type"":0}",1775859334
6173302506,985021106,heart_rate,1775816400,"{""time"":1775816400,""bpm"":49,""type"":0}",1775859334
6173302506,985021106,heart_rate,1775816340,"{""time"":1775816340,""bpm"":49,""type"":0}",1775859334
6173302506,985021106,heart_rate,1775816280,"{""time"":1775816280,""bpm"":60,""type"":0}",1775859334
6173302506,985021106,heart_rate,1775816220,"{""time"":1775816220,""bpm"":68,""type"":0}",1775859334
6173302506,985021106,heart_rate,1775816160,"{""time"":1775816160,""bpm"":60,""type"":0}",1775859334
6173302506,985021106,heart_rate,1775816100,"{""time"":1775816100,""bpm"":60,""type"":0}",1775859334
6173302506,985021106,heart_rate,1775816040,"{""time"":1775816040,""bpm"":60,""type"":0}",1775859334
6173302506,985021106,heart_rate,1775815980,"{""time"":1775815980,""bpm"":58,""type"":0}",1775859334
6173302506,985021106,heart_rate,1775815920,"{""time"":1775815920,""bpm"":59,""type"":0}",1775859334
6173302506,985021106,heart_rate,1775815860,"{""time"":1775815860,""bpm"":56,""type"":0}",1775859334
6173302506,985021106,heart_rate,1775815800,"{""time"":1775815800,""bpm"":58,""type"":0}",1775859334
6173302506,985021106,heart_rate,1775815740,"{""time"":1775815740,""bpm"":60,""type"":0}",1775859334
6173302506,985021106,heart_rate,1775815680,"{""time"":1775815680,""bpm"":60,""type"":0}",1775859334
6173302506,985021106,body_momentum,1775815620,"{""body_momentum"":0,""time"":1775815620}",1775859676
6173302506,985021106,heart_rate,1775815620,"{""time"":1775815620,""bpm"":58,""type"":0}",1775859334
6173302506,985021106,body_momentum,1775815560,"{""body_momentum"":0,""time"":1775815560}",1775859676
6173302506,985021106,light_sensitivity_value,1775815560,"{""light_sensitivity_value"":0,""time"":1775815560}",1775859663
6173302506,985021106,heart_rate,1775815560,"{""time"":1775815560,""bpm"":60,""type"":0}",1775859334
6173302506,985021106,light_sensitivity_value,1775815500,"{""light_sensitivity_value"":0,""time"":1775815500}",1775859663
6173302506,985021106,body_momentum,1775815500,"{""body_momentum"":0,""time"":1775815500}",1775859676
6173302506,985021106,heart_rate,1775815500,"{""time"":1775815500,""bpm"":59,""type"":0}",1775859334
6173302506,985021106,heart_rate,1775815440,"{""time"":1775815440,""bpm"":62,""type"":0}",1775859334
6173302506,985021106,light_sensitivity_value,1775815440,"{""light_sensitivity_value"":0,""time"":1775815440}",1775859663
6173302506,985021106,body_momentum,1775815440,"{""body_momentum"":0,""time"":1775815440}",1775859676
6173302506,985021106,heart_rate,1775815380,"{""time"":1775815380,""bpm"":62,""type"":0}",1775859334
6173302506,985021106,body_momentum,1775815380,"{""body_momentum"":0,""time"":1775815380}",1775859676
6173302506,985021106,light_sensitivity_value,1775815380,"{""light_sensitivity_value"":0,""time"":1775815380}",1775859663
6173302506,985021106,body_momentum,1775815320,"{""body_momentum"":0,""time"":1775815320}",1775859676
6173302506,985021106,light_sensitivity_value,1775815320,"{""light_sensitivity_value"":0,""time"":1775815320}",1775859663
6173302506,985021106,heart_rate,1775815320,"{""time"":1775815320,""bpm"":63,""type"":0}",1775859334
6173302506,985021106,light_sensitivity_value,1775815260,"{""light_sensitivity_value"":0,""time"":1775815260}",1775859663
6173302506,985021106,body_momentum,1775815260,"{""body_momentum"":0,""time"":1775815260}",1775859676
6173302506,985021106,heart_rate,1775815260,"{""time"":1775815260,""bpm"":63,""type"":0}",1775859334
6173302506,985021106,light_sensitivity_value,1775815200,"{""light_sensitivity_value"":0,""time"":1775815200}",1775859663
6173302506,985021106,heart_rate,1775815200,"{""time"":1775815200,""bpm"":61,""type"":0}",1775859334
6173302506,985021106,body_momentum,1775815200,"{""body_momentum"":0,""time"":1775815200}",1775859676
6173302506,985021106,body_momentum,1775815140,"{""body_momentum"":0,""time"":1775815140}",1775859676
6173302506,985021106,light_sensitivity_value,1775815140,"{""light_sensitivity_value"":0,""time"":1775815140}",1775859663
6173302506,985021106,light_sensitivity_value,1775815080,"{""light_sensitivity_value"":0,""time"":1775815080}",1775859663
6173302506,985021106,body_momentum,1775815080,"{""body_momentum"":0,""time"":1775815080}",1775859676
6173302506,985021106,light_sensitivity_value,1775815020,"{""light_sensitivity_value"":0,""time"":1775815020}",1775859662
6173302506,985021106,body_momentum,1775815020,"{""body_momentum"":0,""time"":1775815020}",1775859676
6173302506,985021106,light_sensitivity_value,1775814960,"{""light_sensitivity_value"":0,""time"":1775814960}",1775859662
6173302506,985021106,body_momentum,1775814960,"{""body_momentum"":0,""time"":1775814960}",1775859676
6173302506,985021106,light_sensitivity_value,1775814900,"{""light_sensitivity_value"":0,""time"":1775814900}",1775859662
6173302506,985021106,body_momentum,1775814900,"{""body_momentum"":0,""time"":1775814900}",1775859676
6173302506,985021106,light_sensitivity_value,1775814840,"{""light_sensitivity_value"":0,""time"":1775814840}",1775859662
6173302506,985021106,body_momentum,1775814840,"{""body_momentum"":0,""time"":1775814840}",1775859676
6173302506,985021106,light_sensitivity_value,1775814780,"{""light_sensitivity_value"":0,""time"":1775814780}",1775859662
6173302506,985021106,body_momentum,1775814780,"{""body_momentum"":0,""time"":1775814780}",1775859676
6173302506,985021106,light_sensitivity_value,1775814720,"{""light_sensitivity_value"":0,""time"":1775814720}",1775859662
6173302506,985021106,body_momentum,1775814720,"{""body_momentum"":0,""time"":1775814720}",1775859676
6173302506,985021106,light_sensitivity_value,1775814660,"{""light_sensitivity_value"":0,""time"":1775814660}",1775859662
6173302506,985021106,body_momentum,1775814660,"{""body_momentum"":0,""time"":1775814660}",1775859676
6173302506,985021106,light_sensitivity_value,1775814600,"{""light_sensitivity_value"":0,""time"":1775814600}",1775859662
6173302506,985021106,body_momentum,1775814600,"{""body_momentum"":0,""time"":1775814600}",1775859676
6173302506,985021106,light_sensitivity_value,1775814540,"{""light_sensitivity_value"":0,""time"":1775814540}",1775859662
6173302506,985021106,body_momentum,1775814540,"{""body_momentum"":0,""time"":1775814540}",1775859676
6173302506,985021106,light_sensitivity_value,1775814480,"{""light_sensitivity_value"":0,""time"":1775814480}",1775859662
6173302506,985021106,body_momentum,1775814480,"{""body_momentum"":0,""time"":1775814480}",1775859676
6173302506,985021106,light_sensitivity_value,1775814420,"{""light_sensitivity_value"":0,""time"":1775814420}",1775859662
6173302506,985021106,body_momentum,1775814420,"{""body_momentum"":0,""time"":1775814420}",1775859676
6173302506,985021106,light_sensitivity_value,1775814360,"{""light_sensitivity_value"":0,""time"":1775814360}",1775859662
6173302506,985021106,body_momentum,1775814360,"{""body_momentum"":0,""time"":1775814360}",1775859676
6173302506,985021106,light_sensitivity_value,1775814300,"{""light_sensitivity_value"":0,""time"":1775814300}",1775859662
6173302506,985021106,body_momentum,1775814300,"{""body_momentum"":0,""time"":1775814300}",1775859676
6173302506,985021106,light_sensitivity_value,1775814240,"{""light_sensitivity_value"":0,""time"":1775814240}",1775859662
6173302506,985021106,body_momentum,1775814240,"{""body_momentum"":0,""time"":1775814240}",1775859676
6173302506,985021106,light_sensitivity_value,1775814180,"{""light_sensitivity_value"":0,""time"":1775814180}",1775859662
6173302506,985021106,body_momentum,1775814180,"{""body_momentum"":0,""time"":1775814180}",1775859676
6173302506,985021106,light_sensitivity_value,1775814120,"{""light_sensitivity_value"":0,""time"":1775814120}",1775859662
6173302506,985021106,body_momentum,1775814120,"{""body_momentum"":0,""time"":1775814120}",1775859676
6173302506,985021106,light_sensitivity_value,1775814060,"{""light_sensitivity_value"":0,""time"":1775814060}",1775859662
6173302506,985021106,body_momentum,1775814060,"{""body_momentum"":0,""time"":1775814060}",1775859676
6173302506,985021106,light_sensitivity_value,1775814000,"{""light_sensitivity_value"":0,""time"":1775814000}",1775859662
6173302506,985021106,body_momentum,1775814000,"{""body_momentum"":0,""time"":1775814000}",1775859676
6173302506,985021106,light_sensitivity_value,1775813940,"{""light_sensitivity_value"":0,""time"":1775813940}",1775859662
6173302506,985021106,body_momentum,1775813940,"{""body_momentum"":0,""time"":1775813940}",1775859676
6173302506,985021106,light_sensitivity_value,1775813880,"{""light_sensitivity_value"":0,""time"":1775813880}",1775859662
6173302506,985021106,body_momentum,1775813880,"{""body_momentum"":0,""time"":1775813880}",1775859676
6173302506,985021106,light_sensitivity_value,1775813820,"{""light_sensitivity_value"":0,""time"":1775813820}",1775859662
6173302506,985021106,body_momentum,1775813820,"{""body_momentum"":0,""time"":1775813820}",1775859676
6173302506,985021106,light_sensitivity_value,1775813760,"{""light_sensitivity_value"":0,""time"":1775813760}",1775859662
6173302506,985021106,body_momentum,1775813760,"{""body_momentum"":0,""time"":1775813760}",1775859676
6173302506,985021106,light_sensitivity_value,1775813700,"{""light_sensitivity_value"":0,""time"":1775813700}",1775859662
6173302506,985021106,body_momentum,1775813700,"{""body_momentum"":0,""time"":1775813700}",1775859676
6173302506,985021106,light_sensitivity_value,1775813640,"{""light_sensitivity_value"":0,""time"":1775813640}",1775859662
6173302506,985021106,body_momentum,1775813640,"{""body_momentum"":0,""time"":1775813640}",1775859676
6173302506,985021106,light_sensitivity_value,1775813580,"{""light_sensitivity_value"":0,""time"":1775813580}",1775859662
6173302506,985021106,body_momentum,1775813580,"{""body_momentum"":0,""time"":1775813580}",1775859676
6173302506,985021106,light_sensitivity_value,1775813520,"{""light_sensitivity_value"":0,""time"":1775813520}",1775859662
6173302506,985021106,body_momentum,1775813520,"{""body_momentum"":0,""time"":1775813520}",1775859676
6173302506,985021106,light_sensitivity_value,1775813460,"{""light_sensitivity_value"":0,""time"":1775813460}",1775859662
6173302506,985021106,body_momentum,1775813460,"{""body_momentum"":0,""time"":1775813460}",1775859676
6173302506,985021106,light_sensitivity_value,1775813400,"{""light_sensitivity_value"":0,""time"":1775813400}",1775859662
6173302506,985021106,body_momentum,1775813400,"{""body_momentum"":0,""time"":1775813400}",1775859676
6173302506,985021106,light_sensitivity_value,1775813340,"{""light_sensitivity_value"":0,""time"":1775813340}",1775859662
6173302506,985021106,body_momentum,1775813340,"{""body_momentum"":0,""time"":1775813340}",1775859676
6173302506,985021106,light_sensitivity_value,1775813280,"{""light_sensitivity_value"":0,""time"":1775813280}",1775859662
6173302506,985021106,body_momentum,1775813280,"{""body_momentum"":0,""time"":1775813280}",1775859676
6173302506,985021106,light_sensitivity_value,1775813220,"{""light_sensitivity_value"":0,""time"":1775813220}",1775859662
6173302506,985021106,body_momentum,1775813220,"{""body_momentum"":0,""time"":1775813220}",1775859676
6173302506,985021106,light_sensitivity_value,1775813160,"{""light_sensitivity_value"":0,""time"":1775813160}",1775859662
6173302506,985021106,body_momentum,1775813160,"{""body_momentum"":0,""time"":1775813160}",1775859676
6173302506,985021106,light_sensitivity_value,1775813100,"{""light_sensitivity_value"":0,""time"":1775813100}",1775859662
6173302506,985021106,body_momentum,1775813100,"{""body_momentum"":0,""time"":1775813100}",1775859676
6173302506,985021106,light_sensitivity_value,1775813040,"{""light_sensitivity_value"":0,""time"":1775813040}",1775859662
6173302506,985021106,body_momentum,1775813040,"{""body_momentum"":0,""time"":1775813040}",1775859676
6173302506,985021106,light_sensitivity_value,1775812980,"{""light_sensitivity_value"":0,""time"":1775812980}",1775859662
6173302506,985021106,body_momentum,1775812980,"{""body_momentum"":0,""time"":1775812980}",1775859676
6173302506,985021106,light_sensitivity_value,1775812920,"{""light_sensitivity_value"":0,""time"":1775812920}",1775859662
6173302506,985021106,body_momentum,1775812920,"{""body_momentum"":0,""time"":1775812920}",1775859676
6173302506,985021106,light_sensitivity_value,1775812860,"{""light_sensitivity_value"":0,""time"":1775812860}",1775859662
6173302506,985021106,body_momentum,1775812860,"{""body_momentum"":0,""time"":1775812860}",1775859676
6173302506,985021106,light_sensitivity_value,1775812800,"{""light_sensitivity_value"":0,""time"":1775812800}",1775859662
6173302506,985021106,body_momentum,1775812800,"{""body_momentum"":0,""time"":1775812800}",1775859676
6173302506,985021106,light_sensitivity_value,1775812740,"{""light_sensitivity_value"":0,""time"":1775812740}",1775859662
6173302506,985021106,body_momentum,1775812740,"{""body_momentum"":0,""time"":1775812740}",1775859676
6173302506,985021106,light_sensitivity_value,1775812680,"{""light_sensitivity_value"":0,""time"":1775812680}",1775859662
6173302506,985021106,body_momentum,1775812680,"{""body_momentum"":0,""time"":1775812680}",1775859676
6173302506,985021106,light_sensitivity_value,1775812620,"{""light_sensitivity_value"":0,""time"":1775812620}",1775859662
6173302506,985021106,body_momentum,1775812620,"{""body_momentum"":0,""time"":1775812620}",1775859676
6173302506,985021106,light_sensitivity_value,1775812560,"{""light_sensitivity_value"":0,""time"":1775812560}",1775859662
6173302506,985021106,body_momentum,1775812560,"{""body_momentum"":0,""time"":1775812560}",1775859676
6173302506,985021106,light_sensitivity_value,1775812500,"{""light_sensitivity_value"":0,""time"":1775812500}",1775859662
6173302506,985021106,body_momentum,1775812500,"{""body_momentum"":0,""time"":1775812500}",1775859676
6173302506,985021106,light_sensitivity_value,1775812440,"{""light_sensitivity_value"":0,""time"":1775812440}",1775859662
6173302506,985021106,body_momentum,1775812440,"{""body_momentum"":0,""time"":1775812440}",1775859676
6173302506,985021106,light_sensitivity_value,1775812380,"{""light_sensitivity_value"":0,""time"":1775812380}",1775859662
6173302506,985021106,body_momentum,1775812380,"{""body_momentum"":0,""time"":1775812380}",1775859676
6173302506,985021106,light_sensitivity_value,1775812320,"{""light_sensitivity_value"":0,""time"":1775812320}",1775859662
6173302506,985021106,body_momentum,1775812320,"{""body_momentum"":0,""time"":1775812320}",1775859676
6173302506,985021106,light_sensitivity_value,1775812260,"{""light_sensitivity_value"":0,""time"":1775812260}",1775859662
6173302506,985021106,body_momentum,1775812260,"{""body_momentum"":0,""time"":1775812260}",1775859676
6173302506,985021106,light_sensitivity_value,1775812200,"{""light_sensitivity_value"":0,""time"":1775812200}",1775859662
6173302506,985021106,body_momentum,1775812200,"{""body_momentum"":0,""time"":1775812200}",1775859676
6173302506,985021106,light_sensitivity_value,1775812140,"{""light_sensitivity_value"":0,""time"":1775812140}",1775859662
6173302506,985021106,body_momentum,1775812140,"{""body_momentum"":0,""time"":1775812140}",1775859676
6173302506,985021106,light_sensitivity_value,1775812080,"{""light_sensitivity_value"":0,""time"":1775812080}",1775859662
6173302506,985021106,body_momentum,1775812080,"{""body_momentum"":0,""time"":1775812080}",1775859676
6173302506,985021106,light_sensitivity_value,1775812020,"{""light_sensitivity_value"":0,""time"":1775812020}",1775859662
6173302506,985021106,body_momentum,1775812020,"{""body_momentum"":0,""time"":1775812020}",1775859676
6173302506,985021106,light_sensitivity_value,1775811960,"{""light_sensitivity_value"":0,""time"":1775811960}",1775859662
6173302506,985021106,body_momentum,1775811960,"{""body_momentum"":0,""time"":1775811960}",1775859676
6173302506,985021106,light_sensitivity_value,1775811900,"{""light_sensitivity_value"":0,""time"":1775811900}",1775859662
6173302506,985021106,body_momentum,1775811900,"{""body_momentum"":0,""time"":1775811900}",1775859676
6173302506,985021106,light_sensitivity_value,1775811840,"{""light_sensitivity_value"":0,""time"":1775811840}",1775859662
6173302506,985021106,body_momentum,1775811840,"{""body_momentum"":0,""time"":1775811840}",1775859676
6173302506,985021106,light_sensitivity_value,1775811780,"{""light_sensitivity_value"":0,""time"":1775811780}",1775859662
6173302506,985021106,body_momentum,1775811780,"{""body_momentum"":0,""time"":1775811780}",1775859676
6173302506,985021106,light_sensitivity_value,1775811720,"{""light_sensitivity_value"":0,""time"":1775811720}",1775859662
6173302506,985021106,body_momentum,1775811720,"{""body_momentum"":0,""time"":1775811720}",1775859676
6173302506,985021106,light_sensitivity_value,1775811660,"{""light_sensitivity_value"":0,""time"":1775811660}",1775859662
6173302506,985021106,body_momentum,1775811660,"{""body_momentum"":0,""time"":1775811660}",1775859676
6173302506,985021106,light_sensitivity_value,1775811600,"{""light_sensitivity_value"":0,""time"":1775811600}",1775859662
6173302506,985021106,body_momentum,1775811600,"{""body_momentum"":0,""time"":1775811600}",1775859676
6173302506,985021106,light_sensitivity_value,1775811540,"{""light_sensitivity_value"":0,""time"":1775811540}",1775859662
6173302506,985021106,body_momentum,1775811540,"{""body_momentum"":0,""time"":1775811540}",1775859676
6173302506,985021106,light_sensitivity_value,1775811480,"{""light_sensitivity_value"":0,""time"":1775811480}",1775859662
6173302506,985021106,body_momentum,1775811480,"{""body_momentum"":0,""time"":1775811480}",1775859676
6173302506,985021106,light_sensitivity_value,1775811420,"{""light_sensitivity_value"":0,""time"":1775811420}",1775859661
6173302506,985021106,body_momentum,1775811420,"{""body_momentum"":0,""time"":1775811420}",1775859676
6173302506,985021106,light_sensitivity_value,1775811360,"{""light_sensitivity_value"":0,""time"":1775811360}",1775859661
6173302506,985021106,body_momentum,1775811360,"{""body_momentum"":0,""time"":1775811360}",1775859676
6173302506,985021106,light_sensitivity_value,1775811300,"{""light_sensitivity_value"":0,""time"":1775811300}",1775859661
6173302506,985021106,body_momentum,1775811300,"{""body_momentum"":0,""time"":1775811300}",1775859676
6173302506,985021106,light_sensitivity_value,1775811240,"{""light_sensitivity_value"":0,""time"":1775811240}",1775859661
6173302506,985021106,body_momentum,1775811240,"{""body_momentum"":0,""time"":1775811240}",1775859676
6173302506,985021106,light_sensitivity_value,1775811180,"{""light_sensitivity_value"":0,""time"":1775811180}",1775859661
6173302506,985021106,body_momentum,1775811180,"{""body_momentum"":0,""time"":1775811180}",1775859676
6173302506,985021106,light_sensitivity_value,1775811120,"{""light_sensitivity_value"":0,""time"":1775811120}",1775859661
6173302506,985021106,body_momentum,1775811120,"{""body_momentum"":0,""time"":1775811120}",1775859676
6173302506,985021106,light_sensitivity_value,1775811060,"{""light_sensitivity_value"":0,""time"":1775811060}",1775859661
6173302506,985021106,body_momentum,1775811060,"{""body_momentum"":0,""time"":1775811060}",1775859676
6173302506,985021106,light_sensitivity_value,1775811000,"{""light_sensitivity_value"":0,""time"":1775811000}",1775859661
6173302506,985021106,body_momentum,1775811000,"{""body_momentum"":0,""time"":1775811000}",1775859676
6173302506,985021106,light_sensitivity_value,1775810940,"{""light_sensitivity_value"":0,""time"":1775810940}",1775859661
6173302506,985021106,body_momentum,1775810940,"{""body_momentum"":0,""time"":1775810940}",1775859676
6173302506,985021106,light_sensitivity_value,1775810880,"{""light_sensitivity_value"":0,""time"":1775810880}",1775859661
6173302506,985021106,body_momentum,1775810880,"{""body_momentum"":0,""time"":1775810880}",1775859676
6173302506,985021106,light_sensitivity_value,1775810820,"{""light_sensitivity_value"":0,""time"":1775810820}",1775859661
6173302506,985021106,body_momentum,1775810820,"{""body_momentum"":0,""time"":1775810820}",1775859676
6173302506,985021106,light_sensitivity_value,1775810760,"{""light_sensitivity_value"":0,""time"":1775810760}",1775859661
6173302506,985021106,body_momentum,1775810760,"{""body_momentum"":0,""time"":1775810760}",1775859676
6173302506,985021106,light_sensitivity_value,1775810700,"{""light_sensitivity_value"":0,""time"":1775810700}",1775859661
6173302506,985021106,body_momentum,1775810700,"{""body_momentum"":0,""time"":1775810700}",1775859676
6173302506,985021106,light_sensitivity_value,1775810640,"{""light_sensitivity_value"":0,""time"":1775810640}",1775859661
6173302506,985021106,body_momentum,1775810640,"{""body_momentum"":0,""time"":1775810640}",1775859676
6173302506,985021106,light_sensitivity_value,1775810580,"{""light_sensitivity_value"":0,""time"":1775810580}",1775859661
6173302506,985021106,body_momentum,1775810580,"{""body_momentum"":0,""time"":1775810580}",1775859676
6173302506,985021106,light_sensitivity_value,1775810520,"{""light_sensitivity_value"":0,""time"":1775810520}",1775859661
6173302506,985021106,body_momentum,1775810520,"{""body_momentum"":0,""time"":1775810520}",1775859675
6173302506,985021106,light_sensitivity_value,1775810460,"{""light_sensitivity_value"":0,""time"":1775810460}",1775859661
6173302506,985021106,body_momentum,1775810460,"{""body_momentum"":0,""time"":1775810460}",1775859675
6173302506,985021106,light_sensitivity_value,1775810400,"{""light_sensitivity_value"":0,""time"":1775810400}",1775859661
6173302506,985021106,body_momentum,1775810400,"{""body_momentum"":0,""time"":1775810400}",1775859675
6173302506,985021106,light_sensitivity_value,1775810340,"{""light_sensitivity_value"":0,""time"":1775810340}",1775859661
6173302506,985021106,body_momentum,1775810340,"{""body_momentum"":0,""time"":1775810340}",1775859675
6173302506,985021106,light_sensitivity_value,1775810280,"{""light_sensitivity_value"":0,""time"":1775810280}",1775859661
6173302506,985021106,body_momentum,1775810280,"{""body_momentum"":0,""time"":1775810280}",1775859675
6173302506,985021106,light_sensitivity_value,1775810220,"{""light_sensitivity_value"":0,""time"":1775810220}",1775859661
6173302506,985021106,body_momentum,1775810220,"{""body_momentum"":0,""time"":1775810220}",1775859675
6173302506,985021106,light_sensitivity_value,1775810160,"{""light_sensitivity_value"":0,""time"":1775810160}",1775859661
6173302506,985021106,body_momentum,1775810160,"{""body_momentum"":0,""time"":1775810160}",1775859675
6173302506,985021106,light_sensitivity_value,1775810100,"{""light_sensitivity_value"":0,""time"":1775810100}",1775859661
6173302506,985021106,body_momentum,1775810100,"{""body_momentum"":0,""time"":1775810100}",1775859675
6173302506,985021106,light_sensitivity_value,1775810040,"{""light_sensitivity_value"":0,""time"":1775810040}",1775859661
6173302506,985021106,body_momentum,1775810040,"{""body_momentum"":0,""time"":1775810040}",1775859675
6173302506,985021106,light_sensitivity_value,1775809980,"{""light_sensitivity_value"":0,""time"":1775809980}",1775859661
6173302506,985021106,body_momentum,1775809980,"{""body_momentum"":0,""time"":1775809980}",1775859675
6173302506,985021106,light_sensitivity_value,1775809920,"{""light_sensitivity_value"":0,""time"":1775809920}",1775859661
6173302506,985021106,body_momentum,1775809920,"{""body_momentum"":0,""time"":1775809920}",1775859675
6173302506,985021106,light_sensitivity_value,1775809860,"{""light_sensitivity_value"":0,""time"":1775809860}",1775859661
6173302506,985021106,body_momentum,1775809860,"{""body_momentum"":0,""time"":1775809860}",1775859675
6173302506,985021106,light_sensitivity_value,1775809800,"{""light_sensitivity_value"":0,""time"":1775809800}",1775859661
6173302506,985021106,body_momentum,1775809800,"{""body_momentum"":0,""time"":1775809800}",1775859675
6173302506,985021106,light_sensitivity_value,1775809740,"{""light_sensitivity_value"":0,""time"":1775809740}",1775859661
6173302506,985021106,body_momentum,1775809740,"{""body_momentum"":0,""time"":1775809740}",1775859675
6173302506,985021106,light_sensitivity_value,1775809680,"{""light_sensitivity_value"":0,""time"":1775809680}",1775859661
6173302506,985021106,body_momentum,1775809680,"{""body_momentum"":0,""time"":1775809680}",1775859675
6173302506,985021106,light_sensitivity_value,1775809620,"{""light_sensitivity_value"":0,""time"":1775809620}",1775859661
6173302506,985021106,body_momentum,1775809620,"{""body_momentum"":0,""time"":1775809620}",1775859675
6173302506,985021106,light_sensitivity_value,1775809560,"{""light_sensitivity_value"":0,""time"":1775809560}",1775859661
6173302506,985021106,body_momentum,1775809560,"{""body_momentum"":0,""time"":1775809560}",1775859675
6173302506,985021106,light_sensitivity_value,1775809500,"{""light_sensitivity_value"":0,""time"":1775809500}",1775859661
6173302506,985021106,body_momentum,1775809500,"{""body_momentum"":0,""time"":1775809500}",1775859675
6173302506,985021106,light_sensitivity_value,1775809440,"{""light_sensitivity_value"":0,""time"":1775809440}",1775859661
6173302506,985021106,body_momentum,1775809440,"{""body_momentum"":0,""time"":1775809440}",1775859675
6173302506,985021106,light_sensitivity_value,1775809380,"{""light_sensitivity_value"":0,""time"":1775809380}",1775859661
6173302506,985021106,body_momentum,1775809380,"{""body_momentum"":0,""time"":1775809380}",1775859675
6173302506,985021106,light_sensitivity_value,1775809320,"{""light_sensitivity_value"":0,""time"":1775809320}",1775859661
6173302506,985021106,body_momentum,1775809320,"{""body_momentum"":0,""time"":1775809320}",1775859675
6173302506,985021106,light_sensitivity_value,1775809260,"{""light_sensitivity_value"":0,""time"":1775809260}",1775859661
6173302506,985021106,body_momentum,1775809260,"{""body_momentum"":0,""time"":1775809260}",1775859675
6173302506,985021106,light_sensitivity_value,1775809200,"{""light_sensitivity_value"":0,""time"":1775809200}",1775859661
6173302506,985021106,body_momentum,1775809200,"{""body_momentum"":0,""time"":1775809200}",1775859675
6173302506,985021106,light_sensitivity_value,1775809140,"{""light_sensitivity_value"":0,""time"":1775809140}",1775859661
6173302506,985021106,body_momentum,1775809140,"{""body_momentum"":0,""time"":1775809140}",1775859675
6173302506,985021106,light_sensitivity_value,1775809080,"{""light_sensitivity_value"":0,""time"":1775809080}",1775859661
6173302506,985021106,body_momentum,1775809080,"{""body_momentum"":0,""time"":1775809080}",1775859675
6173302506,985021106,light_sensitivity_value,1775809020,"{""light_sensitivity_value"":0,""time"":1775809020}",1775859661
6173302506,985021106,body_momentum,1775809020,"{""body_momentum"":0,""time"":1775809020}",1775859675
6173302506,985021106,light_sensitivity_value,1775808960,"{""light_sensitivity_value"":0,""time"":1775808960}",1775859661
6173302506,985021106,body_momentum,1775808960,"{""body_momentum"":0,""time"":1775808960}",1775859675
6173302506,985021106,light_sensitivity_value,1775808900,"{""light_sensitivity_value"":0,""time"":1775808900}",1775859661
6173302506,985021106,body_momentum,1775808900,"{""body_momentum"":0,""time"":1775808900}",1775859675
6173302506,985021106,light_sensitivity_value,1775808840,"{""light_sensitivity_value"":0,""time"":1775808840}",1775859661
6173302506,985021106,body_momentum,1775808840,"{""body_momentum"":0,""time"":1775808840}",1775859675
6173302506,985021106,light_sensitivity_value,1775808780,"{""light_sensitivity_value"":0,""time"":1775808780}",1775859661
6173302506,985021106,body_momentum,1775808780,"{""body_momentum"":0,""time"":1775808780}",1775859675
6173302506,985021106,light_sensitivity_value,1775808720,"{""light_sensitivity_value"":0,""time"":1775808720}",1775859661
6173302506,985021106,body_momentum,1775808720,"{""body_momentum"":0,""time"":1775808720}",1775859675
6173302506,985021106,light_sensitivity_value,1775808660,"{""light_sensitivity_value"":0,""time"":1775808660}",1775859661
6173302506,985021106,body_momentum,1775808660,"{""body_momentum"":0,""time"":1775808660}",1775859675
6173302506,985021106,light_sensitivity_value,1775808600,"{""light_sensitivity_value"":0,""time"":1775808600}",1775859661
6173302506,985021106,body_momentum,1775808600,"{""body_momentum"":0,""time"":1775808600}",1775859675
6173302506,985021106,light_sensitivity_value,1775808540,"{""light_sensitivity_value"":0,""time"":1775808540}",1775859661
6173302506,985021106,body_momentum,1775808540,"{""body_momentum"":0,""time"":1775808540}",1775859675
6173302506,985021106,heart_rate,1775815140,"{""time"":1775815140,""bpm"":64,""type"":0}",1775859333
6173302506,985021106,heart_rate,1775815080,"{""time"":1775815080,""bpm"":66,""type"":0}",1775859333
6173302506,985021106,heart_rate,1775815020,"{""time"":1775815020,""bpm"":62,""type"":0}",1775859333
6173302506,985021106,heart_rate,1775814960,"{""time"":1775814960,""bpm"":61,""type"":0}",1775859333
6173302506,985021106,heart_rate,1775814900,"{""time"":1775814900,""bpm"":62,""type"":0}",1775859333
6173302506,985021106,heart_rate,1775814840,"{""time"":1775814840,""bpm"":64,""type"":0}",1775859333
6173302506,985021106,heart_rate,1775814780,"{""time"":1775814780,""bpm"":65,""type"":0}",1775859333
6173302506,985021106,heart_rate,1775814720,"{""time"":1775814720,""bpm"":67,""type"":0}",1775859333
6173302506,985021106,heart_rate,1775814660,"{""time"":1775814660,""bpm"":62,""type"":0}",1775859333
6173302506,985021106,heart_rate,1775814600,"{""time"":1775814600,""bpm"":70,""type"":0}",1775859333
6173302506,985021106,heart_rate,1775814540,"{""time"":1775814540,""bpm"":57,""type"":0}",1775859333
6173302506,985021106,heart_rate,1775814480,"{""time"":1775814480,""bpm"":57,""type"":0}",1775859333
6173302506,985021106,heart_rate,1775814420,"{""time"":1775814420,""bpm"":56,""type"":0}",1775859333
6173302506,985021106,heart_rate,1775814360,"{""time"":1775814360,""bpm"":56,""type"":0}",1775859333
6173302506,985021106,heart_rate,1775814300,"{""time"":1775814300,""bpm"":56,""type"":0}",1775859333
6173302506,985021106,heart_rate,1775814240,"{""time"":1775814240,""bpm"":57,""type"":0}",1775859333
6173302506,985021106,heart_rate,1775814180,"{""time"":1775814180,""bpm"":58,""type"":0}",1775859333
6173302506,985021106,heart_rate,1775814120,"{""time"":1775814120,""bpm"":56,""type"":0}",1775859333
6173302506,985021106,heart_rate,1775814060,"{""time"":1775814060,""bpm"":55,""type"":0}",1775859333
6173302506,985021106,heart_rate,1775814000,"{""time"":1775814000,""bpm"":57,""type"":0}",1775859333
6173302506,985021106,heart_rate,1775813940,"{""time"":1775813940,""bpm"":58,""type"":0}",1775859333
6173302506,985021106,heart_rate,1775813880,"{""time"":1775813880,""bpm"":57,""type"":0}",1775859333
6173302506,985021106,heart_rate,1775813820,"{""time"":1775813820,""bpm"":57,""type"":0}",1775859333
6173302506,985021106,heart_rate,1775813760,"{""time"":1775813760,""bpm"":56,""type"":0}",1775859333
6173302506,985021106,heart_rate,1775813700,"{""time"":1775813700,""bpm"":57,""type"":0}",1775859333
6173302506,985021106,heart_rate,1775813640,"{""time"":1775813640,""bpm"":57,""type"":0}",1775859333
6173302506,985021106,heart_rate,1775813580,"{""time"":1775813580,""bpm"":57,""type"":0}",1775859333
6173302506,985021106,heart_rate,1775813520,"{""time"":1775813520,""bpm"":56,""type"":0}",1775859333
6173302506,985021106,heart_rate,1775813460,"{""time"":1775813460,""bpm"":57,""type"":0}",1775859333
6173302506,985021106,heart_rate,1775813400,"{""time"":1775813400,""bpm"":56,""type"":0}",1775859333
6173302506,985021106,heart_rate,1775813340,"{""time"":1775813340,""bpm"":56,""type"":0}",1775859333
6173302506,985021106,heart_rate,1775813280,"{""time"":1775813280,""bpm"":56,""type"":0}",1775859333
6173302506,985021106,heart_rate,1775813220,"{""time"":1775813220,""bpm"":56,""type"":0}",1775859333
6173302506,985021106,heart_rate,1775813160,"{""time"":1775813160,""bpm"":57,""type"":0}",1775859333
6173302506,985021106,heart_rate,1775813100,"{""time"":1775813100,""bpm"":57,""type"":0}",1775859333
6173302506,985021106,heart_rate,1775813040,"{""time"":1775813040,""bpm"":59,""type"":0}",1775859333
6173302506,985021106,heart_rate,1775812980,"{""time"":1775812980,""bpm"":56,""type"":0}",1775859333
6173302506,985021106,heart_rate,1775812920,"{""time"":1775812920,""bpm"":56,""type"":0}",1775859333
6173302506,985021106,heart_rate,1775812860,"{""time"":1775812860,""bpm"":56,""type"":0}",1775859333
6173302506,985021106,heart_rate,1775812800,"{""time"":1775812800,""bpm"":55,""type"":0}",1775859333
6173302506,985021106,heart_rate,1775812740,"{""time"":1775812740,""bpm"":56,""type"":0}",1775859333
6173302506,985021106,heart_rate,1775812680,"{""time"":1775812680,""bpm"":57,""type"":0}",1775859333
6173302506,985021106,heart_rate,1775812620,"{""time"":1775812620,""bpm"":57,""type"":0}",1775859333
6173302506,985021106,heart_rate,1775812560,"{""time"":1775812560,""bpm"":57,""type"":0}",1775859333
6173302506,985021106,heart_rate,1775812500,"{""time"":1775812500,""bpm"":58,""type"":0}",1775859333
6173302506,985021106,heart_rate,1775812440,"{""time"":1775812440,""bpm"":63,""type"":0}",1775859333
6173302506,985021106,heart_rate,1775812380,"{""time"":1775812380,""bpm"":55,""type"":0}",1775859333
6173302506,985021106,heart_rate,1775812320,"{""time"":1775812320,""bpm"":56,""type"":0}",1775859333
6173302506,985021106,heart_rate,1775812260,"{""time"":1775812260,""bpm"":57,""type"":0}",1775859333
6173302506,985021106,heart_rate,1775812200,"{""time"":1775812200,""bpm"":58,""type"":0}",1775859333
6173302506,985021106,heart_rate,1775812140,"{""time"":1775812140,""bpm"":57,""type"":0}",1775859333
6173302506,985021106,heart_rate,1775812080,"{""time"":1775812080,""bpm"":57,""type"":0}",1775859333
6173302506,985021106,heart_rate,1775812020,"{""time"":1775812020,""bpm"":56,""type"":0}",1775859333
6173302506,985021106,heart_rate,1775811960,"{""time"":1775811960,""bpm"":58,""type"":0}",1775859333
6173302506,985021106,heart_rate,1775811900,"{""time"":1775811900,""bpm"":62,""type"":0}",1775859333
6173302506,985021106,heart_rate,1775811840,"{""time"":1775811840,""bpm"":57,""type"":0}",1775859333
6173302506,985021106,heart_rate,1775811780,"{""time"":1775811780,""bpm"":61,""type"":0}",1775859333
6173302506,985021106,heart_rate,1775811720,"{""time"":1775811720,""bpm"":80,""type"":0}",1775859333
6173302506,985021106,heart_rate,1775811660,"{""time"":1775811660,""bpm"":57,""type"":0}",1775859333
6173302506,985021106,heart_rate,1775811600,"{""time"":1775811600,""bpm"":57,""type"":0}",1775859333
6173302506,985021106,heart_rate,1775811540,"{""time"":1775811540,""bpm"":57,""type"":0}",1775859333
6173302506,985021106,heart_rate,1775811480,"{""time"":1775811480,""bpm"":57,""type"":0}",1775859333
6173302506,985021106,heart_rate,1775811420,"{""time"":1775811420,""bpm"":57,""type"":0}",1775859333
6173302506,985021106,heart_rate,1775811360,"{""time"":1775811360,""bpm"":55,""type"":0}",1775859333
6173302506,985021106,heart_rate,1775811300,"{""time"":1775811300,""bpm"":55,""type"":0}",1775859333
6173302506,985021106,heart_rate,1775811240,"{""time"":1775811240,""bpm"":56,""type"":0}",1775859333
6173302506,985021106,heart_rate,1775811180,"{""time"":1775811180,""bpm"":54,""type"":0}",1775859333
6173302506,985021106,heart_rate,1775811120,"{""time"":1775811120,""bpm"":55,""type"":0}",1775859333
6173302506,985021106,heart_rate,1775811060,"{""time"":1775811060,""bpm"":58,""type"":0}",1775859333
6173302506,985021106,heart_rate,1775811000,"{""time"":1775811000,""bpm"":57,""type"":0}",1775859333
6173302506,985021106,heart_rate,1775810940,"{""time"":1775810940,""bpm"":55,""type"":0}",1775859333
6173302506,985021106,heart_rate,1775810880,"{""time"":1775810880,""bpm"":55,""type"":0}",1775859333
6173302506,985021106,heart_rate,1775810820,"{""time"":1775810820,""bpm"":56,""type"":0}",1775859333
6173302506,985021106,heart_rate,1775810760,"{""time"":1775810760,""bpm"":56,""type"":0}",1775859333
6173302506,985021106,heart_rate,1775810700,"{""time"":1775810700,""bpm"":55,""type"":0}",1775859333
6173302506,985021106,heart_rate,1775810640,"{""time"":1775810640,""bpm"":56,""type"":0}",1775859333
6173302506,985021106,heart_rate,1775810580,"{""time"":1775810580,""bpm"":56,""type"":0}",1775859333
6173302506,985021106,heart_rate,1775810520,"{""time"":1775810520,""bpm"":57,""type"":0}",1775859333
6173302506,985021106,heart_rate,1775810460,"{""time"":1775810460,""bpm"":56,""type"":0}",1775859333
6173302506,985021106,heart_rate,1775810400,"{""time"":1775810400,""bpm"":57,""type"":0}",1775859333
6173302506,985021106,heart_rate,1775810340,"{""time"":1775810340,""bpm"":57,""type"":0}",1775859333
6173302506,985021106,heart_rate,1775810280,"{""time"":1775810280,""bpm"":56,""type"":0}",1775859333
6173302506,985021106,heart_rate,1775810220,"{""time"":1775810220,""bpm"":56,""type"":0}",1775859333
6173302506,985021106,heart_rate,1775810160,"{""time"":1775810160,""bpm"":57,""type"":0}",1775859333
6173302506,985021106,heart_rate,1775810100,"{""time"":1775810100,""bpm"":59,""type"":0}",1775859333
6173302506,985021106,heart_rate,1775810040,"{""time"":1775810040,""bpm"":60,""type"":0}",1775859333
6173302506,985021106,heart_rate,1775809980,"{""time"":1775809980,""bpm"":57,""type"":0}",1775859333
6173302506,985021106,heart_rate,1775809920,"{""time"":1775809920,""bpm"":56,""type"":0}",1775859333
6173302506,985021106,heart_rate,1775809860,"{""time"":1775809860,""bpm"":59,""type"":0}",1775859333
6173302506,985021106,heart_rate,1775809800,"{""time"":1775809800,""bpm"":57,""type"":0}",1775859333
6173302506,985021106,heart_rate,1775809740,"{""time"":1775809740,""bpm"":58,""type"":0}",1775859333
6173302506,985021106,heart_rate,1775809680,"{""time"":1775809680,""bpm"":57,""type"":0}",1775859333
6173302506,985021106,heart_rate,1775809620,"{""time"":1775809620,""bpm"":58,""type"":0}",1775859333
6173302506,985021106,heart_rate,1775809560,"{""time"":1775809560,""bpm"":57,""type"":0}",1775859333
6173302506,985021106,heart_rate,1775809500,"{""time"":1775809500,""bpm"":61,""type"":0}",1775859333
6173302506,985021106,heart_rate,1775809200,"{""time"":1775809200,""bpm"":83,""type"":0}",1775859333
6173302506,985021106,heart_rate,1775809140,"{""time"":1775809140,""bpm"":70,""type"":0}",1775859333
6173302506,985021106,heart_rate,1775809080,"{""time"":1775809080,""bpm"":63,""type"":0}",1775859333
6173302506,985021106,heart_rate,1775809020,"{""time"":1775809020,""bpm"":80,""type"":0}",1775859333
6173302506,985021106,heart_rate,1775808960,"{""time"":1775808960,""bpm"":61,""type"":0}",1775859333
6173302506,985021106,heart_rate,1775808900,"{""time"":1775808900,""bpm"":59,""type"":0}",1775859333
6173302506,985021106,heart_rate,1775808840,"{""time"":1775808840,""bpm"":62,""type"":0}",1775859333
6173302506,985021106,heart_rate,1775808720,"{""time"":1775808720,""bpm"":69,""type"":0}",1775859333
6173302506,985021106,heart_rate,1775808660,"{""time"":1775808660,""bpm"":63,""type"":0}",1775859333
6173302506,985021106,heart_rate,1775808600,"{""time"":1775808600,""bpm"":63,""type"":0}",1775859333
6173302506,985021106,heart_rate,1775808540,"{""time"":1775808540,""bpm"":60,""type"":0}",1775859333
6173302506,985021106,light_sensitivity_value,1775808480,"{""light_sensitivity_value"":0,""time"":1775808480}",1775859661
6173302506,985021106,heart_rate,1775808480,"{""time"":1775808480,""bpm"":62,""type"":0}",1775859333
6173302506,985021106,body_momentum,1775808480,"{""body_momentum"":0,""time"":1775808480}",1775859675
6173302506,985021106,heart_rate,1775808420,"{""time"":1775808420,""bpm"":66,""type"":0}",1775859333
6173302506,985021106,light_sensitivity_value,1775808420,"{""light_sensitivity_value"":0,""time"":1775808420}",1775859661
6173302506,985021106,body_momentum,1775808420,"{""body_momentum"":0,""time"":1775808420}",1775859675
6173302506,985021106,heart_rate,1775808360,"{""time"":1775808360,""bpm"":60,""type"":0}",1775859333
6173302506,985021106,body_momentum,1775808360,"{""body_momentum"":0,""time"":1775808360}",1775859675
6173302506,985021106,light_sensitivity_value,1775808360,"{""light_sensitivity_value"":0,""time"":1775808360}",1775859661
6173302506,985021106,heart_rate,1775808300,"{""time"":1775808300,""bpm"":59,""type"":0}",1775859333
6173302506,985021106,light_sensitivity_value,1775808300,"{""light_sensitivity_value"":0,""time"":1775808300}",1775859661
6173302506,985021106,body_momentum,1775808300,"{""body_momentum"":0,""time"":1775808300}",1775859675
6173302506,985021106,light_sensitivity_value,1775808240,"{""light_sensitivity_value"":0,""time"":1775808240}",1775859661
6173302506,985021106,heart_rate,1775808240,"{""time"":1775808240,""bpm"":64,""type"":0}",1775859333
6173302506,985021106,body_momentum,1775808240,"{""body_momentum"":0,""time"":1775808240}",1775859675
6173302506,985021106,heart_rate,1775808180,"{""time"":1775808180,""bpm"":58,""type"":0}",1775859333
6173302506,985021106,light_sensitivity_value,1775808180,"{""light_sensitivity_value"":0,""time"":1775808180}",1775859661
6173302506,985021106,body_momentum,1775808180,"{""body_momentum"":0,""time"":1775808180}",1775859675
6173302506,985021106,body_momentum,1775808120,"{""body_momentum"":0,""time"":1775808120}",1775859675
6173302506,985021106,heart_rate,1775808120,"{""time"":1775808120,""bpm"":60,""type"":0}",1775859333
6173302506,985021106,light_sensitivity_value,1775808120,"{""light_sensitivity_value"":0,""time"":1775808120}",1775859661
6173302506,985021106,body_momentum,1775808060,"{""body_momentum"":0,""time"":1775808060}",1775859675
6173302506,985021106,heart_rate,1775808060,"{""time"":1775808060,""bpm"":61,""type"":0}",1775859333
6173302506,985021106,light_sensitivity_value,1775808060,"{""light_sensitivity_value"":0,""time"":1775808060}",1775859661
6173302506,985021106,body_momentum,1775808000,"{""body_momentum"":0,""time"":1775808000}",1775859675
6173302506,985021106,heart_rate,1775808000,"{""time"":1775808000,""bpm"":58,""type"":0}",1775859333
6173302506,985021106,light_sensitivity_value,1775808000,"{""light_sensitivity_value"":0,""time"":1775808000}",1775859661
6173302506,985021106,light_sensitivity_value,1775807940,"{""light_sensitivity_value"":0,""time"":1775807940}",1775859661
6173302506,985021106,body_momentum,1775807940,"{""body_momentum"":0,""time"":1775807940}",1775859675
6173302506,985021106,light_sensitivity_value,1775807880,"{""light_sensitivity_value"":0,""time"":1775807880}",1775859661
6173302506,985021106,body_momentum,1775807880,"{""body_momentum"":0,""time"":1775807880}",1775859675
6173302506,985021106,light_sensitivity_value,1775807820,"{""light_sensitivity_value"":0,""time"":1775807820}",1775859660
6173302506,985021106,body_momentum,1775807820,"{""body_momentum"":0,""time"":1775807820}",1775859675
6173302506,985021106,light_sensitivity_value,1775807760,"{""light_sensitivity_value"":0,""time"":1775807760}",1775859660
6173302506,985021106,body_momentum,1775807760,"{""body_momentum"":0,""time"":1775807760}",1775859675
6173302506,985021106,light_sensitivity_value,1775807700,"{""light_sensitivity_value"":0,""time"":1775807700}",1775859660
6173302506,985021106,body_momentum,1775807700,"{""body_momentum"":0,""time"":1775807700}",1775859675
6173302506,985021106,light_sensitivity_value,1775807640,"{""light_sensitivity_value"":0,""time"":1775807640}",1775859660
6173302506,985021106,body_momentum,1775807640,"{""body_momentum"":0,""time"":1775807640}",1775859675
6173302506,985021106,light_sensitivity_value,1775807580,"{""light_sensitivity_value"":0,""time"":1775807580}",1775859660
6173302506,985021106,body_momentum,1775807580,"{""body_momentum"":0,""time"":1775807580}",1775859675
6173302506,985021106,light_sensitivity_value,1775807520,"{""light_sensitivity_value"":0,""time"":1775807520}",1775859660
6173302506,985021106,body_momentum,1775807520,"{""body_momentum"":0,""time"":1775807520}",1775859675
6173302506,985021106,light_sensitivity_value,1775807460,"{""light_sensitivity_value"":0,""time"":1775807460}",1775859660
6173302506,985021106,body_momentum,1775807460,"{""body_momentum"":0,""time"":1775807460}",1775859675
6173302506,985021106,light_sensitivity_value,1775807400,"{""light_sensitivity_value"":0,""time"":1775807400}",1775859660
6173302506,985021106,body_momentum,1775807400,"{""body_momentum"":0,""time"":1775807400}",1775859675
6173302506,985021106,light_sensitivity_value,1775807340,"{""light_sensitivity_value"":0,""time"":1775807340}",1775859660
6173302506,985021106,body_momentum,1775807340,"{""body_momentum"":0,""time"":1775807340}",1775859675
6173302506,985021106,light_sensitivity_value,1775807280,"{""light_sensitivity_value"":0,""time"":1775807280}",1775859660
6173302506,985021106,body_momentum,1775807280,"{""body_momentum"":0,""time"":1775807280}",1775859675
6173302506,985021106,light_sensitivity_value,1775807220,"{""light_sensitivity_value"":0,""time"":1775807220}",1775859660
6173302506,985021106,body_momentum,1775807220,"{""body_momentum"":0,""time"":1775807220}",1775859675
6173302506,985021106,light_sensitivity_value,1775807160,"{""light_sensitivity_value"":0,""time"":1775807160}",1775859660
6173302506,985021106,body_momentum,1775807160,"{""body_momentum"":0,""time"":1775807160}",1775859675
6173302506,985021106,light_sensitivity_value,1775807100,"{""light_sensitivity_value"":0,""time"":1775807100}",1775859660
6173302506,985021106,body_momentum,1775807100,"{""body_momentum"":0,""time"":1775807100}",1775859675
6173302506,985021106,light_sensitivity_value,1775807040,"{""light_sensitivity_value"":0,""time"":1775807040}",1775859660
6173302506,985021106,body_momentum,1775807040,"{""body_momentum"":0,""time"":1775807040}",1775859675
6173302506,985021106,light_sensitivity_value,1775806980,"{""light_sensitivity_value"":0,""time"":1775806980}",1775859660
6173302506,985021106,body_momentum,1775806980,"{""body_momentum"":0,""time"":1775806980}",1775859675
6173302506,985021106,light_sensitivity_value,1775806920,"{""light_sensitivity_value"":0,""time"":1775806920}",1775859660
6173302506,985021106,body_momentum,1775806920,"{""body_momentum"":0,""time"":1775806920}",1775859674
6173302506,985021106,light_sensitivity_value,1775806860,"{""light_sensitivity_value"":0,""time"":1775806860}",1775859660
6173302506,985021106,body_momentum,1775806860,"{""body_momentum"":0,""time"":1775806860}",1775859674
6173302506,985021106,light_sensitivity_value,1775806800,"{""light_sensitivity_value"":0,""time"":1775806800}",1775859660
6173302506,985021106,body_momentum,1775806800,"{""body_momentum"":0,""time"":1775806800}",1775859674
6173302506,985021106,light_sensitivity_value,1775806740,"{""light_sensitivity_value"":0,""time"":1775806740}",1775859660
6173302506,985021106,body_momentum,1775806740,"{""body_momentum"":0,""time"":1775806740}",1775859674
6173302506,985021106,light_sensitivity_value,1775806680,"{""light_sensitivity_value"":0,""time"":1775806680}",1775859660
6173302506,985021106,body_momentum,1775806680,"{""body_momentum"":0,""time"":1775806680}",1775859674
6173302506,985021106,light_sensitivity_value,1775806620,"{""light_sensitivity_value"":0,""time"":1775806620}",1775859660
6173302506,985021106,body_momentum,1775806620,"{""body_momentum"":0,""time"":1775806620}",1775859674
6173302506,985021106,light_sensitivity_value,1775806560,"{""light_sensitivity_value"":0,""time"":1775806560}",1775859660
6173302506,985021106,body_momentum,1775806560,"{""body_momentum"":0,""time"":1775806560}",1775859674
6173302506,985021106,light_sensitivity_value,1775806500,"{""light_sensitivity_value"":0,""time"":1775806500}",1775859660
6173302506,985021106,body_momentum,1775806500,"{""body_momentum"":0,""time"":1775806500}",1775859674
6173302506,985021106,light_sensitivity_value,1775806440,"{""light_sensitivity_value"":0,""time"":1775806440}",1775859660
6173302506,985021106,body_momentum,1775806440,"{""body_momentum"":0,""time"":1775806440}",1775859674
6173302506,985021106,light_sensitivity_value,1775806380,"{""light_sensitivity_value"":0,""time"":1775806380}",1775859660
6173302506,985021106,body_momentum,1775806380,"{""body_momentum"":0,""time"":1775806380}",1775859674
6173302506,985021106,light_sensitivity_value,1775806320,"{""light_sensitivity_value"":0,""time"":1775806320}",1775859660
6173302506,985021106,body_momentum,1775806320,"{""body_momentum"":0,""time"":1775806320}",1775859674
6173302506,985021106,light_sensitivity_value,1775806260,"{""light_sensitivity_value"":0,""time"":1775806260}",1775859660
6173302506,985021106,body_momentum,1775806260,"{""body_momentum"":0,""time"":1775806260}",1775859674
6173302506,985021106,light_sensitivity_value,1775806200,"{""light_sensitivity_value"":0,""time"":1775806200}",1775859660
6173302506,985021106,body_momentum,1775806200,"{""body_momentum"":0,""time"":1775806200}",1775859674
6173302506,985021106,light_sensitivity_value,1775806140,"{""light_sensitivity_value"":0,""time"":1775806140}",1775859660
6173302506,985021106,body_momentum,1775806140,"{""body_momentum"":0,""time"":1775806140}",1775859674
6173302506,985021106,light_sensitivity_value,1775806080,"{""light_sensitivity_value"":0,""time"":1775806080}",1775859660
6173302506,985021106,body_momentum,1775806080,"{""body_momentum"":0,""time"":1775806080}",1775859674
6173302506,985021106,light_sensitivity_value,1775806020,"{""light_sensitivity_value"":0,""time"":1775806020}",1775859660
6173302506,985021106,body_momentum,1775806020,"{""body_momentum"":0,""time"":1775806020}",1775859674
6173302506,985021106,light_sensitivity_value,1775805960,"{""light_sensitivity_value"":0,""time"":1775805960}",1775859660
6173302506,985021106,body_momentum,1775805960,"{""body_momentum"":0,""time"":1775805960}",1775859674
6173302506,985021106,light_sensitivity_value,1775805900,"{""light_sensitivity_value"":0,""time"":1775805900}",1775859660
6173302506,985021106,body_momentum,1775805900,"{""body_momentum"":0,""time"":1775805900}",1775859674
6173302506,985021106,light_sensitivity_value,1775805840,"{""light_sensitivity_value"":0,""time"":1775805840}",1775859660
6173302506,985021106,body_momentum,1775805840,"{""body_momentum"":0,""time"":1775805840}",1775859674
6173302506,985021106,light_sensitivity_value,1775805780,"{""light_sensitivity_value"":0,""time"":1775805780}",1775859660
6173302506,985021106,body_momentum,1775805780,"{""body_momentum"":0,""time"":1775805780}",1775859674
6173302506,985021106,light_sensitivity_value,1775805720,"{""light_sensitivity_value"":0,""time"":1775805720}",1775859660
6173302506,985021106,body_momentum,1775805720,"{""body_momentum"":0,""time"":1775805720}",1775859674
6173302506,985021106,light_sensitivity_value,1775805660,"{""light_sensitivity_value"":0,""time"":1775805660}",1775859660
6173302506,985021106,body_momentum,1775805660,"{""body_momentum"":0,""time"":1775805660}",1775859674
6173302506,985021106,light_sensitivity_value,1775805600,"{""light_sensitivity_value"":0,""time"":1775805600}",1775859660
6173302506,985021106,body_momentum,1775805600,"{""body_momentum"":0,""time"":1775805600}",1775859674
6173302506,985021106,light_sensitivity_value,1775805540,"{""light_sensitivity_value"":0,""time"":1775805540}",1775859660
6173302506,985021106,body_momentum,1775805540,"{""body_momentum"":0,""time"":1775805540}",1775859674
6173302506,985021106,light_sensitivity_value,1775805480,"{""light_sensitivity_value"":0,""time"":1775805480}",1775859660
6173302506,985021106,body_momentum,1775805480,"{""body_momentum"":0,""time"":1775805480}",1775859674
6173302506,985021106,light_sensitivity_value,1775805420,"{""light_sensitivity_value"":0,""time"":1775805420}",1775859660
6173302506,985021106,body_momentum,1775805420,"{""body_momentum"":0,""time"":1775805420}",1775859674
6173302506,985021106,light_sensitivity_value,1775805360,"{""light_sensitivity_value"":0,""time"":1775805360}",1775859660
6173302506,985021106,body_momentum,1775805360,"{""body_momentum"":0,""time"":1775805360}",1775859674
6173302506,985021106,light_sensitivity_value,1775805300,"{""light_sensitivity_value"":0,""time"":1775805300}",1775859660
6173302506,985021106,body_momentum,1775805300,"{""body_momentum"":0,""time"":1775805300}",1775859674
6173302506,985021106,light_sensitivity_value,1775805240,"{""light_sensitivity_value"":0,""time"":1775805240}",1775859660
6173302506,985021106,body_momentum,1775805240,"{""body_momentum"":0,""time"":1775805240}",1775859674
6173302506,985021106,light_sensitivity_value,1775805180,"{""light_sensitivity_value"":0,""time"":1775805180}",1775859660
6173302506,985021106,body_momentum,1775805180,"{""body_momentum"":0,""time"":1775805180}",1775859674
6173302506,985021106,light_sensitivity_value,1775805120,"{""light_sensitivity_value"":0,""time"":1775805120}",1775859660
6173302506,985021106,body_momentum,1775805120,"{""body_momentum"":0,""time"":1775805120}",1775859674
6173302506,985021106,light_sensitivity_value,1775805060,"{""light_sensitivity_value"":0,""time"":1775805060}",1775859660
6173302506,985021106,body_momentum,1775805060,"{""body_momentum"":0,""time"":1775805060}",1775859674
6173302506,985021106,light_sensitivity_value,1775805000,"{""light_sensitivity_value"":0,""time"":1775805000}",1775859660
6173302506,985021106,body_momentum,1775805000,"{""body_momentum"":0,""time"":1775805000}",1775859674
6173302506,985021106,light_sensitivity_value,1775804940,"{""light_sensitivity_value"":0,""time"":1775804940}",1775859660
6173302506,985021106,body_momentum,1775804940,"{""body_momentum"":0,""time"":1775804940}",1775859674
6173302506,985021106,light_sensitivity_value,1775804880,"{""light_sensitivity_value"":0,""time"":1775804880}",1775859660
6173302506,985021106,body_momentum,1775804880,"{""body_momentum"":0,""time"":1775804880}",1775859674
6173302506,985021106,light_sensitivity_value,1775804820,"{""light_sensitivity_value"":0,""time"":1775804820}",1775859660
6173302506,985021106,body_momentum,1775804820,"{""body_momentum"":0,""time"":1775804820}",1775859674
6173302506,985021106,light_sensitivity_value,1775804760,"{""light_sensitivity_value"":0,""time"":1775804760}",1775859660
6173302506,985021106,body_momentum,1775804760,"{""body_momentum"":0,""time"":1775804760}",1775859674
6173302506,985021106,light_sensitivity_value,1775804700,"{""light_sensitivity_value"":0,""time"":1775804700}",1775859660
6173302506,985021106,body_momentum,1775804700,"{""body_momentum"":0,""time"":1775804700}",1775859674
6173302506,985021106,light_sensitivity_value,1775804640,"{""light_sensitivity_value"":0,""time"":1775804640}",1775859660
6173302506,985021106,body_momentum,1775804640,"{""body_momentum"":0,""time"":1775804640}",1775859674
6173302506,985021106,light_sensitivity_value,1775804580,"{""light_sensitivity_value"":0,""time"":1775804580}",1775859660
6173302506,985021106,body_momentum,1775804580,"{""body_momentum"":0,""time"":1775804580}",1775859674
6173302506,985021106,light_sensitivity_value,1775804520,"{""light_sensitivity_value"":0,""time"":1775804520}",1775859660
6173302506,985021106,body_momentum,1775804520,"{""body_momentum"":0,""time"":1775804520}",1775859674
6173302506,985021106,light_sensitivity_value,1775804460,"{""light_sensitivity_value"":0,""time"":1775804460}",1775859660
6173302506,985021106,body_momentum,1775804460,"{""body_momentum"":0,""time"":1775804460}",1775859674
6173302506,985021106,light_sensitivity_value,1775804400,"{""light_sensitivity_value"":0,""time"":1775804400}",1775859660
6173302506,985021106,body_momentum,1775804400,"{""body_momentum"":0,""time"":1775804400}",1775859674
6173302506,985021106,light_sensitivity_value,1775804340,"{""light_sensitivity_value"":0,""time"":1775804340}",1775859660
6173302506,985021106,body_momentum,1775804340,"{""body_momentum"":0,""time"":1775804340}",1775859674
6173302506,985021106,light_sensitivity_value,1775804280,"{""light_sensitivity_value"":0,""time"":1775804280}",1775859660
6173302506,985021106,body_momentum,1775804280,"{""body_momentum"":0,""time"":1775804280}",1775859674
6173302506,985021106,light_sensitivity_value,1775804220,"{""light_sensitivity_value"":0,""time"":1775804220}",1775859659
6173302506,985021106,body_momentum,1775804220,"{""body_momentum"":0,""time"":1775804220}",1775859674
6173302506,985021106,light_sensitivity_value,1775804160,"{""light_sensitivity_value"":0,""time"":1775804160}",1775859659
6173302506,985021106,body_momentum,1775804160,"{""body_momentum"":0,""time"":1775804160}",1775859674
6173302506,985021106,light_sensitivity_value,1775804100,"{""light_sensitivity_value"":0,""time"":1775804100}",1775859659
6173302506,985021106,body_momentum,1775804100,"{""body_momentum"":0,""time"":1775804100}",1775859674
6173302506,985021106,light_sensitivity_value,1775804040,"{""light_sensitivity_value"":0,""time"":1775804040}",1775859659
6173302506,985021106,body_momentum,1775804040,"{""body_momentum"":0,""time"":1775804040}",1775859674
6173302506,985021106,light_sensitivity_value,1775803980,"{""light_sensitivity_value"":0,""time"":1775803980}",1775859659
6173302506,985021106,body_momentum,1775803980,"{""body_momentum"":0,""time"":1775803980}",1775859674
6173302506,985021106,light_sensitivity_value,1775803920,"{""light_sensitivity_value"":0,""time"":1775803920}",1775859659
6173302506,985021106,body_momentum,1775803920,"{""body_momentum"":0,""time"":1775803920}",1775859674
6173302506,985021106,light_sensitivity_value,1775803860,"{""light_sensitivity_value"":0,""time"":1775803860}",1775859659
6173302506,985021106,body_momentum,1775803860,"{""body_momentum"":0,""time"":1775803860}",1775859674
6173302506,985021106,light_sensitivity_value,1775803800,"{""light_sensitivity_value"":0,""time"":1775803800}",1775859659
6173302506,985021106,body_momentum,1775803800,"{""body_momentum"":0,""time"":1775803800}",1775859674
6173302506,985021106,light_sensitivity_value,1775803740,"{""light_sensitivity_value"":0,""time"":1775803740}",1775859659
6173302506,985021106,body_momentum,1775803740,"{""body_momentum"":0,""time"":1775803740}",1775859674
6173302506,985021106,light_sensitivity_value,1775803680,"{""light_sensitivity_value"":0,""time"":1775803680}",1775859659
6173302506,985021106,body_momentum,1775803680,"{""body_momentum"":0,""time"":1775803680}",1775859674
6173302506,985021106,light_sensitivity_value,1775803620,"{""light_sensitivity_value"":0,""time"":1775803620}",1775859659
6173302506,985021106,body_momentum,1775803620,"{""body_momentum"":0,""time"":1775803620}",1775859674
6173302506,985021106,light_sensitivity_value,1775803560,"{""light_sensitivity_value"":0,""time"":1775803560}",1775859659
6173302506,985021106,body_momentum,1775803560,"{""body_momentum"":0,""time"":1775803560}",1775859674
6173302506,985021106,light_sensitivity_value,1775803500,"{""light_sensitivity_value"":0,""time"":1775803500}",1775859659
6173302506,985021106,body_momentum,1775803500,"{""body_momentum"":0,""time"":1775803500}",1775859674
6173302506,985021106,light_sensitivity_value,1775803440,"{""light_sensitivity_value"":0,""time"":1775803440}",1775859659
6173302506,985021106,body_momentum,1775803440,"{""body_momentum"":0,""time"":1775803440}",1775859674
6173302506,985021106,light_sensitivity_value,1775803380,"{""light_sensitivity_value"":0,""time"":1775803380}",1775859659
6173302506,985021106,body_momentum,1775803380,"{""body_momentum"":0,""time"":1775803380}",1775859674
6173302506,985021106,light_sensitivity_value,1775803320,"{""light_sensitivity_value"":0,""time"":1775803320}",1775859659
6173302506,985021106,body_momentum,1775803320,"{""body_momentum"":0,""time"":1775803320}",1775859673
6173302506,985021106,light_sensitivity_value,1775803260,"{""light_sensitivity_value"":0,""time"":1775803260}",1775859659
6173302506,985021106,body_momentum,1775803260,"{""body_momentum"":0,""time"":1775803260}",1775859673
6173302506,985021106,light_sensitivity_value,1775803200,"{""light_sensitivity_value"":0,""time"":1775803200}",1775859659
6173302506,985021106,body_momentum,1775803200,"{""body_momentum"":0,""time"":1775803200}",1775859673
6173302506,985021106,light_sensitivity_value,1775803140,"{""light_sensitivity_value"":0,""time"":1775803140}",1775859659
6173302506,985021106,body_momentum,1775803140,"{""body_momentum"":0,""time"":1775803140}",1775859673
6173302506,985021106,light_sensitivity_value,1775803080,"{""light_sensitivity_value"":0,""time"":1775803080}",1775859659
6173302506,985021106,body_momentum,1775803080,"{""body_momentum"":0,""time"":1775803080}",1775859673
6173302506,985021106,light_sensitivity_value,1775803020,"{""light_sensitivity_value"":0,""time"":1775803020}",1775859659
6173302506,985021106,body_momentum,1775803020,"{""body_momentum"":0,""time"":1775803020}",1775859673
6173302506,985021106,light_sensitivity_value,1775802960,"{""light_sensitivity_value"":0,""time"":1775802960}",1775859659
6173302506,985021106,body_momentum,1775802960,"{""body_momentum"":0,""time"":1775802960}",1775859673
6173302506,985021106,light_sensitivity_value,1775802900,"{""light_sensitivity_value"":0,""time"":1775802900}",1775859659
6173302506,985021106,body_momentum,1775802900,"{""body_momentum"":0,""time"":1775802900}",1775859673
6173302506,985021106,light_sensitivity_value,1775802840,"{""light_sensitivity_value"":0,""time"":1775802840}",1775859659
6173302506,985021106,body_momentum,1775802840,"{""body_momentum"":0,""time"":1775802840}",1775859673
6173302506,985021106,light_sensitivity_value,1775802780,"{""light_sensitivity_value"":0,""time"":1775802780}",1775859659
6173302506,985021106,body_momentum,1775802780,"{""body_momentum"":0,""time"":1775802780}",1775859673
6173302506,985021106,light_sensitivity_value,1775802720,"{""light_sensitivity_value"":0,""time"":1775802720}",1775859659
6173302506,985021106,body_momentum,1775802720,"{""body_momentum"":0,""time"":1775802720}",1775859673
6173302506,985021106,light_sensitivity_value,1775802660,"{""light_sensitivity_value"":0,""time"":1775802660}",1775859659
6173302506,985021106,body_momentum,1775802660,"{""body_momentum"":0,""time"":1775802660}",1775859673
6173302506,985021106,light_sensitivity_value,1775802600,"{""light_sensitivity_value"":0,""time"":1775802600}",1775859659
6173302506,985021106,body_momentum,1775802600,"{""body_momentum"":0,""time"":1775802600}",1775859673
6173302506,985021106,light_sensitivity_value,1775802540,"{""light_sensitivity_value"":0,""time"":1775802540}",1775859659
6173302506,985021106,body_momentum,1775802540,"{""body_momentum"":0,""time"":1775802540}",1775859673
6173302506,985021106,light_sensitivity_value,1775802480,"{""light_sensitivity_value"":0,""time"":1775802480}",1775859659
6173302506,985021106,body_momentum,1775802480,"{""body_momentum"":0,""time"":1775802480}",1775859673
6173302506,985021106,light_sensitivity_value,1775802420,"{""light_sensitivity_value"":0,""time"":1775802420}",1775859659
6173302506,985021106,body_momentum,1775802420,"{""body_momentum"":0,""time"":1775802420}",1775859673
6173302506,985021106,light_sensitivity_value,1775802360,"{""light_sensitivity_value"":0,""time"":1775802360}",1775859659
6173302506,985021106,body_momentum,1775802360,"{""body_momentum"":0,""time"":1775802360}",1775859673
6173302506,985021106,light_sensitivity_value,1775802300,"{""light_sensitivity_value"":0,""time"":1775802300}",1775859659
6173302506,985021106,body_momentum,1775802300,"{""body_momentum"":0,""time"":1775802300}",1775859673
6173302506,985021106,light_sensitivity_value,1775802240,"{""light_sensitivity_value"":0,""time"":1775802240}",1775859659
6173302506,985021106,body_momentum,1775802240,"{""body_momentum"":0,""time"":1775802240}",1775859673
6173302506,985021106,light_sensitivity_value,1775802180,"{""light_sensitivity_value"":0,""time"":1775802180}",1775859659
6173302506,985021106,body_momentum,1775802180,"{""body_momentum"":0,""time"":1775802180}",1775859673
6173302506,985021106,light_sensitivity_value,1775802120,"{""light_sensitivity_value"":0,""time"":1775802120}",1775859659
6173302506,985021106,body_momentum,1775802120,"{""body_momentum"":0,""time"":1775802120}",1775859673
6173302506,985021106,light_sensitivity_value,1775802060,"{""light_sensitivity_value"":0,""time"":1775802060}",1775859659
6173302506,985021106,body_momentum,1775802060,"{""body_momentum"":0,""time"":1775802060}",1775859673
6173302506,985021106,light_sensitivity_value,1775802000,"{""light_sensitivity_value"":0,""time"":1775802000}",1775859659
6173302506,985021106,body_momentum,1775802000,"{""body_momentum"":0,""time"":1775802000}",1775859673
6173302506,985021106,light_sensitivity_value,1775801940,"{""light_sensitivity_value"":0,""time"":1775801940}",1775859659
6173302506,985021106,body_momentum,1775801940,"{""body_momentum"":0,""time"":1775801940}",1775859673
6173302506,985021106,light_sensitivity_value,1775801880,"{""light_sensitivity_value"":0,""time"":1775801880}",1775859659
6173302506,985021106,body_momentum,1775801880,"{""body_momentum"":0,""time"":1775801880}",1775859673
6173302506,985021106,light_sensitivity_value,1775801820,"{""light_sensitivity_value"":0,""time"":1775801820}",1775859659
6173302506,985021106,body_momentum,1775801820,"{""body_momentum"":0,""time"":1775801820}",1775859673
6173302506,985021106,light_sensitivity_value,1775801760,"{""light_sensitivity_value"":0,""time"":1775801760}",1775859659
6173302506,985021106,body_momentum,1775801760,"{""body_momentum"":0,""time"":1775801760}",1775859673
6173302506,985021106,light_sensitivity_value,1775801700,"{""light_sensitivity_value"":0,""time"":1775801700}",1775859659
6173302506,985021106,body_momentum,1775801700,"{""body_momentum"":0,""time"":1775801700}",1775859673
6173302506,985021106,light_sensitivity_value,1775801640,"{""light_sensitivity_value"":0,""time"":1775801640}",1775859659
6173302506,985021106,body_momentum,1775801640,"{""body_momentum"":0,""time"":1775801640}",1775859673
6173302506,985021106,light_sensitivity_value,1775801580,"{""light_sensitivity_value"":0,""time"":1775801580}",1775859659
6173302506,985021106,body_momentum,1775801580,"{""body_momentum"":0,""time"":1775801580}",1775859673
6173302506,985021106,light_sensitivity_value,1775801520,"{""light_sensitivity_value"":0,""time"":1775801520}",1775859659
6173302506,985021106,body_momentum,1775801520,"{""body_momentum"":0,""time"":1775801520}",1775859673
6173302506,985021106,light_sensitivity_value,1775801460,"{""light_sensitivity_value"":0,""time"":1775801460}",1775859659
6173302506,985021106,body_momentum,1775801460,"{""body_momentum"":0,""time"":1775801460}",1775859673
6173302506,985021106,light_sensitivity_value,1775801400,"{""light_sensitivity_value"":0,""time"":1775801400}",1775859659
6173302506,985021106,body_momentum,1775801400,"{""body_momentum"":0,""time"":1775801400}",1775859673
6173302506,985021106,light_sensitivity_value,1775801340,"{""light_sensitivity_value"":0,""time"":1775801340}",1775859659
6173302506,985021106,heart_rate,1775807940,"{""time"":1775807940,""bpm"":61,""type"":0}",1775859332
6173302506,985021106,heart_rate,1775807880,"{""time"":1775807880,""bpm"":63,""type"":0}",1775859332
6173302506,985021106,heart_rate,1775807820,"{""time"":1775807820,""bpm"":64,""type"":0}",1775859332
6173302506,985021106,heart_rate,1775807760,"{""time"":1775807760,""bpm"":79,""type"":0}",1775859332
6173302506,985021106,heart_rate,1775807700,"{""time"":1775807700,""bpm"":56,""type"":0}",1775859332
6173302506,985021106,heart_rate,1775807640,"{""time"":1775807640,""bpm"":57,""type"":0}",1775859332
6173302506,985021106,heart_rate,1775807580,"{""time"":1775807580,""bpm"":57,""type"":0}",1775859332
6173302506,985021106,heart_rate,1775807520,"{""time"":1775807520,""bpm"":56,""type"":0}",1775859332
6173302506,985021106,heart_rate,1775807460,"{""time"":1775807460,""bpm"":58,""type"":0}",1775859332
6173302506,985021106,heart_rate,1775807400,"{""time"":1775807400,""bpm"":58,""type"":0}",1775859332
6173302506,985021106,heart_rate,1775807340,"{""time"":1775807340,""bpm"":58,""type"":0}",1775859332
6173302506,985021106,heart_rate,1775807280,"{""time"":1775807280,""bpm"":58,""type"":0}",1775859332
6173302506,985021106,heart_rate,1775807220,"{""time"":1775807220,""bpm"":62,""type"":0}",1775859332
6173302506,985021106,heart_rate,1775807160,"{""time"":1775807160,""bpm"":57,""type"":0}",1775859332
6173302506,985021106,heart_rate,1775807100,"{""time"":1775807100,""bpm"":59,""type"":0}",1775859332
6173302506,985021106,heart_rate,1775807040,"{""time"":1775807040,""bpm"":62,""type"":0}",1775859332
6173302506,985021106,heart_rate,1775806980,"{""time"":1775806980,""bpm"":80,""type"":0}",1775859332
6173302506,985021106,heart_rate,1775806920,"{""time"":1775806920,""bpm"":61,""type"":0}",1775859332
6173302506,985021106,heart_rate,1775806860,"{""time"":1775806860,""bpm"":61,""type"":0}",1775859332
6173302506,985021106,heart_rate,1775806800,"{""time"":1775806800,""bpm"":61,""type"":0}",1775859332
6173302506,985021106,heart_rate,1775806740,"{""time"":1775806740,""bpm"":61,""type"":0}",1775859332
6173302506,985021106,heart_rate,1775806680,"{""time"":1775806680,""bpm"":58,""type"":0}",1775859332
6173302506,985021106,heart_rate,1775806620,"{""time"":1775806620,""bpm"":57,""type"":0}",1775859332
6173302506,985021106,heart_rate,1775806560,"{""time"":1775806560,""bpm"":58,""type"":0}",1775859332
6173302506,985021106,heart_rate,1775806500,"{""time"":1775806500,""bpm"":63,""type"":0}",1775859332
6173302506,985021106,heart_rate,1775806440,"{""time"":1775806440,""bpm"":64,""type"":0}",1775859332
6173302506,985021106,heart_rate,1775806380,"{""time"":1775806380,""bpm"":73,""type"":0}",1775859332
6173302506,985021106,heart_rate,1775806320,"{""time"":1775806320,""bpm"":74,""type"":0}",1775859332
6173302506,985021106,heart_rate,1775806260,"{""time"":1775806260,""bpm"":56,""type"":0}",1775859332
6173302506,985021106,heart_rate,1775806200,"{""time"":1775806200,""bpm"":55,""type"":0}",1775859332
6173302506,985021106,heart_rate,1775806140,"{""time"":1775806140,""bpm"":57,""type"":0}",1775859332
6173302506,985021106,heart_rate,1775806080,"{""time"":1775806080,""bpm"":55,""type"":0}",1775859332
6173302506,985021106,heart_rate,1775806020,"{""time"":1775806020,""bpm"":56,""type"":0}",1775859332
6173302506,985021106,heart_rate,1775805960,"{""time"":1775805960,""bpm"":55,""type"":0}",1775859332
6173302506,985021106,heart_rate,1775805900,"{""time"":1775805900,""bpm"":56,""type"":0}",1775859332
6173302506,985021106,heart_rate,1775805840,"{""time"":1775805840,""bpm"":56,""type"":0}",1775859332
6173302506,985021106,heart_rate,1775805780,"{""time"":1775805780,""bpm"":58,""type"":0}",1775859332
6173302506,985021106,heart_rate,1775805720,"{""time"":1775805720,""bpm"":57,""type"":0}",1775859332
6173302506,985021106,heart_rate,1775805660,"{""time"":1775805660,""bpm"":56,""type"":0}",1775859332
6173302506,985021106,heart_rate,1775805600,"{""time"":1775805600,""bpm"":56,""type"":0}",1775859332
6173302506,985021106,heart_rate,1775805540,"{""time"":1775805540,""bpm"":57,""type"":0}",1775859332
6173302506,985021106,heart_rate,1775805480,"{""time"":1775805480,""bpm"":56,""type"":0}",1775859332
6173302506,985021106,heart_rate,1775805420,"{""time"":1775805420,""bpm"":57,""type"":0}",1775859332
6173302506,985021106,heart_rate,1775805360,"{""time"":1775805360,""bpm"":59,""type"":0}",1775859332
6173302506,985021106,heart_rate,1775805300,"{""time"":1775805300,""bpm"":60,""type"":0}",1775859332
6173302506,985021106,heart_rate,1775805240,"{""time"":1775805240,""bpm"":58,""type"":0}",1775859332
6173302506,985021106,heart_rate,1775805180,"{""time"":1775805180,""bpm"":58,""type"":0}",1775859332
6173302506,985021106,heart_rate,1775805120,"{""time"":1775805120,""bpm"":59,""type"":0}",1775859332
6173302506,985021106,heart_rate,1775805060,"{""time"":1775805060,""bpm"":60,""type"":0}",1775859332
6173302506,985021106,heart_rate,1775805000,"{""time"":1775805000,""bpm"":62,""type"":0}",1775859332
6173302506,985021106,heart_rate,1775804940,"{""time"":1775804940,""bpm"":62,""type"":0}",1775859332
6173302506,985021106,heart_rate,1775804880,"{""time"":1775804880,""bpm"":60,""type"":0}",1775859332
6173302506,985021106,heart_rate,1775804820,"{""time"":1775804820,""bpm"":61,""type"":0}",1775859332
6173302506,985021106,heart_rate,1775804760,"{""time"":1775804760,""bpm"":60,""type"":0}",1775859332
6173302506,985021106,heart_rate,1775804700,"{""time"":1775804700,""bpm"":59,""type"":0}",1775859332
6173302506,985021106,heart_rate,1775804640,"{""time"":1775804640,""bpm"":59,""type"":0}",1775859332
6173302506,985021106,heart_rate,1775804580,"{""time"":1775804580,""bpm"":57,""type"":0}",1775859332
6173302506,985021106,heart_rate,1775804520,"{""time"":1775804520,""bpm"":58,""type"":0}",1775859332
6173302506,985021106,heart_rate,1775804460,"{""time"":1775804460,""bpm"":58,""type"":0}",1775859332
6173302506,985021106,heart_rate,1775804400,"{""time"":1775804400,""bpm"":59,""type"":0}",1775859332
6173302506,985021106,heart_rate,1775804340,"{""time"":1775804340,""bpm"":58,""type"":0}",1775859332
6173302506,985021106,heart_rate,1775804280,"{""time"":1775804280,""bpm"":58,""type"":0}",1775859332
6173302506,985021106,heart_rate,1775804220,"{""time"":1775804220,""bpm"":60,""type"":0}",1775859332
6173302506,985021106,heart_rate,1775804160,"{""time"":1775804160,""bpm"":60,""type"":0}",1775859332
6173302506,985021106,heart_rate,1775804100,"{""time"":1775804100,""bpm"":60,""type"":0}",1775859332
6173302506,985021106,heart_rate,1775804040,"{""time"":1775804040,""bpm"":58,""type"":0}",1775859332
6173302506,985021106,heart_rate,1775803980,"{""time"":1775803980,""bpm"":57,""type"":0}",1775859332
6173302506,985021106,heart_rate,1775803920,"{""time"":1775803920,""bpm"":58,""type"":0}",1775859332
6173302506,985021106,heart_rate,1775803860,"{""time"":1775803860,""bpm"":57,""type"":0}",1775859332
6173302506,985021106,heart_rate,1775803800,"{""time"":1775803800,""bpm"":57,""type"":0}",1775859332
6173302506,985021106,heart_rate,1775803740,"{""time"":1775803740,""bpm"":56,""type"":0}",1775859332
6173302506,985021106,heart_rate,1775803680,"{""time"":1775803680,""bpm"":54,""type"":0}",1775859332
6173302506,985021106,heart_rate,1775803620,"{""time"":1775803620,""bpm"":55,""type"":0}",1775859332
6173302506,985021106,heart_rate,1775803560,"{""time"":1775803560,""bpm"":57,""type"":0}",1775859332
6173302506,985021106,heart_rate,1775803500,"{""time"":1775803500,""bpm"":55,""type"":0}",1775859332
6173302506,985021106,heart_rate,1775803440,"{""time"":1775803440,""bpm"":56,""type"":0}",1775859332
6173302506,985021106,heart_rate,1775803380,"{""time"":1775803380,""bpm"":60,""type"":0}",1775859332
6173302506,985021106,heart_rate,1775803320,"{""time"":1775803320,""bpm"":59,""type"":0}",1775859332
6173302506,985021106,heart_rate,1775803260,"{""time"":1775803260,""bpm"":61,""type"":0}",1775859332
6173302506,985021106,heart_rate,1775803200,"{""time"":1775803200,""bpm"":59,""type"":0}",1775859332
6173302506,985021106,heart_rate,1775803140,"{""time"":1775803140,""bpm"":62,""type"":0}",1775859332
6173302506,985021106,heart_rate,1775803080,"{""time"":1775803080,""bpm"":61,""type"":0}",1775859332
6173302506,985021106,heart_rate,1775803020,"{""time"":1775803020,""bpm"":65,""type"":0}",1775859332
6173302506,985021106,heart_rate,1775802960,"{""time"":1775802960,""bpm"":60,""type"":0}",1775859332
6173302506,985021106,heart_rate,1775802900,"{""time"":1775802900,""bpm"":60,""type"":0}",1775859332
6173302506,985021106,heart_rate,1775802840,"{""time"":1775802840,""bpm"":64,""type"":0}",1775859332
6173302506,985021106,heart_rate,1775802780,"{""time"":1775802780,""bpm"":62,""type"":0}",1775859332
6173302506,985021106,heart_rate,1775802720,"{""time"":1775802720,""bpm"":57,""type"":0}",1775859332
6173302506,985021106,heart_rate,1775802660,"{""time"":1775802660,""bpm"":57,""type"":0}",1775859332
6173302506,985021106,heart_rate,1775802600,"{""time"":1775802600,""bpm"":59,""type"":0}",1775859332
6173302506,985021106,heart_rate,1775802540,"{""time"":1775802540,""bpm"":58,""type"":0}",1775859332
6173302506,985021106,heart_rate,1775802480,"{""time"":1775802480,""bpm"":62,""type"":0}",1775859332
6173302506,985021106,heart_rate,1775802420,"{""time"":1775802420,""bpm"":64,""type"":0}",1775859332
6173302506,985021106,heart_rate,1775802360,"{""time"":1775802360,""bpm"":61,""type"":0}",1775859332
6173302506,985021106,heart_rate,1775802300,"{""time"":1775802300,""bpm"":57,""type"":0}",1775859332
6173302506,985021106,heart_rate,1775802240,"{""time"":1775802240,""bpm"":57,""type"":0}",1775859332
6173302506,985021106,heart_rate,1775802180,"{""time"":1775802180,""bpm"":58,""type"":0}",1775859332
6173302506,985021106,heart_rate,1775802120,"{""time"":1775802120,""bpm"":65,""type"":0}",1775859332
6173302506,985021106,heart_rate,1775802060,"{""time"":1775802060,""bpm"":62,""type"":0}",1775859332
6173302506,985021106,heart_rate,1775802000,"{""time"":1775802000,""bpm"":60,""type"":0}",1775859332
6173302506,985021106,heart_rate,1775801940,"{""time"":1775801940,""bpm"":62,""type"":0}",1775859332
6173302506,985021106,heart_rate,1775801880,"{""time"":1775801880,""bpm"":56,""type"":0}",1775859332
6173302506,985021106,heart_rate,1775801820,"{""time"":1775801820,""bpm"":57,""type"":0}",1775859332
6173302506,985021106,heart_rate,1775801760,"{""time"":1775801760,""bpm"":59,""type"":0}",1775859332
6173302506,985021106,heart_rate,1775801700,"{""time"":1775801700,""bpm"":57,""type"":0}",1775859332
6173302506,985021106,heart_rate,1775801640,"{""time"":1775801640,""bpm"":62,""type"":0}",1775859332
6173302506,985021106,heart_rate,1775801580,"{""time"":1775801580,""bpm"":60,""type"":0}",1775859332
6173302506,985021106,heart_rate,1775801520,"{""time"":1775801520,""bpm"":61,""type"":0}",1775859332
6173302506,985021106,heart_rate,1775801460,"{""time"":1775801460,""bpm"":63,""type"":0}",1775859332
6173302506,985021106,heart_rate,1775801400,"{""time"":1775801400,""bpm"":64,""type"":0}",1775859332
6173302506,985021106,body_momentum,1775801340,"{""body_momentum"":0,""time"":1775801340}",1775859673
6173302506,985021106,heart_rate,1775801280,"{""time"":1775801280,""bpm"":63,""type"":0}",1775859332
6173302506,985021106,light_sensitivity_value,1775801280,"{""light_sensitivity_value"":0,""time"":1775801280}",1775859659
6173302506,985021106,body_momentum,1775801280,"{""body_momentum"":0,""time"":1775801280}",1775859673
6173302506,985021106,heart_rate,1775801220,"{""time"":1775801220,""bpm"":61,""type"":0}",1775859332
6173302506,985021106,light_sensitivity_value,1775801220,"{""light_sensitivity_value"":0,""time"":1775801220}",1775859659
6173302506,985021106,body_momentum,1775801220,"{""body_momentum"":0,""time"":1775801220}",1775859673
6173302506,985021106,heart_rate,1775801160,"{""time"":1775801160,""bpm"":62,""type"":0}",1775859332
6173302506,985021106,body_momentum,1775801160,"{""body_momentum"":0,""time"":1775801160}",1775859673
6173302506,985021106,light_sensitivity_value,1775801160,"{""light_sensitivity_value"":0,""time"":1775801160}",1775859659
6173302506,985021106,heart_rate,1775801100,"{""time"":1775801100,""bpm"":62,""type"":0}",1775859332
6173302506,985021106,body_momentum,1775801100,"{""body_momentum"":0,""time"":1775801100}",1775859673
6173302506,985021106,light_sensitivity_value,1775801100,"{""light_sensitivity_value"":0,""time"":1775801100}",1775859659
6173302506,985021106,heart_rate,1775801040,"{""time"":1775801040,""bpm"":63,""type"":0}",1775859332
6173302506,985021106,light_sensitivity_value,1775801040,"{""light_sensitivity_value"":0,""time"":1775801040}",1775859659
6173302506,985021106,body_momentum,1775801040,"{""body_momentum"":0,""time"":1775801040}",1775859673
6173302506,985021106,light_sensitivity_value,1775800980,"{""light_sensitivity_value"":0,""time"":1775800980}",1775859659
6173302506,985021106,body_momentum,1775800980,"{""body_momentum"":0,""time"":1775800980}",1775859673
6173302506,985021106,heart_rate,1775800980,"{""time"":1775800980,""bpm"":64,""type"":0}",1775859332
6173302506,985021106,body_momentum,1775800920,"{""body_momentum"":0,""time"":1775800920}",1775859673
6173302506,985021106,light_sensitivity_value,1775800920,"{""light_sensitivity_value"":0,""time"":1775800920}",1775859659
6173302506,985021106,heart_rate,1775800920,"{""time"":1775800920,""bpm"":64,""type"":0}",1775859332
6173302506,985021106,heart_rate,1775800860,"{""time"":1775800860,""bpm"":72,""type"":0}",1775859332
6173302506,985021106,body_momentum,1775800860,"{""body_momentum"":0,""time"":1775800860}",1775859673
6173302506,985021106,light_sensitivity_value,1775800860,"{""light_sensitivity_value"":0,""time"":1775800860}",1775859659
6173302506,985021106,body_momentum,1775800800,"{""body_momentum"":0,""time"":1775800800}",1775859673
6173302506,985021106,heart_rate,1775800800,"{""time"":1775800800,""bpm"":65,""type"":0}",1775859332
6173302506,985021106,light_sensitivity_value,1775800800,"{""light_sensitivity_value"":0,""time"":1775800800}",1775859659
6173302506,985021106,light_sensitivity_value,1775800740,"{""light_sensitivity_value"":0,""time"":1775800740}",1775859976
6173302506,985021106,body_momentum,1775800740,"{""body_momentum"":0,""time"":1775800740}",1775859994
6173302506,985021106,light_sensitivity_value,1775800680,"{""light_sensitivity_value"":0,""time"":1775800680}",1775859976
6173302506,985021106,body_momentum,1775800680,"{""body_momentum"":0,""time"":1775800680}",1775859994
6173302506,985021106,light_sensitivity_value,1775800620,"{""light_sensitivity_value"":0,""time"":1775800620}",1775859976
6173302506,985021106,body_momentum,1775800620,"{""body_momentum"":0,""time"":1775800620}",1775859994
6173302506,985021106,light_sensitivity_value,1775800560,"{""light_sensitivity_value"":0,""time"":1775800560}",1775859976
6173302506,985021106,body_momentum,1775800560,"{""body_momentum"":0,""time"":1775800560}",1775859994
6173302506,985021106,light_sensitivity_value,1775800500,"{""light_sensitivity_value"":0,""time"":1775800500}",1775859976
6173302506,985021106,body_momentum,1775800500,"{""body_momentum"":0,""time"":1775800500}",1775859994
6173302506,985021106,light_sensitivity_value,1775800440,"{""light_sensitivity_value"":0,""time"":1775800440}",1775859976
6173302506,985021106,body_momentum,1775800440,"{""body_momentum"":0,""time"":1775800440}",1775859994
6173302506,985021106,light_sensitivity_value,1775800380,"{""light_sensitivity_value"":0,""time"":1775800380}",1775859976
6173302506,985021106,body_momentum,1775800380,"{""body_momentum"":0,""time"":1775800380}",1775859994
6173302506,985021106,light_sensitivity_value,1775800320,"{""light_sensitivity_value"":0,""time"":1775800320}",1775859976
6173302506,985021106,body_momentum,1775800320,"{""body_momentum"":0,""time"":1775800320}",1775859994
6173302506,985021106,light_sensitivity_value,1775800260,"{""light_sensitivity_value"":0,""time"":1775800260}",1775859976
6173302506,985021106,body_momentum,1775800260,"{""body_momentum"":0,""time"":1775800260}",1775859994
6173302506,985021106,light_sensitivity_value,1775800200,"{""light_sensitivity_value"":0,""time"":1775800200}",1775859976
6173302506,985021106,body_momentum,1775800200,"{""body_momentum"":0,""time"":1775800200}",1775859994
6173302506,985021106,light_sensitivity_value,1775800140,"{""light_sensitivity_value"":0,""time"":1775800140}",1775859976
6173302506,985021106,body_momentum,1775800140,"{""body_momentum"":0,""time"":1775800140}",1775859994
6173302506,985021106,light_sensitivity_value,1775800080,"{""light_sensitivity_value"":0,""time"":1775800080}",1775859976
6173302506,985021106,body_momentum,1775800080,"{""body_momentum"":0,""time"":1775800080}",1775859994
6173302506,985021106,light_sensitivity_value,1775800020,"{""light_sensitivity_value"":0,""time"":1775800020}",1775859976
6173302506,985021106,body_momentum,1775800020,"{""body_momentum"":0,""time"":1775800020}",1775859994
6173302506,985021106,light_sensitivity_value,1775799960,"{""light_sensitivity_value"":0,""time"":1775799960}",1775859976
6173302506,985021106,body_momentum,1775799960,"{""body_momentum"":0,""time"":1775799960}",1775859994
6173302506,985021106,light_sensitivity_value,1775799900,"{""light_sensitivity_value"":0,""time"":1775799900}",1775859976
6173302506,985021106,body_momentum,1775799900,"{""body_momentum"":0,""time"":1775799900}",1775859994
6173302506,985021106,light_sensitivity_value,1775799840,"{""light_sensitivity_value"":0,""time"":1775799840}",1775859976
6173302506,985021106,body_momentum,1775799840,"{""body_momentum"":0,""time"":1775799840}",1775859994
6173302506,985021106,light_sensitivity_value,1775799780,"{""light_sensitivity_value"":0,""time"":1775799780}",1775859976
6173302506,985021106,body_momentum,1775799780,"{""body_momentum"":0,""time"":1775799780}",1775859994
6173302506,985021106,light_sensitivity_value,1775799720,"{""light_sensitivity_value"":0,""time"":1775799720}",1775859976
6173302506,985021106,body_momentum,1775799720,"{""body_momentum"":0,""time"":1775799720}",1775859994
6173302506,985021106,light_sensitivity_value,1775799660,"{""light_sensitivity_value"":0,""time"":1775799660}",1775859976
6173302506,985021106,body_momentum,1775799660,"{""body_momentum"":0,""time"":1775799660}",1775859994
6173302506,985021106,light_sensitivity_value,1775799600,"{""light_sensitivity_value"":0,""time"":1775799600}",1775859976
6173302506,985021106,body_momentum,1775799600,"{""body_momentum"":0,""time"":1775799600}",1775859994
6173302506,985021106,light_sensitivity_value,1775799540,"{""light_sensitivity_value"":0,""time"":1775799540}",1775859976
6173302506,985021106,body_momentum,1775799540,"{""body_momentum"":0,""time"":1775799540}",1775859994
6173302506,985021106,light_sensitivity_value,1775799480,"{""light_sensitivity_value"":0,""time"":1775799480}",1775859976
6173302506,985021106,body_momentum,1775799480,"{""body_momentum"":0,""time"":1775799480}",1775859994
6173302506,985021106,light_sensitivity_value,1775799420,"{""light_sensitivity_value"":0,""time"":1775799420}",1775859976
6173302506,985021106,body_momentum,1775799420,"{""body_momentum"":0,""time"":1775799420}",1775859994
6173302506,985021106,light_sensitivity_value,1775799360,"{""light_sensitivity_value"":0,""time"":1775799360}",1775859976
6173302506,985021106,body_momentum,1775799360,"{""body_momentum"":0,""time"":1775799360}",1775859994
6173302506,985021106,light_sensitivity_value,1775799300,"{""light_sensitivity_value"":0,""time"":1775799300}",1775859976
6173302506,985021106,body_momentum,1775799300,"{""body_momentum"":0,""time"":1775799300}",1775859994
6173302506,985021106,light_sensitivity_value,1775799240,"{""light_sensitivity_value"":0,""time"":1775799240}",1775859976
6173302506,985021106,body_momentum,1775799240,"{""body_momentum"":0,""time"":1775799240}",1775859994
6173302506,985021106,light_sensitivity_value,1775799180,"{""light_sensitivity_value"":0,""time"":1775799180}",1775859976
6173302506,985021106,body_momentum,1775799180,"{""body_momentum"":0,""time"":1775799180}",1775859994
6173302506,985021106,light_sensitivity_value,1775799120,"{""light_sensitivity_value"":0,""time"":1775799120}",1775859976
6173302506,985021106,body_momentum,1775799120,"{""body_momentum"":0,""time"":1775799120}",1775859994
6173302506,985021106,light_sensitivity_value,1775799060,"{""light_sensitivity_value"":0,""time"":1775799060}",1775859976
6173302506,985021106,body_momentum,1775799060,"{""body_momentum"":0,""time"":1775799060}",1775859994
6173302506,985021106,light_sensitivity_value,1775799000,"{""light_sensitivity_value"":0,""time"":1775799000}",1775859976
6173302506,985021106,body_momentum,1775799000,"{""body_momentum"":0,""time"":1775799000}",1775859994
6173302506,985021106,light_sensitivity_value,1775798940,"{""light_sensitivity_value"":0,""time"":1775798940}",1775859976
6173302506,985021106,body_momentum,1775798940,"{""body_momentum"":0,""time"":1775798940}",1775859994
6173302506,985021106,light_sensitivity_value,1775798880,"{""light_sensitivity_value"":0,""time"":1775798880}",1775859976
6173302506,985021106,body_momentum,1775798880,"{""body_momentum"":0,""time"":1775798880}",1775859994
6173302506,985021106,light_sensitivity_value,1775798820,"{""light_sensitivity_value"":0,""time"":1775798820}",1775859975
6173302506,985021106,body_momentum,1775798820,"{""body_momentum"":0,""time"":1775798820}",1775859993
6173302506,985021106,light_sensitivity_value,1775798760,"{""light_sensitivity_value"":0,""time"":1775798760}",1775859975
6173302506,985021106,body_momentum,1775798760,"{""body_momentum"":0,""time"":1775798760}",1775859993
6173302506,985021106,light_sensitivity_value,1775798700,"{""light_sensitivity_value"":0,""time"":1775798700}",1775859975
6173302506,985021106,body_momentum,1775798700,"{""body_momentum"":0,""time"":1775798700}",1775859993
6173302506,985021106,light_sensitivity_value,1775798640,"{""light_sensitivity_value"":0,""time"":1775798640}",1775859975
6173302506,985021106,body_momentum,1775798640,"{""body_momentum"":0,""time"":1775798640}",1775859993
6173302506,985021106,light_sensitivity_value,1775798580,"{""light_sensitivity_value"":0,""time"":1775798580}",1775859975
6173302506,985021106,body_momentum,1775798580,"{""body_momentum"":0,""time"":1775798580}",1775859993
6173302506,985021106,light_sensitivity_value,1775798520,"{""light_sensitivity_value"":0,""time"":1775798520}",1775859975
6173302506,985021106,body_momentum,1775798520,"{""body_momentum"":0,""time"":1775798520}",1775859993
6173302506,985021106,light_sensitivity_value,1775798460,"{""light_sensitivity_value"":0,""time"":1775798460}",1775859975
6173302506,985021106,body_momentum,1775798460,"{""body_momentum"":0,""time"":1775798460}",1775859993
6173302506,985021106,light_sensitivity_value,1775798400,"{""light_sensitivity_value"":0,""time"":1775798400}",1775859975
6173302506,985021106,body_momentum,1775798400,"{""body_momentum"":0,""time"":1775798400}",1775859993
6173302506,985021106,light_sensitivity_value,1775798340,"{""light_sensitivity_value"":0,""time"":1775798340}",1775859975
6173302506,985021106,body_momentum,1775798340,"{""body_momentum"":0,""time"":1775798340}",1775859993
6173302506,985021106,light_sensitivity_value,1775798280,"{""light_sensitivity_value"":0,""time"":1775798280}",1775859975
6173302506,985021106,body_momentum,1775798280,"{""body_momentum"":0,""time"":1775798280}",1775859993
6173302506,985021106,light_sensitivity_value,1775798220,"{""light_sensitivity_value"":0,""time"":1775798220}",1775859975
6173302506,985021106,body_momentum,1775798220,"{""body_momentum"":0,""time"":1775798220}",1775859993
6173302506,985021106,light_sensitivity_value,1775798160,"{""light_sensitivity_value"":0,""time"":1775798160}",1775859975
6173302506,985021106,body_momentum,1775798160,"{""body_momentum"":0,""time"":1775798160}",1775859993
6173302506,985021106,light_sensitivity_value,1775798100,"{""light_sensitivity_value"":0,""time"":1775798100}",1775859975
6173302506,985021106,body_momentum,1775798100,"{""body_momentum"":0,""time"":1775798100}",1775859993
6173302506,985021106,light_sensitivity_value,1775798040,"{""light_sensitivity_value"":0,""time"":1775798040}",1775859975
6173302506,985021106,body_momentum,1775798040,"{""body_momentum"":0,""time"":1775798040}",1775859993
6173302506,985021106,light_sensitivity_value,1775797980,"{""light_sensitivity_value"":0,""time"":1775797980}",1775859975
6173302506,985021106,body_momentum,1775797980,"{""body_momentum"":0,""time"":1775797980}",1775859993
6173302506,985021106,light_sensitivity_value,1775797920,"{""light_sensitivity_value"":0,""time"":1775797920}",1775859975
6173302506,985021106,body_momentum,1775797920,"{""body_momentum"":0,""time"":1775797920}",1775859993
6173302506,985021106,light_sensitivity_value,1775797860,"{""light_sensitivity_value"":0,""time"":1775797860}",1775859975
6173302506,985021106,body_momentum,1775797860,"{""body_momentum"":0,""time"":1775797860}",1775859993
6173302506,985021106,light_sensitivity_value,1775797800,"{""light_sensitivity_value"":0,""time"":1775797800}",1775859975
6173302506,985021106,body_momentum,1775797800,"{""body_momentum"":0,""time"":1775797800}",1775859993
6173302506,985021106,light_sensitivity_value,1775797740,"{""light_sensitivity_value"":0,""time"":1775797740}",1775859975
6173302506,985021106,body_momentum,1775797740,"{""body_momentum"":0,""time"":1775797740}",1775859993
6173302506,985021106,light_sensitivity_value,1775797680,"{""light_sensitivity_value"":0,""time"":1775797680}",1775859975
6173302506,985021106,body_momentum,1775797680,"{""body_momentum"":0,""time"":1775797680}",1775859993
6173302506,985021106,light_sensitivity_value,1775797620,"{""light_sensitivity_value"":0,""time"":1775797620}",1775859975
6173302506,985021106,body_momentum,1775797620,"{""body_momentum"":0,""time"":1775797620}",1775859993
6173302506,985021106,light_sensitivity_value,1775797560,"{""light_sensitivity_value"":0,""time"":1775797560}",1775859975
6173302506,985021106,body_momentum,1775797560,"{""body_momentum"":0,""time"":1775797560}",1775859993
6173302506,985021106,light_sensitivity_value,1775797500,"{""light_sensitivity_value"":0,""time"":1775797500}",1775859975
6173302506,985021106,body_momentum,1775797500,"{""body_momentum"":0,""time"":1775797500}",1775859993
6173302506,985021106,light_sensitivity_value,1775797440,"{""light_sensitivity_value"":0,""time"":1775797440}",1775859975
6173302506,985021106,body_momentum,1775797440,"{""body_momentum"":0,""time"":1775797440}",1775859993
6173302506,985021106,light_sensitivity_value,1775797380,"{""light_sensitivity_value"":0,""time"":1775797380}",1775859975
6173302506,985021106,body_momentum,1775797380,"{""body_momentum"":0,""time"":1775797380}",1775859993
6173302506,985021106,light_sensitivity_value,1775797320,"{""light_sensitivity_value"":0,""time"":1775797320}",1775859975
6173302506,985021106,body_momentum,1775797320,"{""body_momentum"":0,""time"":1775797320}",1775859993
6173302506,985021106,light_sensitivity_value,1775797260,"{""light_sensitivity_value"":0,""time"":1775797260}",1775859975
6173302506,985021106,body_momentum,1775797260,"{""body_momentum"":0,""time"":1775797260}",1775859993
6173302506,985021106,light_sensitivity_value,1775797200,"{""light_sensitivity_value"":0,""time"":1775797200}",1775859975
6173302506,985021106,body_momentum,1775797200,"{""body_momentum"":0,""time"":1775797200}",1775859993
6173302506,985021106,light_sensitivity_value,1775797140,"{""light_sensitivity_value"":0,""time"":1775797140}",1775859975
6173302506,985021106,body_momentum,1775797140,"{""body_momentum"":0,""time"":1775797140}",1775859993
6173302506,985021106,light_sensitivity_value,1775797080,"{""light_sensitivity_value"":0,""time"":1775797080}",1775859975
6173302506,985021106,body_momentum,1775797080,"{""body_momentum"":0,""time"":1775797080}",1775859993
6173302506,985021106,light_sensitivity_value,1775797020,"{""light_sensitivity_value"":0,""time"":1775797020}",1775859975
6173302506,985021106,body_momentum,1775797020,"{""body_momentum"":0,""time"":1775797020}",1775859993
6173302506,985021106,light_sensitivity_value,1775796960,"{""light_sensitivity_value"":0,""time"":1775796960}",1775859975
6173302506,985021106,body_momentum,1775796960,"{""body_momentum"":0,""time"":1775796960}",1775859993
6173302506,985021106,light_sensitivity_value,1775796900,"{""light_sensitivity_value"":0,""time"":1775796900}",1775859975
6173302506,985021106,body_momentum,1775796900,"{""body_momentum"":0,""time"":1775796900}",1775859993
6173302506,985021106,light_sensitivity_value,1775796840,"{""light_sensitivity_value"":0,""time"":1775796840}",1775859975
6173302506,985021106,body_momentum,1775796840,"{""body_momentum"":0,""time"":1775796840}",1775859993
6173302506,985021106,light_sensitivity_value,1775796780,"{""light_sensitivity_value"":0,""time"":1775796780}",1775859975
6173302506,985021106,body_momentum,1775796780,"{""body_momentum"":0,""time"":1775796780}",1775859993
6173302506,985021106,light_sensitivity_value,1775796720,"{""light_sensitivity_value"":0,""time"":1775796720}",1775859975
6173302506,985021106,body_momentum,1775796720,"{""body_momentum"":0,""time"":1775796720}",1775859993
6173302506,985021106,light_sensitivity_value,1775796660,"{""light_sensitivity_value"":0,""time"":1775796660}",1775859975
6173302506,985021106,body_momentum,1775796660,"{""body_momentum"":0,""time"":1775796660}",1775859993
6173302506,985021106,light_sensitivity_value,1775796600,"{""light_sensitivity_value"":0,""time"":1775796600}",1775859975
6173302506,985021106,body_momentum,1775796600,"{""body_momentum"":0,""time"":1775796600}",1775859993
6173302506,985021106,light_sensitivity_value,1775796540,"{""light_sensitivity_value"":0,""time"":1775796540}",1775859975
6173302506,985021106,body_momentum,1775796540,"{""body_momentum"":0,""time"":1775796540}",1775859993
6173302506,985021106,light_sensitivity_value,1775796480,"{""light_sensitivity_value"":0,""time"":1775796480}",1775859975
6173302506,985021106,body_momentum,1775796480,"{""body_momentum"":0,""time"":1775796480}",1775859993
6173302506,985021106,light_sensitivity_value,1775796420,"{""light_sensitivity_value"":0,""time"":1775796420}",1775859975
6173302506,985021106,body_momentum,1775796420,"{""body_momentum"":0,""time"":1775796420}",1775859993
6173302506,985021106,light_sensitivity_value,1775796360,"{""light_sensitivity_value"":0,""time"":1775796360}",1775859975
6173302506,985021106,body_momentum,1775796360,"{""body_momentum"":0,""time"":1775796360}",1775859993
6173302506,985021106,light_sensitivity_value,1775796300,"{""light_sensitivity_value"":0,""time"":1775796300}",1775859975
6173302506,985021106,body_momentum,1775796300,"{""body_momentum"":0,""time"":1775796300}",1775859993
6173302506,985021106,light_sensitivity_value,1775796240,"{""light_sensitivity_value"":0,""time"":1775796240}",1775859975
6173302506,985021106,body_momentum,1775796240,"{""body_momentum"":0,""time"":1775796240}",1775859993
6173302506,985021106,light_sensitivity_value,1775796180,"{""light_sensitivity_value"":0,""time"":1775796180}",1775859975
6173302506,985021106,body_momentum,1775796180,"{""body_momentum"":0,""time"":1775796180}",1775859993
6173302506,985021106,light_sensitivity_value,1775796120,"{""light_sensitivity_value"":0,""time"":1775796120}",1775859975
6173302506,985021106,body_momentum,1775796120,"{""body_momentum"":0,""time"":1775796120}",1775859993
6173302506,985021106,light_sensitivity_value,1775796060,"{""light_sensitivity_value"":0,""time"":1775796060}",1775859975
6173302506,985021106,body_momentum,1775796060,"{""body_momentum"":0,""time"":1775796060}",1775859993
6173302506,985021106,light_sensitivity_value,1775796000,"{""light_sensitivity_value"":0,""time"":1775796000}",1775859975
6173302506,985021106,body_momentum,1775796000,"{""body_momentum"":0,""time"":1775796000}",1775859993
6173302506,985021106,light_sensitivity_value,1775795940,"{""light_sensitivity_value"":0,""time"":1775795940}",1775859975
6173302506,985021106,body_momentum,1775795940,"{""body_momentum"":0,""time"":1775795940}",1775859993
6173302506,985021106,light_sensitivity_value,1775795880,"{""light_sensitivity_value"":0,""time"":1775795880}",1775859975
6173302506,985021106,body_momentum,1775795880,"{""body_momentum"":0,""time"":1775795880}",1775859993
6173302506,985021106,light_sensitivity_value,1775795820,"{""light_sensitivity_value"":0,""time"":1775795820}",1775859975
6173302506,985021106,body_momentum,1775795820,"{""body_momentum"":0,""time"":1775795820}",1775859993
6173302506,985021106,light_sensitivity_value,1775795760,"{""light_sensitivity_value"":0,""time"":1775795760}",1775859975
6173302506,985021106,body_momentum,1775795760,"{""body_momentum"":0,""time"":1775795760}",1775859993
6173302506,985021106,light_sensitivity_value,1775795700,"{""light_sensitivity_value"":0,""time"":1775795700}",1775859975
6173302506,985021106,body_momentum,1775795700,"{""body_momentum"":0,""time"":1775795700}",1775859993
6173302506,985021106,light_sensitivity_value,1775795640,"{""light_sensitivity_value"":0,""time"":1775795640}",1775859975
6173302506,985021106,body_momentum,1775795640,"{""body_momentum"":0,""time"":1775795640}",1775859993
6173302506,985021106,light_sensitivity_value,1775795580,"{""light_sensitivity_value"":0,""time"":1775795580}",1775859975
6173302506,985021106,body_momentum,1775795580,"{""body_momentum"":0,""time"":1775795580}",1775859993
6173302506,985021106,light_sensitivity_value,1775795520,"{""light_sensitivity_value"":0,""time"":1775795520}",1775859975
6173302506,985021106,body_momentum,1775795520,"{""body_momentum"":0,""time"":1775795520}",1775859993
6173302506,985021106,light_sensitivity_value,1775795460,"{""light_sensitivity_value"":0,""time"":1775795460}",1775859975
6173302506,985021106,body_momentum,1775795460,"{""body_momentum"":0,""time"":1775795460}",1775859993
6173302506,985021106,light_sensitivity_value,1775795400,"{""light_sensitivity_value"":0,""time"":1775795400}",1775859975
6173302506,985021106,body_momentum,1775795400,"{""body_momentum"":0,""time"":1775795400}",1775859993
6173302506,985021106,light_sensitivity_value,1775795340,"{""light_sensitivity_value"":0,""time"":1775795340}",1775859975
6173302506,985021106,body_momentum,1775795340,"{""body_momentum"":0,""time"":1775795340}",1775859993
6173302506,985021106,light_sensitivity_value,1775795280,"{""light_sensitivity_value"":0,""time"":1775795280}",1775859975
6173302506,985021106,body_momentum,1775795280,"{""body_momentum"":0,""time"":1775795280}",1775859993
6173302506,985021106,light_sensitivity_value,1775795220,"{""light_sensitivity_value"":0,""time"":1775795220}",1775859975
6173302506,985021106,body_momentum,1775795220,"{""body_momentum"":0,""time"":1775795220}",1775859992
6173302506,985021106,light_sensitivity_value,1775795160,"{""light_sensitivity_value"":0,""time"":1775795160}",1775859975
6173302506,985021106,body_momentum,1775795160,"{""body_momentum"":0,""time"":1775795160}",1775859992
6173302506,985021106,light_sensitivity_value,1775795100,"{""light_sensitivity_value"":0,""time"":1775795100}",1775859975
6173302506,985021106,body_momentum,1775795100,"{""body_momentum"":0,""time"":1775795100}",1775859992
6173302506,985021106,light_sensitivity_value,1775795040,"{""light_sensitivity_value"":0,""time"":1775795040}",1775859975
6173302506,985021106,body_momentum,1775795040,"{""body_momentum"":0,""time"":1775795040}",1775859992
6173302506,985021106,light_sensitivity_value,1775794980,"{""light_sensitivity_value"":0,""time"":1775794980}",1775859975
6173302506,985021106,body_momentum,1775794980,"{""body_momentum"":0,""time"":1775794980}",1775859992
6173302506,985021106,light_sensitivity_value,1775794920,"{""light_sensitivity_value"":0,""time"":1775794920}",1775859975
6173302506,985021106,body_momentum,1775794920,"{""body_momentum"":0,""time"":1775794920}",1775859992
6173302506,985021106,light_sensitivity_value,1775794860,"{""light_sensitivity_value"":0,""time"":1775794860}",1775859975
6173302506,985021106,body_momentum,1775794860,"{""body_momentum"":0,""time"":1775794860}",1775859992
6173302506,985021106,light_sensitivity_value,1775794800,"{""light_sensitivity_value"":0,""time"":1775794800}",1775859975
6173302506,985021106,body_momentum,1775794800,"{""body_momentum"":0,""time"":1775794800}",1775859992
6173302506,985021106,light_sensitivity_value,1775794740,"{""light_sensitivity_value"":0,""time"":1775794740}",1775859975
6173302506,985021106,body_momentum,1775794740,"{""body_momentum"":0,""time"":1775794740}",1775859992
6173302506,985021106,light_sensitivity_value,1775794680,"{""light_sensitivity_value"":0,""time"":1775794680}",1775859975
6173302506,985021106,body_momentum,1775794680,"{""body_momentum"":0,""time"":1775794680}",1775859992
6173302506,985021106,light_sensitivity_value,1775794620,"{""light_sensitivity_value"":0,""time"":1775794620}",1775859975
6173302506,985021106,body_momentum,1775794620,"{""body_momentum"":0,""time"":1775794620}",1775859992
6173302506,985021106,light_sensitivity_value,1775794560,"{""light_sensitivity_value"":0,""time"":1775794560}",1775859975
6173302506,985021106,body_momentum,1775794560,"{""body_momentum"":0,""time"":1775794560}",1775859992
6173302506,985021106,light_sensitivity_value,1775794500,"{""light_sensitivity_value"":0,""time"":1775794500}",1775859975
6173302506,985021106,body_momentum,1775794500,"{""body_momentum"":0,""time"":1775794500}",1775859992
6173302506,985021106,light_sensitivity_value,1775794440,"{""light_sensitivity_value"":0,""time"":1775794440}",1775859975
6173302506,985021106,body_momentum,1775794440,"{""body_momentum"":0,""time"":1775794440}",1775859992
6173302506,985021106,light_sensitivity_value,1775794380,"{""light_sensitivity_value"":0,""time"":1775794380}",1775859975
6173302506,985021106,body_momentum,1775794380,"{""body_momentum"":0,""time"":1775794380}",1775859992
6173302506,985021106,light_sensitivity_value,1775794320,"{""light_sensitivity_value"":0,""time"":1775794320}",1775859975
6173302506,985021106,body_momentum,1775794320,"{""body_momentum"":0,""time"":1775794320}",1775859992
6173302506,985021106,light_sensitivity_value,1775794260,"{""light_sensitivity_value"":0,""time"":1775794260}",1775859975
6173302506,985021106,body_momentum,1775794260,"{""body_momentum"":0,""time"":1775794260}",1775859992
6173302506,985021106,light_sensitivity_value,1775794200,"{""light_sensitivity_value"":0,""time"":1775794200}",1775859975
6173302506,985021106,body_momentum,1775794200,"{""body_momentum"":0,""time"":1775794200}",1775859992
6173302506,985021106,heart_rate,1775800740,"{""time"":1775800740,""bpm"":62,""type"":0}",1775859390
6173302506,985021106,heart_rate,1775800680,"{""time"":1775800680,""bpm"":63,""type"":0}",1775859390
6173302506,985021106,heart_rate,1775800620,"{""time"":1775800620,""bpm"":63,""type"":0}",1775859390
6173302506,985021106,heart_rate,1775800560,"{""time"":1775800560,""bpm"":67,""type"":0}",1775859390
6173302506,985021106,heart_rate,1775800500,"{""time"":1775800500,""bpm"":67,""type"":0}",1775859390
6173302506,985021106,heart_rate,1775800440,"{""time"":1775800440,""bpm"":65,""type"":0}",1775859390
6173302506,985021106,heart_rate,1775800380,"{""time"":1775800380,""bpm"":64,""type"":0}",1775859390
6173302506,985021106,heart_rate,1775800320,"{""time"":1775800320,""bpm"":64,""type"":0}",1775859390
6173302506,985021106,heart_rate,1775800260,"{""time"":1775800260,""bpm"":65,""type"":0}",1775859390
6173302506,985021106,heart_rate,1775800200,"{""time"":1775800200,""bpm"":63,""type"":0}",1775859390
6173302506,985021106,heart_rate,1775800140,"{""time"":1775800140,""bpm"":67,""type"":0}",1775859390
6173302506,985021106,heart_rate,1775800080,"{""time"":1775800080,""bpm"":71,""type"":0}",1775859390
6173302506,985021106,heart_rate,1775800020,"{""time"":1775800020,""bpm"":84,""type"":0}",1775859390
6173302506,985021106,heart_rate,1775799960,"{""time"":1775799960,""bpm"":58,""type"":0}",1775859390
6173302506,985021106,heart_rate,1775799900,"{""time"":1775799900,""bpm"":59,""type"":0}",1775859390
6173302506,985021106,heart_rate,1775799840,"{""time"":1775799840,""bpm"":58,""type"":0}",1775859390
6173302506,985021106,heart_rate,1775799780,"{""time"":1775799780,""bpm"":58,""type"":0}",1775859390
6173302506,985021106,heart_rate,1775799720,"{""time"":1775799720,""bpm"":58,""type"":0}",1775859390
6173302506,985021106,heart_rate,1775799660,"{""time"":1775799660,""bpm"":58,""type"":0}",1775859390
6173302506,985021106,heart_rate,1775799600,"{""time"":1775799600,""bpm"":57,""type"":0}",1775859390
6173302506,985021106,heart_rate,1775799540,"{""time"":1775799540,""bpm"":58,""type"":0}",1775859390
6173302506,985021106,heart_rate,1775799480,"{""time"":1775799480,""bpm"":57,""type"":0}",1775859390
6173302506,985021106,heart_rate,1775799420,"{""time"":1775799420,""bpm"":57,""type"":0}",1775859390
6173302506,985021106,heart_rate,1775799360,"{""time"":1775799360,""bpm"":57,""type"":0}",1775859390
6173302506,985021106,heart_rate,1775799300,"{""time"":1775799300,""bpm"":58,""type"":0}",1775859390
6173302506,985021106,heart_rate,1775799240,"{""time"":1775799240,""bpm"":57,""type"":0}",1775859390
6173302506,985021106,heart_rate,1775799180,"{""time"":1775799180,""bpm"":57,""type"":0}",1775859390
6173302506,985021106,heart_rate,1775799120,"{""time"":1775799120,""bpm"":58,""type"":0}",1775859390
6173302506,985021106,heart_rate,1775799060,"{""time"":1775799060,""bpm"":58,""type"":0}",1775859390
6173302506,985021106,heart_rate,1775799000,"{""time"":1775799000,""bpm"":74,""type"":0}",1775859390
6173302506,985021106,heart_rate,1775798940,"{""time"":1775798940,""bpm"":57,""type"":0}",1775859390
6173302506,985021106,heart_rate,1775798880,"{""time"":1775798880,""bpm"":59,""type"":0}",1775859390
6173302506,985021106,heart_rate,1775798820,"{""time"":1775798820,""bpm"":60,""type"":0}",1775859390
6173302506,985021106,heart_rate,1775798760,"{""time"":1775798760,""bpm"":60,""type"":0}",1775859390
6173302506,985021106,heart_rate,1775798700,"{""time"":1775798700,""bpm"":59,""type"":0}",1775859390
6173302506,985021106,heart_rate,1775798640,"{""time"":1775798640,""bpm"":60,""type"":0}",1775859390
6173302506,985021106,heart_rate,1775798580,"{""time"":1775798580,""bpm"":71,""type"":0}",1775859390
6173302506,985021106,heart_rate,1775798520,"{""time"":1775798520,""bpm"":62,""type"":0}",1775859390
6173302506,985021106,heart_rate,1775798460,"{""time"":1775798460,""bpm"":60,""type"":0}",1775859390
6173302506,985021106,heart_rate,1775798400,"{""time"":1775798400,""bpm"":62,""type"":0}",1775859390
6173302506,985021106,heart_rate,1775798340,"{""time"":1775798340,""bpm"":60,""type"":0}",1775859390
6173302506,985021106,heart_rate,1775798280,"{""time"":1775798280,""bpm"":64,""type"":0}",1775859390
6173302506,985021106,heart_rate,1775798220,"{""time"":1775798220,""bpm"":73,""type"":0}",1775859390
6173302506,985021106,heart_rate,1775798160,"{""time"":1775798160,""bpm"":61,""type"":0}",1775859390
6173302506,985021106,heart_rate,1775798100,"{""time"":1775798100,""bpm"":63,""type"":0}",1775859390
6173302506,985021106,heart_rate,1775798040,"{""time"":1775798040,""bpm"":59,""type"":0}",1775859390
6173302506,985021106,heart_rate,1775797980,"{""time"":1775797980,""bpm"":63,""type"":0}",1775859390
6173302506,985021106,heart_rate,1775797920,"{""time"":1775797920,""bpm"":65,""type"":0}",1775859390
6173302506,985021106,heart_rate,1775797860,"{""time"":1775797860,""bpm"":66,""type"":0}",1775859390
6173302506,985021106,heart_rate,1775797800,"{""time"":1775797800,""bpm"":63,""type"":0}",1775859390
6173302506,985021106,heart_rate,1775797740,"{""time"":1775797740,""bpm"":64,""type"":0}",1775859390
6173302506,985021106,heart_rate,1775797680,"{""time"":1775797680,""bpm"":63,""type"":0}",1775859390
6173302506,985021106,heart_rate,1775797620,"{""time"":1775797620,""bpm"":69,""type"":0}",1775859390
6173302506,985021106,heart_rate,1775797560,"{""time"":1775797560,""bpm"":63,""type"":0}",1775859390
6173302506,985021106,heart_rate,1775797500,"{""time"":1775797500,""bpm"":64,""type"":0}",1775859390
6173302506,985021106,heart_rate,1775797440,"{""time"":1775797440,""bpm"":69,""type"":0}",1775859390
6173302506,985021106,heart_rate,1775797380,"{""time"":1775797380,""bpm"":66,""type"":0}",1775859390
6173302506,985021106,heart_rate,1775797320,"{""time"":1775797320,""bpm"":73,""type"":0}",1775859390
6173302506,985021106,heart_rate,1775797260,"{""time"":1775797260,""bpm"":64,""type"":0}",1775859390
6173302506,985021106,heart_rate,1775797200,"{""time"":1775797200,""bpm"":61,""type"":0}",1775859390
6173302506,985021106,heart_rate,1775797140,"{""time"":1775797140,""bpm"":70,""type"":0}",1775859390
6173302506,985021106,heart_rate,1775797080,"{""time"":1775797080,""bpm"":62,""type"":0}",1775859390
6173302506,985021106,heart_rate,1775797020,"{""time"":1775797020,""bpm"":61,""type"":0}",1775859390
6173302506,985021106,heart_rate,1775796960,"{""time"":1775796960,""bpm"":63,""type"":0}",1775859390
6173302506,985021106,heart_rate,1775796900,"{""time"":1775796900,""bpm"":61,""type"":0}",1775859390
6173302506,985021106,heart_rate,1775796840,"{""time"":1775796840,""bpm"":61,""type"":0}",1775859390
6173302506,985021106,heart_rate,1775796780,"{""time"":1775796780,""bpm"":61,""type"":0}",1775859390
6173302506,985021106,heart_rate,1775796720,"{""time"":1775796720,""bpm"":62,""type"":0}",1775859390
6173302506,985021106,heart_rate,1775796660,"{""time"":1775796660,""bpm"":61,""type"":0}",1775859390
6173302506,985021106,heart_rate,1775796600,"{""time"":1775796600,""bpm"":61,""type"":0}",1775859390
6173302506,985021106,heart_rate,1775796540,"{""time"":1775796540,""bpm"":62,""type"":0}",1775859390
6173302506,985021106,heart_rate,1775796480,"{""time"":1775796480,""bpm"":62,""type"":0}",1775859390
6173302506,985021106,heart_rate,1775796420,"{""time"":1775796420,""bpm"":61,""type"":0}",1775859390
6173302506,985021106,heart_rate,1775796360,"{""time"":1775796360,""bpm"":62,""type"":0}",1775859390
6173302506,985021106,heart_rate,1775796300,"{""time"":1775796300,""bpm"":63,""type"":0}",1775859390
6173302506,985021106,heart_rate,1775796240,"{""time"":1775796240,""bpm"":62,""type"":0}",1775859390
6173302506,985021106,heart_rate,1775796180,"{""time"":1775796180,""bpm"":61,""type"":0}",1775859390
6173302506,985021106,heart_rate,1775796120,"{""time"":1775796120,""bpm"":62,""type"":0}",1775859390
6173302506,985021106,heart_rate,1775796060,"{""time"":1775796060,""bpm"":61,""type"":0}",1775859390
6173302506,985021106,heart_rate,1775796000,"{""time"":1775796000,""bpm"":62,""type"":0}",1775859390
6173302506,985021106,heart_rate,1775795940,"{""time"":1775795940,""bpm"":62,""type"":0}",1775859390
6173302506,985021106,heart_rate,1775795880,"{""time"":1775795880,""bpm"":61,""type"":0}",1775859390
6173302506,985021106,heart_rate,1775795820,"{""time"":1775795820,""bpm"":62,""type"":0}",1775859390
6173302506,985021106,heart_rate,1775795760,"{""time"":1775795760,""bpm"":63,""type"":0}",1775859390
6173302506,985021106,heart_rate,1775795700,"{""time"":1775795700,""bpm"":62,""type"":0}",1775859390
6173302506,985021106,heart_rate,1775795640,"{""time"":1775795640,""bpm"":62,""type"":0}",1775859390
6173302506,985021106,heart_rate,1775795580,"{""time"":1775795580,""bpm"":62,""type"":0}",1775859390
6173302506,985021106,heart_rate,1775795520,"{""time"":1775795520,""bpm"":62,""type"":0}",1775859390
6173302506,985021106,heart_rate,1775795460,"{""time"":1775795460,""bpm"":61,""type"":0}",1775859390
6173302506,985021106,heart_rate,1775795400,"{""time"":1775795400,""bpm"":61,""type"":0}",1775859390
6173302506,985021106,heart_rate,1775795340,"{""time"":1775795340,""bpm"":62,""type"":0}",1775859390
6173302506,985021106,heart_rate,1775795280,"{""time"":1775795280,""bpm"":63,""type"":0}",1775859390
6173302506,985021106,heart_rate,1775795220,"{""time"":1775795220,""bpm"":62,""type"":0}",1775859390
6173302506,985021106,heart_rate,1775795160,"{""time"":1775795160,""bpm"":63,""type"":0}",1775859390
6173302506,985021106,heart_rate,1775795100,"{""time"":1775795100,""bpm"":63,""type"":0}",1775859390
6173302506,985021106,heart_rate,1775795040,"{""time"":1775795040,""bpm"":60,""type"":0}",1775859390
6173302506,985021106,heart_rate,1775794980,"{""time"":1775794980,""bpm"":62,""type"":0}",1775859390
6173302506,985021106,heart_rate,1775794920,"{""time"":1775794920,""bpm"":61,""type"":0}",1775859390
6173302506,985021106,heart_rate,1775794860,"{""time"":1775794860,""bpm"":63,""type"":0}",1775859390
6173302506,985021106,heart_rate,1775794800,"{""time"":1775794800,""bpm"":62,""type"":0}",1775859390
6173302506,985021106,heart_rate,1775794740,"{""time"":1775794740,""bpm"":62,""type"":0}",1775859390
6173302506,985021106,heart_rate,1775794680,"{""time"":1775794680,""bpm"":62,""type"":0}",1775859390
6173302506,985021106,heart_rate,1775794620,"{""time"":1775794620,""bpm"":62,""type"":0}",1775859390
6173302506,985021106,heart_rate,1775794560,"{""time"":1775794560,""bpm"":62,""type"":0}",1775859390
6173302506,985021106,heart_rate,1775794500,"{""time"":1775794500,""bpm"":62,""type"":0}",1775859390
6173302506,985021106,heart_rate,1775794440,"{""time"":1775794440,""bpm"":61,""type"":0}",1775859390
6173302506,985021106,heart_rate,1775794380,"{""time"":1775794380,""bpm"":63,""type"":0}",1775859390
6173302506,985021106,heart_rate,1775794320,"{""time"":1775794320,""bpm"":62,""type"":0}",1775859390
6173302506,985021106,heart_rate,1775794260,"{""time"":1775794260,""bpm"":63,""type"":0}",1775859390
6173302506,985021106,heart_rate,1775794200,"{""time"":1775794200,""bpm"":64,""type"":0}",1775859390
6173302506,985021106,heart_rate,1775794140,"{""time"":1775794140,""bpm"":65,""type"":0}",1775859390
6173302506,985021106,light_sensitivity_value,1775794140,"{""light_sensitivity_value"":0,""time"":1775794140}",1775859975
6173302506,985021106,body_momentum,1775794140,"{""body_momentum"":0,""time"":1775794140}",1775859992
6173302506,985021106,body_momentum,1775794080,"{""body_momentum"":0,""time"":1775794080}",1775859992
6173302506,985021106,light_sensitivity_value,1775794080,"{""light_sensitivity_value"":0,""time"":1775794080}",1775859975
6173302506,985021106,heart_rate,1775794080,"{""time"":1775794080,""bpm"":65,""type"":0}",1775859390
6173302506,985021106,heart_rate,1775794020,"{""time"":1775794020,""bpm"":63,""type"":0}",1775859390
6173302506,985021106,light_sensitivity_value,1775794020,"{""light_sensitivity_value"":0,""time"":1775794020}",1775859975
6173302506,985021106,body_momentum,1775794020,"{""body_momentum"":0,""time"":1775794020}",1775859992
6173302506,985021106,body_momentum,1775793960,"{""body_momentum"":0,""time"":1775793960}",1775859992
6173302506,985021106,light_sensitivity_value,1775793960,"{""light_sensitivity_value"":0,""time"":1775793960}",1775859975
6173302506,985021106,body_momentum,1775793900,"{""body_momentum"":0,""time"":1775793900}",1775859992
6173302506,985021106,light_sensitivity_value,1775793900,"{""light_sensitivity_value"":0,""time"":1775793900}",1775859975
6173302506,985021106,body_momentum,1775793840,"{""body_momentum"":0,""time"":1775793840}",1775859992
6173302506,985021106,light_sensitivity_value,1775793840,"{""light_sensitivity_value"":0,""time"":1775793840}",1775859975
6173302506,985021106,heart_rate,1775793780,"{""time"":1775793780,""bpm"":67,""type"":0}",1775859390
6173302506,985021106,body_momentum,1775793780,"{""body_momentum"":0,""time"":1775793780}",1775859992
6173302506,985021106,light_sensitivity_value,1775793780,"{""light_sensitivity_value"":0,""time"":1775793780}",1775859975
6173302506,985021106,body_momentum,1775793720,"{""body_momentum"":0,""time"":1775793720}",1775859992
6173302506,985021106,light_sensitivity_value,1775793720,"{""light_sensitivity_value"":0,""time"":1775793720}",1775859975
6173302506,985021106,body_momentum,1775793660,"{""body_momentum"":0,""time"":1775793660}",1775859992
6173302506,985021106,light_sensitivity_value,1775793660,"{""light_sensitivity_value"":0,""time"":1775793660}",1775859975
6173302506,985021106,light_sensitivity_value,1775793600,"{""light_sensitivity_value"":0,""time"":1775793600}",1775859975
6173302506,985021106,body_momentum,1775793600,"{""body_momentum"":0,""time"":1775793600}",1775859992
6173302506,985021106,light_sensitivity_value,1775793540,"{""light_sensitivity_value"":0,""time"":1775793540}",1775859975
6173302506,985021106,body_momentum,1775793540,"{""body_momentum"":0,""time"":1775793540}",1775859992
6173302506,985021106,light_sensitivity_value,1775793480,"{""light_sensitivity_value"":0,""time"":1775793480}",1775859975
6173302506,985021106,body_momentum,1775793480,"{""body_momentum"":0,""time"":1775793480}",1775859992
6173302506,985021106,light_sensitivity_value,1775793420,"{""light_sensitivity_value"":0,""time"":1775793420}",1775859975
6173302506,985021106,body_momentum,1775793420,"{""body_momentum"":0,""time"":1775793420}",1775859992
6173302506,985021106,light_sensitivity_value,1775793360,"{""light_sensitivity_value"":0,""time"":1775793360}",1775859975
6173302506,985021106,body_momentum,1775793360,"{""body_momentum"":0,""time"":1775793360}",1775859992
6173302506,985021106,light_sensitivity_value,1775793300,"{""light_sensitivity_value"":0,""time"":1775793300}",1775859975
6173302506,985021106,body_momentum,1775793300,"{""body_momentum"":0,""time"":1775793300}",1775859992
6173302506,985021106,light_sensitivity_value,1775793240,"{""light_sensitivity_value"":0,""time"":1775793240}",1775859975
6173302506,985021106,body_momentum,1775793240,"{""body_momentum"":0,""time"":1775793240}",1775859992
6173302506,985021106,light_sensitivity_value,1775793180,"{""light_sensitivity_value"":0,""time"":1775793180}",1775859975
6173302506,985021106,body_momentum,1775793180,"{""body_momentum"":0,""time"":1775793180}",1775859992
6173302506,985021106,light_sensitivity_value,1775793120,"{""light_sensitivity_value"":0,""time"":1775793120}",1775859975
6173302506,985021106,body_momentum,1775793120,"{""body_momentum"":0,""time"":1775793120}",1775859992
6173302506,985021106,light_sensitivity_value,1775793060,"{""light_sensitivity_value"":0,""time"":1775793060}",1775859975
6173302506,985021106,body_momentum,1775793060,"{""body_momentum"":0,""time"":1775793060}",1775859992
6173302506,985021106,light_sensitivity_value,1775793000,"{""light_sensitivity_value"":0,""time"":1775793000}",1775859975
6173302506,985021106,body_momentum,1775793000,"{""body_momentum"":0,""time"":1775793000}",1775859992
6173302506,985021106,light_sensitivity_value,1775792940,"{""light_sensitivity_value"":0,""time"":1775792940}",1775859975
6173302506,985021106,body_momentum,1775792940,"{""body_momentum"":0,""time"":1775792940}",1775859992
6173302506,985021106,light_sensitivity_value,1775792880,"{""light_sensitivity_value"":0,""time"":1775792880}",1775859975
6173302506,985021106,body_momentum,1775792880,"{""body_momentum"":0,""time"":1775792880}",1775859992
6173302506,985021106,light_sensitivity_value,1775792820,"{""light_sensitivity_value"":0,""time"":1775792820}",1775859975
6173302506,985021106,body_momentum,1775792820,"{""body_momentum"":0,""time"":1775792820}",1775859992
6173302506,985021106,light_sensitivity_value,1775792760,"{""light_sensitivity_value"":0,""time"":1775792760}",1775859975
6173302506,985021106,body_momentum,1775792760,"{""body_momentum"":0,""time"":1775792760}",1775859992
6173302506,985021106,light_sensitivity_value,1775792700,"{""light_sensitivity_value"":0,""time"":1775792700}",1775859975
6173302506,985021106,body_momentum,1775792700,"{""body_momentum"":0,""time"":1775792700}",1775859992
6173302506,985021106,light_sensitivity_value,1775792640,"{""light_sensitivity_value"":0,""time"":1775792640}",1775859975
6173302506,985021106,body_momentum,1775792640,"{""body_momentum"":0,""time"":1775792640}",1775859992
6173302506,985021106,light_sensitivity_value,1775792580,"{""light_sensitivity_value"":0,""time"":1775792580}",1775859975
6173302506,985021106,body_momentum,1775792580,"{""body_momentum"":0,""time"":1775792580}",1775859992
6173302506,985021106,light_sensitivity_value,1775792520,"{""light_sensitivity_value"":0,""time"":1775792520}",1775859975
6173302506,985021106,body_momentum,1775792520,"{""body_momentum"":0,""time"":1775792520}",1775859992
6173302506,985021106,light_sensitivity_value,1775792460,"{""light_sensitivity_value"":0,""time"":1775792460}",1775859975
6173302506,985021106,body_momentum,1775792460,"{""body_momentum"":0,""time"":1775792460}",1775859992
6173302506,985021106,light_sensitivity_value,1775792400,"{""light_sensitivity_value"":0,""time"":1775792400}",1775859975
6173302506,985021106,body_momentum,1775792400,"{""body_momentum"":0,""time"":1775792400}",1775859992
6173302506,985021106,light_sensitivity_value,1775792340,"{""light_sensitivity_value"":0,""time"":1775792340}",1775859975
6173302506,985021106,body_momentum,1775792340,"{""body_momentum"":0,""time"":1775792340}",1775859992
6173302506,985021106,light_sensitivity_value,1775792280,"{""light_sensitivity_value"":0,""time"":1775792280}",1775859975
6173302506,985021106,body_momentum,1775792280,"{""body_momentum"":0,""time"":1775792280}",1775859992
6173302506,985021106,light_sensitivity_value,1775792220,"{""light_sensitivity_value"":0,""time"":1775792220}",1775859975
6173302506,985021106,body_momentum,1775792220,"{""body_momentum"":0,""time"":1775792220}",1775859992
6173302506,985021106,light_sensitivity_value,1775792160,"{""light_sensitivity_value"":0,""time"":1775792160}",1775859975
6173302506,985021106,body_momentum,1775792160,"{""body_momentum"":0,""time"":1775792160}",1775859992
6173302506,985021106,light_sensitivity_value,1775792100,"{""light_sensitivity_value"":0,""time"":1775792100}",1775859975
6173302506,985021106,body_momentum,1775792100,"{""body_momentum"":0,""time"":1775792100}",1775859992
6173302506,985021106,light_sensitivity_value,1775792040,"{""light_sensitivity_value"":0,""time"":1775792040}",1775859975
6173302506,985021106,body_momentum,1775792040,"{""body_momentum"":0,""time"":1775792040}",1775859992
6173302506,985021106,light_sensitivity_value,1775791980,"{""light_sensitivity_value"":0,""time"":1775791980}",1775859975
6173302506,985021106,body_momentum,1775791980,"{""body_momentum"":0,""time"":1775791980}",1775859992
6173302506,985021106,light_sensitivity_value,1775791920,"{""light_sensitivity_value"":0,""time"":1775791920}",1775859975
6173302506,985021106,body_momentum,1775791920,"{""body_momentum"":0,""time"":1775791920}",1775859992
6173302506,985021106,light_sensitivity_value,1775791860,"{""light_sensitivity_value"":0,""time"":1775791860}",1775859975
6173302506,985021106,body_momentum,1775791860,"{""body_momentum"":0,""time"":1775791860}",1775859992
6173302506,985021106,light_sensitivity_value,1775791800,"{""light_sensitivity_value"":0,""time"":1775791800}",1775859975
6173302506,985021106,body_momentum,1775791800,"{""body_momentum"":0,""time"":1775791800}",1775859992
6173302506,985021106,light_sensitivity_value,1775791740,"{""light_sensitivity_value"":0,""time"":1775791740}",1775859975
6173302506,985021106,body_momentum,1775791740,"{""body_momentum"":0,""time"":1775791740}",1775859992
6173302506,985021106,light_sensitivity_value,1775791680,"{""light_sensitivity_value"":0,""time"":1775791680}",1775859975
6173302506,985021106,body_momentum,1775791680,"{""body_momentum"":0,""time"":1775791680}",1775859992
6173302506,985021106,light_sensitivity_value,1775791620,"{""light_sensitivity_value"":0,""time"":1775791620}",1775859974
6173302506,985021106,body_momentum,1775791620,"{""body_momentum"":0,""time"":1775791620}",1775859991
6173302506,985021106,light_sensitivity_value,1775791560,"{""light_sensitivity_value"":0,""time"":1775791560}",1775859974
6173302506,985021106,body_momentum,1775791560,"{""body_momentum"":0,""time"":1775791560}",1775859991
6173302506,985021106,light_sensitivity_value,1775791500,"{""light_sensitivity_value"":0,""time"":1775791500}",1775859974
6173302506,985021106,body_momentum,1775791500,"{""body_momentum"":0,""time"":1775791500}",1775859991
6173302506,985021106,light_sensitivity_value,1775791440,"{""light_sensitivity_value"":0,""time"":1775791440}",1775859974
6173302506,985021106,body_momentum,1775791440,"{""body_momentum"":0,""time"":1775791440}",1775859991
6173302506,985021106,light_sensitivity_value,1775791380,"{""light_sensitivity_value"":0,""time"":1775791380}",1775859974
6173302506,985021106,body_momentum,1775791380,"{""body_momentum"":0,""time"":1775791380}",1775859991
6173302506,985021106,light_sensitivity_value,1775791320,"{""light_sensitivity_value"":0,""time"":1775791320}",1775859974
6173302506,985021106,body_momentum,1775791320,"{""body_momentum"":0,""time"":1775791320}",1775859991
6173302506,985021106,light_sensitivity_value,1775791260,"{""light_sensitivity_value"":0,""time"":1775791260}",1775859974
6173302506,985021106,body_momentum,1775791260,"{""body_momentum"":0,""time"":1775791260}",1775859991
6173302506,985021106,light_sensitivity_value,1775791200,"{""light_sensitivity_value"":0,""time"":1775791200}",1775859974
6173302506,985021106,body_momentum,1775791200,"{""body_momentum"":0,""time"":1775791200}",1775859991
6173302506,985021106,light_sensitivity_value,1775791140,"{""light_sensitivity_value"":0,""time"":1775791140}",1775859974
6173302506,985021106,body_momentum,1775791140,"{""body_momentum"":0,""time"":1775791140}",1775859991
6173302506,985021106,light_sensitivity_value,1775791080,"{""light_sensitivity_value"":0,""time"":1775791080}",1775859974
6173302506,985021106,body_momentum,1775791080,"{""body_momentum"":0,""time"":1775791080}",1775859991
6173302506,985021106,light_sensitivity_value,1775791020,"{""light_sensitivity_value"":0,""time"":1775791020}",1775859974
6173302506,985021106,body_momentum,1775791020,"{""body_momentum"":0,""time"":1775791020}",1775859991
6173302506,985021106,light_sensitivity_value,1775790960,"{""light_sensitivity_value"":0,""time"":1775790960}",1775859974
6173302506,985021106,body_momentum,1775790960,"{""body_momentum"":0,""time"":1775790960}",1775859991
6173302506,985021106,light_sensitivity_value,1775790900,"{""light_sensitivity_value"":0,""time"":1775790900}",1775859974
6173302506,985021106,body_momentum,1775790900,"{""body_momentum"":0,""time"":1775790900}",1775859991
6173302506,985021106,light_sensitivity_value,1775790840,"{""light_sensitivity_value"":0,""time"":1775790840}",1775859974
6173302506,985021106,body_momentum,1775790840,"{""body_momentum"":0,""time"":1775790840}",1775859991
6173302506,985021106,light_sensitivity_value,1775790780,"{""light_sensitivity_value"":0,""time"":1775790780}",1775859974
6173302506,985021106,body_momentum,1775790780,"{""body_momentum"":0,""time"":1775790780}",1775859991
6173302506,985021106,light_sensitivity_value,1775790720,"{""light_sensitivity_value"":0,""time"":1775790720}",1775859974
6173302506,985021106,body_momentum,1775790720,"{""body_momentum"":0,""time"":1775790720}",1775859991
6173302506,985021106,light_sensitivity_value,1775790660,"{""light_sensitivity_value"":0,""time"":1775790660}",1775859974
6173302506,985021106,body_momentum,1775790660,"{""body_momentum"":0,""time"":1775790660}",1775859991
6173302506,985021106,light_sensitivity_value,1775790600,"{""light_sensitivity_value"":0,""time"":1775790600}",1775859974
6173302506,985021106,body_momentum,1775790600,"{""body_momentum"":0,""time"":1775790600}",1775859991
6173302506,985021106,light_sensitivity_value,1775790540,"{""light_sensitivity_value"":0,""time"":1775790540}",1775859974
6173302506,985021106,body_momentum,1775790540,"{""body_momentum"":0,""time"":1775790540}",1775859991
6173302506,985021106,light_sensitivity_value,1775790480,"{""light_sensitivity_value"":0,""time"":1775790480}",1775859974
6173302506,985021106,body_momentum,1775790480,"{""body_momentum"":0,""time"":1775790480}",1775859991
6173302506,985021106,light_sensitivity_value,1775790420,"{""light_sensitivity_value"":0,""time"":1775790420}",1775859974
6173302506,985021106,body_momentum,1775790420,"{""body_momentum"":0,""time"":1775790420}",1775859991
6173302506,985021106,light_sensitivity_value,1775790360,"{""light_sensitivity_value"":0,""time"":1775790360}",1775859974
6173302506,985021106,body_momentum,1775790360,"{""body_momentum"":0,""time"":1775790360}",1775859991
6173302506,985021106,light_sensitivity_value,1775790300,"{""light_sensitivity_value"":0,""time"":1775790300}",1775859974
6173302506,985021106,body_momentum,1775790300,"{""body_momentum"":0,""time"":1775790300}",1775859991
6173302506,985021106,light_sensitivity_value,1775790240,"{""light_sensitivity_value"":0,""time"":1775790240}",1775859974
6173302506,985021106,body_momentum,1775790240,"{""body_momentum"":0,""time"":1775790240}",1775859991
6173302506,985021106,light_sensitivity_value,1775790180,"{""light_sensitivity_value"":0,""time"":1775790180}",1775859974
6173302506,985021106,body_momentum,1775790180,"{""body_momentum"":0,""time"":1775790180}",1775859991
6173302506,985021106,light_sensitivity_value,1775790120,"{""light_sensitivity_value"":0,""time"":1775790120}",1775859974
6173302506,985021106,body_momentum,1775790120,"{""body_momentum"":0,""time"":1775790120}",1775859991
6173302506,985021106,light_sensitivity_value,1775790060,"{""light_sensitivity_value"":0,""time"":1775790060}",1775859974
6173302506,985021106,body_momentum,1775790060,"{""body_momentum"":0,""time"":1775790060}",1775859991
6173302506,985021106,light_sensitivity_value,1775790000,"{""light_sensitivity_value"":0,""time"":1775790000}",1775859974
6173302506,985021106,body_momentum,1775790000,"{""body_momentum"":0,""time"":1775790000}",1775859991
6173302506,985021106,light_sensitivity_value,1775789940,"{""light_sensitivity_value"":0,""time"":1775789940}",1775859974
6173302506,985021106,body_momentum,1775789940,"{""body_momentum"":0,""time"":1775789940}",1775859991
6173302506,985021106,light_sensitivity_value,1775789880,"{""light_sensitivity_value"":0,""time"":1775789880}",1775859974
6173302506,985021106,body_momentum,1775789880,"{""body_momentum"":0,""time"":1775789880}",1775859991
6173302506,985021106,light_sensitivity_value,1775789820,"{""light_sensitivity_value"":0,""time"":1775789820}",1775859974
6173302506,985021106,body_momentum,1775789820,"{""body_momentum"":0,""time"":1775789820}",1775859991
6173302506,985021106,light_sensitivity_value,1775789760,"{""light_sensitivity_value"":0,""time"":1775789760}",1775859974
6173302506,985021106,body_momentum,1775789760,"{""body_momentum"":0,""time"":1775789760}",1775859991
6173302506,985021106,light_sensitivity_value,1775789700,"{""light_sensitivity_value"":0,""time"":1775789700}",1775859974
6173302506,985021106,body_momentum,1775789700,"{""body_momentum"":0,""time"":1775789700}",1775859991
6173302506,985021106,light_sensitivity_value,1775789640,"{""light_sensitivity_value"":0,""time"":1775789640}",1775859974
6173302506,985021106,body_momentum,1775789640,"{""body_momentum"":0,""time"":1775789640}",1775859991
6173302506,985021106,light_sensitivity_value,1775789580,"{""light_sensitivity_value"":0,""time"":1775789580}",1775859974
6173302506,985021106,body_momentum,1775789580,"{""body_momentum"":0,""time"":1775789580}",1775859991
6173302506,985021106,light_sensitivity_value,1775789520,"{""light_sensitivity_value"":0,""time"":1775789520}",1775859974
6173302506,985021106,body_momentum,1775789520,"{""body_momentum"":0,""time"":1775789520}",1775859991
6173302506,985021106,light_sensitivity_value,1775789460,"{""light_sensitivity_value"":0,""time"":1775789460}",1775859974
6173302506,985021106,body_momentum,1775789460,"{""body_momentum"":0,""time"":1775789460}",1775859991
6173302506,985021106,light_sensitivity_value,1775789400,"{""light_sensitivity_value"":0,""time"":1775789400}",1775859974
6173302506,985021106,body_momentum,1775789400,"{""body_momentum"":0,""time"":1775789400}",1775859991
6173302506,985021106,light_sensitivity_value,1775789340,"{""light_sensitivity_value"":0,""time"":1775789340}",1775859974
6173302506,985021106,body_momentum,1775789340,"{""body_momentum"":0,""time"":1775789340}",1775859991
6173302506,985021106,light_sensitivity_value,1775789280,"{""light_sensitivity_value"":0,""time"":1775789280}",1775859974
6173302506,985021106,body_momentum,1775789280,"{""body_momentum"":0,""time"":1775789280}",1775859991
6173302506,985021106,light_sensitivity_value,1775789220,"{""light_sensitivity_value"":0,""time"":1775789220}",1775859974
6173302506,985021106,body_momentum,1775789220,"{""body_momentum"":0,""time"":1775789220}",1775859991
6173302506,985021106,light_sensitivity_value,1775789160,"{""light_sensitivity_value"":0,""time"":1775789160}",1775859974
6173302506,985021106,body_momentum,1775789160,"{""body_momentum"":0,""time"":1775789160}",1775859991
6173302506,985021106,light_sensitivity_value,1775789100,"{""light_sensitivity_value"":0,""time"":1775789100}",1775859974
6173302506,985021106,body_momentum,1775789100,"{""body_momentum"":0,""time"":1775789100}",1775859991
6173302506,985021106,light_sensitivity_value,1775789040,"{""light_sensitivity_value"":0,""time"":1775789040}",1775859974
6173302506,985021106,body_momentum,1775789040,"{""body_momentum"":0,""time"":1775789040}",1775859991
6173302506,985021106,light_sensitivity_value,1775788980,"{""light_sensitivity_value"":0,""time"":1775788980}",1775859974
6173302506,985021106,body_momentum,1775788980,"{""body_momentum"":0,""time"":1775788980}",1775859991
6173302506,985021106,light_sensitivity_value,1775788920,"{""light_sensitivity_value"":0,""time"":1775788920}",1775859974
6173302506,985021106,body_momentum,1775788920,"{""body_momentum"":0,""time"":1775788920}",1775859991
6173302506,985021106,light_sensitivity_value,1775788860,"{""light_sensitivity_value"":0,""time"":1775788860}",1775859974
6173302506,985021106,body_momentum,1775788860,"{""body_momentum"":0,""time"":1775788860}",1775859991
6173302506,985021106,light_sensitivity_value,1775788800,"{""light_sensitivity_value"":0,""time"":1775788800}",1775859974
6173302506,985021106,body_momentum,1775788800,"{""body_momentum"":0,""time"":1775788800}",1775859991
6173302506,985021106,light_sensitivity_value,1775788740,"{""light_sensitivity_value"":0,""time"":1775788740}",1775859974
6173302506,985021106,body_momentum,1775788740,"{""body_momentum"":0,""time"":1775788740}",1775859991
6173302506,985021106,light_sensitivity_value,1775788680,"{""light_sensitivity_value"":0,""time"":1775788680}",1775859974
6173302506,985021106,body_momentum,1775788680,"{""body_momentum"":0,""time"":1775788680}",1775859991
6173302506,985021106,light_sensitivity_value,1775788620,"{""light_sensitivity_value"":0,""time"":1775788620}",1775859974
6173302506,985021106,body_momentum,1775788620,"{""body_momentum"":0,""time"":1775788620}",1775859991
6173302506,985021106,light_sensitivity_value,1775788560,"{""light_sensitivity_value"":0,""time"":1775788560}",1775859974
6173302506,985021106,body_momentum,1775788560,"{""body_momentum"":0,""time"":1775788560}",1775859991
6173302506,985021106,light_sensitivity_value,1775788500,"{""light_sensitivity_value"":0,""time"":1775788500}",1775859974
6173302506,985021106,body_momentum,1775788500,"{""body_momentum"":0,""time"":1775788500}",1775859991
6173302506,985021106,light_sensitivity_value,1775788440,"{""light_sensitivity_value"":0,""time"":1775788440}",1775859974
6173302506,985021106,body_momentum,1775788440,"{""body_momentum"":0,""time"":1775788440}",1775859991
6173302506,985021106,light_sensitivity_value,1775788380,"{""light_sensitivity_value"":0,""time"":1775788380}",1775859974
6173302506,985021106,body_momentum,1775788380,"{""body_momentum"":0,""time"":1775788380}",1775859991
6173302506,985021106,light_sensitivity_value,1775788320,"{""light_sensitivity_value"":0,""time"":1775788320}",1775859974
6173302506,985021106,body_momentum,1775788320,"{""body_momentum"":0,""time"":1775788320}",1775859991
6173302506,985021106,light_sensitivity_value,1775788260,"{""light_sensitivity_value"":0,""time"":1775788260}",1775859974
6173302506,985021106,body_momentum,1775788260,"{""body_momentum"":0,""time"":1775788260}",1775859991
6173302506,985021106,light_sensitivity_value,1775788200,"{""light_sensitivity_value"":0,""time"":1775788200}",1775859974
6173302506,985021106,body_momentum,1775788200,"{""body_momentum"":0,""time"":1775788200}",1775859991
6173302506,985021106,light_sensitivity_value,1775788140,"{""light_sensitivity_value"":0,""time"":1775788140}",1775859974
6173302506,985021106,body_momentum,1775788140,"{""body_momentum"":0,""time"":1775788140}",1775859991
6173302506,985021106,light_sensitivity_value,1775788080,"{""light_sensitivity_value"":0,""time"":1775788080}",1775859974
6173302506,985021106,body_momentum,1775788080,"{""body_momentum"":0,""time"":1775788080}",1775859991
6173302506,985021106,light_sensitivity_value,1775788020,"{""light_sensitivity_value"":0,""time"":1775788020}",1775859974
6173302506,985021106,body_momentum,1775788020,"{""body_momentum"":0,""time"":1775788020}",1775859990
6173302506,985021106,light_sensitivity_value,1775787960,"{""light_sensitivity_value"":0,""time"":1775787960}",1775859974
6173302506,985021106,body_momentum,1775787960,"{""body_momentum"":0,""time"":1775787960}",1775859990
6173302506,985021106,light_sensitivity_value,1775787900,"{""light_sensitivity_value"":0,""time"":1775787900}",1775859974
6173302506,985021106,body_momentum,1775787900,"{""body_momentum"":0,""time"":1775787900}",1775859990
6173302506,985021106,light_sensitivity_value,1775787840,"{""light_sensitivity_value"":0,""time"":1775787840}",1775859974
6173302506,985021106,body_momentum,1775787840,"{""body_momentum"":0,""time"":1775787840}",1775859990
6173302506,985021106,light_sensitivity_value,1775787780,"{""light_sensitivity_value"":0,""time"":1775787780}",1775859974
6173302506,985021106,body_momentum,1775787780,"{""body_momentum"":0,""time"":1775787780}",1775859990
6173302506,985021106,light_sensitivity_value,1775787720,"{""light_sensitivity_value"":0,""time"":1775787720}",1775859974
6173302506,985021106,body_momentum,1775787720,"{""body_momentum"":0,""time"":1775787720}",1775859990
6173302506,985021106,light_sensitivity_value,1775787660,"{""light_sensitivity_value"":0,""time"":1775787660}",1775859974
6173302506,985021106,body_momentum,1775787660,"{""body_momentum"":0,""time"":1775787660}",1775859990
6173302506,985021106,light_sensitivity_value,1775787600,"{""light_sensitivity_value"":0,""time"":1775787600}",1775859974
6173302506,985021106,body_momentum,1775787600,"{""body_momentum"":0,""time"":1775787600}",1775859990
6173302506,985021106,light_sensitivity_value,1775787540,"{""light_sensitivity_value"":0,""time"":1775787540}",1775859974
6173302506,985021106,body_momentum,1775787540,"{""body_momentum"":0,""time"":1775787540}",1775859990
6173302506,985021106,light_sensitivity_value,1775787480,"{""light_sensitivity_value"":0,""time"":1775787480}",1775859974
6173302506,985021106,body_momentum,1775787480,"{""body_momentum"":0,""time"":1775787480}",1775859990
6173302506,985021106,light_sensitivity_value,1775787420,"{""light_sensitivity_value"":0,""time"":1775787420}",1775859974
6173302506,985021106,body_momentum,1775787420,"{""body_momentum"":0,""time"":1775787420}",1775859990
6173302506,985021106,light_sensitivity_value,1775787360,"{""light_sensitivity_value"":0,""time"":1775787360}",1775859974
6173302506,985021106,body_momentum,1775787360,"{""body_momentum"":0,""time"":1775787360}",1775859990
6173302506,985021106,light_sensitivity_value,1775787300,"{""light_sensitivity_value"":0,""time"":1775787300}",1775859974
6173302506,985021106,body_momentum,1775787300,"{""body_momentum"":0,""time"":1775787300}",1775859990
6173302506,985021106,light_sensitivity_value,1775787240,"{""light_sensitivity_value"":0,""time"":1775787240}",1775859974
6173302506,985021106,body_momentum,1775787240,"{""body_momentum"":0,""time"":1775787240}",1775859990
6173302506,985021106,light_sensitivity_value,1775787180,"{""light_sensitivity_value"":0,""time"":1775787180}",1775859974
6173302506,985021106,body_momentum,1775787180,"{""body_momentum"":0,""time"":1775787180}",1775859990
6173302506,985021106,light_sensitivity_value,1775787120,"{""light_sensitivity_value"":0,""time"":1775787120}",1775859974
6173302506,985021106,body_momentum,1775787120,"{""body_momentum"":0,""time"":1775787120}",1775859990
6173302506,985021106,light_sensitivity_value,1775787060,"{""light_sensitivity_value"":0,""time"":1775787060}",1775859974
6173302506,985021106,body_momentum,1775787060,"{""body_momentum"":0,""time"":1775787060}",1775859990
6173302506,985021106,light_sensitivity_value,1775787000,"{""light_sensitivity_value"":0,""time"":1775787000}",1775859974
6173302506,985021106,body_momentum,1775787000,"{""body_momentum"":0,""time"":1775787000}",1775859990
6173302506,985021106,light_sensitivity_value,1775786940,"{""light_sensitivity_value"":0,""time"":1775786940}",1775859974
6173302506,985021106,body_momentum,1775786940,"{""body_momentum"":0,""time"":1775786940}",1775859990
6173302506,985021106,light_sensitivity_value,1775786880,"{""light_sensitivity_value"":0,""time"":1775786880}",1775859974
6173302506,985021106,body_momentum,1775786880,"{""body_momentum"":0,""time"":1775786880}",1775859990
6173302506,985021106,light_sensitivity_value,1775786820,"{""light_sensitivity_value"":0,""time"":1775786820}",1775859974
6173302506,985021106,body_momentum,1775786820,"{""body_momentum"":0,""time"":1775786820}",1775859990
6173302506,985021106,light_sensitivity_value,1775786760,"{""light_sensitivity_value"":0,""time"":1775786760}",1775859974
6173302506,985021106,body_momentum,1775786760,"{""body_momentum"":0,""time"":1775786760}",1775859990
6173302506,985021106,light_sensitivity_value,1775786700,"{""light_sensitivity_value"":0,""time"":1775786700}",1775859974
6173302506,985021106,body_momentum,1775786700,"{""body_momentum"":0,""time"":1775786700}",1775859990
6173302506,985021106,light_sensitivity_value,1775786640,"{""light_sensitivity_value"":0,""time"":1775786640}",1775859974
6173302506,985021106,body_momentum,1775786640,"{""body_momentum"":0,""time"":1775786640}",1775859990
6173302506,985021106,light_sensitivity_value,1775786580,"{""light_sensitivity_value"":0,""time"":1775786580}",1775859974
6173302506,985021106,body_momentum,1775786580,"{""body_momentum"":0,""time"":1775786580}",1775859990
6173302506,985021106,light_sensitivity_value,1775786520,"{""light_sensitivity_value"":0,""time"":1775786520}",1775859974
6173302506,985021106,body_momentum,1775786520,"{""body_momentum"":0,""time"":1775786520}",1775859990
6173302506,985021106,light_sensitivity_value,1775786460,"{""light_sensitivity_value"":0,""time"":1775786460}",1775859974
6173302506,985021106,body_momentum,1775786460,"{""body_momentum"":0,""time"":1775786460}",1775859990
6173302506,985021106,valid_stand,1775786400,"{""end_time"":1775790000,""start_time"":1775786400}",1775859654
6173302506,985021106,heart_rate,1775793180,"{""time"":1775793180,""bpm"":68,""type"":0}",1775859388
6173302506,985021106,calories,1775792940,"{""time"":1775792940,""calories"":1}",1775859570
6173302506,985021106,calories,1775792760,"{""time"":1775792760,""calories"":1}",1775859570
6173302506,985021106,heart_rate,1775792580,"{""time"":1775792580,""bpm"":76,""type"":0}",1775859388
6173302506,985021106,calories,1775792280,"{""time"":1775792280,""calories"":1}",1775859570
6173302506,985021106,calories,1775792220,"{""time"":1775792220,""calories"":1}",1775859570
6173302506,985021106,calories,1775792100,"{""time"":1775792100,""calories"":1}",1775859570
6173302506,985021106,calories,1775792040,"{""time"":1775792040,""calories"":1}",1775859570
6173302506,985021106,heart_rate,1775791980,"{""time"":1775791980,""bpm"":80,""type"":0}",1775859388
6173302506,985021106,calories,1775791980,"{""time"":1775791980,""calories"":1}",1775859570
6173302506,985021106,calories,1775791920,"{""time"":1775791920,""calories"":2}",1775859570
6173302506,985021106,calories,1775791860,"{""time"":1775791860,""calories"":2}",1775859570
6173302506,985021106,steps,1775791860,"{""time"":1775791860,""steps"":7,""distance"":4,""calories"":2}",1775859508
6173302506,985021106,calories,1775791680,"{""time"":1775791680,""calories"":2}",1775859570
6173302506,hlth.gen_150127125725276,calories,1775791620,"{""time"":1775791620,""calories"":0.88}",1775840581
6173302506,hlth.gen_150127125725276,steps,1775791620,"{""time"":1775791620,""steps"":22,""distance"":13,""calories"":0.88}",1775840580
6173302506,985021106,calories,1775791620,"{""time"":1775791620,""calories"":2}",1775859570
6173302506,985021106,calories,1775791560,"{""time"":1775791560,""calories"":2}",1775859570
6173302506,hlth.gen_150127125725276,calories,1775791560,"{""time"":1775791560,""calories"":0.32}",1775840581
6173302506,hlth.gen_150127125725276,steps,1775791560,"{""time"":1775791560,""steps"":8,""distance"":4,""calories"":0.32}",1775840580
6173302506,985021106,calories,1775791500,"{""time"":1775791500,""calories"":2}",1775859570
6173302506,985021106,calories,1775791440,"{""time"":1775791440,""calories"":2}",1775859570
6173302506,hlth.gen_150127125725276,steps,1775791440,"{""time"":1775791440,""steps"":28,""distance"":16,""calories"":1.12}",1775840580
6173302506,985021106,steps,1775791440,"{""time"":1775791440,""steps"":11,""distance"":7,""calories"":2}",1775859508
6173302506,hlth.gen_150127125725276,calories,1775791440,"{""time"":1775791440,""calories"":1.12}",1775840581
6173302506,hlth.gen_150127125725276,calories,1775791380,"{""time"":1775791380,""calories"":0.68}",1775840581
6173302506,hlth.gen_150127125725276,steps,1775791380,"{""time"":1775791380,""steps"":17,""distance"":10,""calories"":0.68}",1775840580
6173302506,985021106,calories,1775791380,"{""time"":1775791380,""calories"":2}",1775859570
6173302506,985021106,steps,1775791320,"{""time"":1775791320,""steps"":7,""distance"":5,""calories"":3}",1775859508
6173302506,hlth.gen_150127125725276,calories,1775791320,"{""time"":1775791320,""calories"":2.04}",1775840581
6173302506,hlth.gen_150127125725276,steps,1775791320,"{""time"":1775791320,""steps"":51,""distance"":30,""calories"":2.04}",1775840580
6173302506,985021106,calories,1775791320,"{""time"":1775791320,""calories"":3}",1775859570
6173302506,985021106,calories,1775791020,"{""time"":1775791020,""calories"":1}",1775859570
6173302506,985021106,calories,1775790900,"{""time"":1775790900,""calories"":1}",1775859570
6173302506,985021106,heart_rate,1775790780,"{""time"":1775790780,""bpm"":76,""type"":0}",1775859388
6173302506,985021106,calories,1775790720,"{""time"":1775790720,""calories"":1}",1775859570
6173302506,985021106,calories,1775790480,"{""time"":1775790480,""calories"":1}",1775859570
6173302506,985021106,calories,1775790300,"{""time"":1775790300,""calories"":1}",1775859570
6173302506,985021106,heart_rate,1775790180,"{""time"":1775790180,""bpm"":78,""type"":0}",1775859388
6173302506,985021106,calories,1775789880,"{""time"":1775789880,""calories"":1}",1775859570
6173302506,985021106,calories,1775789760,"{""time"":1775789760,""calories"":1}",1775859570
6173302506,985021106,calories,1775789580,"{""time"":1775789580,""calories"":1}",1775859570
6173302506,985021106,heart_rate,1775789580,"{""time"":1775789580,""bpm"":88,""type"":0}",1775859388
6173302506,985021106,calories,1775789460,"{""time"":1775789460,""calories"":1}",1775859570
6173302506,985021106,calories,1775789280,"{""time"":1775789280,""calories"":1}",1775859570
6173302506,985021106,calories,1775789160,"{""time"":1775789160,""calories"":1}",1775859570
6173302506,985021106,heart_rate,1775788980,"{""time"":1775788980,""bpm"":81,""type"":0}",1775859388
6173302506,985021106,calories,1775788920,"{""time"":1775788920,""calories"":1}",1775859570
6173302506,985021106,calories,1775788680,"{""time"":1775788680,""calories"":1}",1775859570
6173302506,985021106,calories,1775788560,"{""time"":1775788560,""calories"":1}",1775859570
6173302506,985021106,heart_rate,1775788380,"{""time"":1775788380,""bpm"":79,""type"":0}",1775859388
6173302506,985021106,calories,1775788200,"{""time"":1775788200,""calories"":1}",1775859570
6173302506,985021106,calories,1775788020,"{""time"":1775788020,""calories"":1}",1775859570
6173302506,985021106,heart_rate,1775787780,"{""time"":1775787780,""bpm"":80,""type"":0}",1775859388
6173302506,985021106,calories,1775787780,"{""time"":1775787780,""calories"":1}",1775859570
6173302506,985021106,calories,1775787660,"{""time"":1775787660,""calories"":1}",1775859570
6173302506,985021106,calories,1775787600,"{""time"":1775787600,""calories"":1}",1775859570
6173302506,985021106,calories,1775787540,"{""time"":1775787540,""calories"":2}",1775859570
6173302506,985021106,calories,1775787360,"{""time"":1775787360,""calories"":1}",1775859570
6173302506,985021106,heart_rate,1775787180,"{""time"":1775787180,""bpm"":74,""type"":0}",1775859388
6173302506,985021106,calories,1775787060,"{""time"":1775787060,""calories"":1}",1775859570
6173302506,985021106,calories,1775786940,"{""time"":1775786940,""calories"":1}",1775859570
6173302506,985021106,calories,1775786760,"{""time"":1775786760,""calories"":1}",1775859570
6173302506,985021106,calories,1775786700,"{""time"":1775786700,""calories"":1}",1775859570
6173302506,985021106,calories,1775786580,"{""time"":1775786580,""calories"":1}",1775859570
6173302506,985021106,heart_rate,1775786580,"{""time"":1775786580,""bpm"":85,""type"":0}",1775859388
6173302506,985021106,calories,1775786460,"{""time"":1775786460,""calories"":2}",1775859570
6173302506,985021106,steps,1775786460,"{""time"":1775786460,""steps"":7,""distance"":4,""calories"":2}",1775859508
6173302506,985021106,light_sensitivity_value,1775786400,"{""light_sensitivity_value"":0,""time"":1775786400}",1775859974
6173302506,985021106,steps,1775786400,"{""time"":1775786400,""steps"":29,""distance"":18,""calories"":2}",1775859508
6173302506,985021106,body_momentum,1775786400,"{""body_momentum"":0,""time"":1775786400}",1775859990
6173302506,985021106,calories,1775786400,"{""time"":1775786400,""calories"":2}",1775859570
6173302506,985021106,body_momentum,1775786340,"{""body_momentum"":0,""time"":1775786340}",1775859990
6173302506,985021106,light_sensitivity_value,1775786340,"{""light_sensitivity_value"":0,""time"":1775786340}",1775859974
6173302506,985021106,light_sensitivity_value,1775786280,"{""light_sensitivity_value"":0,""time"":1775786280}",1775859974
6173302506,985021106,body_momentum,1775786280,"{""body_momentum"":0,""time"":1775786280}",1775859990
6173302506,985021106,light_sensitivity_value,1775786220,"{""light_sensitivity_value"":0,""time"":1775786220}",1775859974
6173302506,985021106,body_momentum,1775786220,"{""body_momentum"":0,""time"":1775786220}",1775859990
6173302506,985021106,light_sensitivity_value,1775786160,"{""light_sensitivity_value"":0,""time"":1775786160}",1775859974
6173302506,985021106,body_momentum,1775786160,"{""body_momentum"":0,""time"":1775786160}",1775859990
6173302506,985021106,body_momentum,1775786100,"{""body_momentum"":0,""time"":1775786100}",1775859990
6173302506,985021106,light_sensitivity_value,1775786100,"{""light_sensitivity_value"":0,""time"":1775786100}",1775859974
6173302506,985021106,body_momentum,1775786040,"{""body_momentum"":0,""time"":1775786040}",1775859990
6173302506,985021106,light_sensitivity_value,1775786040,"{""light_sensitivity_value"":0,""time"":1775786040}",1775859974
6173302506,985021106,light_sensitivity_value,1775785980,"{""light_sensitivity_value"":0,""time"":1775785980}",1775859974
6173302506,985021106,body_momentum,1775785980,"{""body_momentum"":0,""time"":1775785980}",1775859990
6173302506,985021106,light_sensitivity_value,1775785920,"{""light_sensitivity_value"":0,""time"":1775785920}",1775859974
6173302506,985021106,body_momentum,1775785920,"{""body_momentum"":0,""time"":1775785920}",1775859990
6173302506,985021106,light_sensitivity_value,1775785860,"{""light_sensitivity_value"":0,""time"":1775785860}",1775859974
6173302506,985021106,body_momentum,1775785860,"{""body_momentum"":0,""time"":1775785860}",1775859990
6173302506,985021106,light_sensitivity_value,1775785800,"{""light_sensitivity_value"":0,""time"":1775785800}",1775859974
6173302506,985021106,body_momentum,1775785800,"{""body_momentum"":0,""time"":1775785800}",1775859990
6173302506,985021106,light_sensitivity_value,1775785740,"{""light_sensitivity_value"":0,""time"":1775785740}",1775859974
6173302506,985021106,body_momentum,1775785740,"{""body_momentum"":0,""time"":1775785740}",1775859990
6173302506,985021106,light_sensitivity_value,1775785680,"{""light_sensitivity_value"":0,""time"":1775785680}",1775859974
6173302506,985021106,body_momentum,1775785680,"{""body_momentum"":0,""time"":1775785680}",1775859990
6173302506,985021106,light_sensitivity_value,1775785620,"{""light_sensitivity_value"":0,""time"":1775785620}",1775859974
6173302506,985021106,body_momentum,1775785620,"{""body_momentum"":0,""time"":1775785620}",1775859990
6173302506,985021106,light_sensitivity_value,1775785560,"{""light_sensitivity_value"":0,""time"":1775785560}",1775859974
6173302506,985021106,body_momentum,1775785560,"{""body_momentum"":0,""time"":1775785560}",1775859990
6173302506,985021106,light_sensitivity_value,1775785500,"{""light_sensitivity_value"":0,""time"":1775785500}",1775859974
6173302506,985021106,body_momentum,1775785500,"{""body_momentum"":0,""time"":1775785500}",1775859990
6173302506,985021106,light_sensitivity_value,1775785440,"{""light_sensitivity_value"":0,""time"":1775785440}",1775859974
6173302506,985021106,body_momentum,1775785440,"{""body_momentum"":0,""time"":1775785440}",1775859990
6173302506,985021106,light_sensitivity_value,1775785380,"{""light_sensitivity_value"":0,""time"":1775785380}",1775859974
6173302506,985021106,body_momentum,1775785380,"{""body_momentum"":0,""time"":1775785380}",1775859990
6173302506,985021106,light_sensitivity_value,1775785320,"{""light_sensitivity_value"":0,""time"":1775785320}",1775859974
6173302506,985021106,body_momentum,1775785320,"{""body_momentum"":0,""time"":1775785320}",1775859990
6173302506,985021106,light_sensitivity_value,1775785260,"{""light_sensitivity_value"":0,""time"":1775785260}",1775859974
6173302506,985021106,body_momentum,1775785260,"{""body_momentum"":0,""time"":1775785260}",1775859990
6173302506,985021106,light_sensitivity_value,1775785200,"{""light_sensitivity_value"":0,""time"":1775785200}",1775859974
6173302506,985021106,body_momentum,1775785200,"{""body_momentum"":0,""time"":1775785200}",1775859990
6173302506,985021106,light_sensitivity_value,1775785140,"{""light_sensitivity_value"":0,""time"":1775785140}",1775859974
6173302506,985021106,body_momentum,1775785140,"{""body_momentum"":0,""time"":1775785140}",1775859990
6173302506,985021106,light_sensitivity_value,1775785080,"{""light_sensitivity_value"":0,""time"":1775785080}",1775859974
6173302506,985021106,body_momentum,1775785080,"{""body_momentum"":0,""time"":1775785080}",1775859990
6173302506,985021106,light_sensitivity_value,1775785020,"{""light_sensitivity_value"":0,""time"":1775785020}",1775859974
6173302506,985021106,body_momentum,1775785020,"{""body_momentum"":0,""time"":1775785020}",1775859990
6173302506,985021106,light_sensitivity_value,1775784960,"{""light_sensitivity_value"":0,""time"":1775784960}",1775859974
6173302506,985021106,body_momentum,1775784960,"{""body_momentum"":0,""time"":1775784960}",1775859990
6173302506,985021106,light_sensitivity_value,1775784900,"{""light_sensitivity_value"":0,""time"":1775784900}",1775859974
6173302506,985021106,body_momentum,1775784900,"{""body_momentum"":0,""time"":1775784900}",1775859990
6173302506,985021106,light_sensitivity_value,1775784840,"{""light_sensitivity_value"":0,""time"":1775784840}",1775859974
6173302506,985021106,body_momentum,1775784840,"{""body_momentum"":0,""time"":1775784840}",1775859990
6173302506,985021106,light_sensitivity_value,1775784780,"{""light_sensitivity_value"":0,""time"":1775784780}",1775859974
6173302506,985021106,body_momentum,1775784780,"{""body_momentum"":0,""time"":1775784780}",1775859990
6173302506,985021106,light_sensitivity_value,1775784720,"{""light_sensitivity_value"":0,""time"":1775784720}",1775859974
6173302506,985021106,body_momentum,1775784720,"{""body_momentum"":0,""time"":1775784720}",1775859990
6173302506,985021106,light_sensitivity_value,1775784660,"{""light_sensitivity_value"":0,""time"":1775784660}",1775859974
6173302506,985021106,body_momentum,1775784660,"{""body_momentum"":0,""time"":1775784660}",1775859990
6173302506,985021106,light_sensitivity_value,1775784600,"{""light_sensitivity_value"":0,""time"":1775784600}",1775859974
6173302506,985021106,body_momentum,1775784600,"{""body_momentum"":0,""time"":1775784600}",1775859990
6173302506,985021106,light_sensitivity_value,1775784540,"{""light_sensitivity_value"":0,""time"":1775784540}",1775859974
6173302506,985021106,body_momentum,1775784540,"{""body_momentum"":0,""time"":1775784540}",1775859990
6173302506,985021106,light_sensitivity_value,1775784480,"{""light_sensitivity_value"":0,""time"":1775784480}",1775859974
6173302506,985021106,body_momentum,1775784480,"{""body_momentum"":0,""time"":1775784480}",1775859990
6173302506,985021106,light_sensitivity_value,1775784420,"{""light_sensitivity_value"":0,""time"":1775784420}",1775859973
6173302506,985021106,body_momentum,1775784420,"{""body_momentum"":0,""time"":1775784420}",1775859990
6173302506,985021106,light_sensitivity_value,1775784360,"{""light_sensitivity_value"":0,""time"":1775784360}",1775859973
6173302506,985021106,body_momentum,1775784360,"{""body_momentum"":0,""time"":1775784360}",1775859990
6173302506,985021106,light_sensitivity_value,1775784300,"{""light_sensitivity_value"":0,""time"":1775784300}",1775859973
6173302506,985021106,body_momentum,1775784300,"{""body_momentum"":0,""time"":1775784300}",1775859990
6173302506,985021106,light_sensitivity_value,1775784240,"{""light_sensitivity_value"":0,""time"":1775784240}",1775859973
6173302506,985021106,body_momentum,1775784240,"{""body_momentum"":0,""time"":1775784240}",1775859990
6173302506,985021106,light_sensitivity_value,1775784180,"{""light_sensitivity_value"":0,""time"":1775784180}",1775859973
6173302506,985021106,body_momentum,1775784180,"{""body_momentum"":0,""time"":1775784180}",1775859990
6173302506,985021106,light_sensitivity_value,1775784120,"{""light_sensitivity_value"":0,""time"":1775784120}",1775859973
6173302506,985021106,body_momentum,1775784120,"{""body_momentum"":0,""time"":1775784120}",1775859990
6173302506,985021106,light_sensitivity_value,1775784060,"{""light_sensitivity_value"":0,""time"":1775784060}",1775859973
6173302506,985021106,body_momentum,1775784060,"{""body_momentum"":0,""time"":1775784060}",1775859990
6173302506,985021106,light_sensitivity_value,1775784000,"{""light_sensitivity_value"":0,""time"":1775784000}",1775859973
6173302506,985021106,body_momentum,1775784000,"{""body_momentum"":0,""time"":1775784000}",1775859990
6173302506,985021106,light_sensitivity_value,1775783940,"{""light_sensitivity_value"":0,""time"":1775783940}",1775859973
6173302506,985021106,body_momentum,1775783940,"{""body_momentum"":0,""time"":1775783940}",1775859990
6173302506,985021106,light_sensitivity_value,1775783880,"{""light_sensitivity_value"":0,""time"":1775783880}",1775859973
6173302506,985021106,body_momentum,1775783880,"{""body_momentum"":0,""time"":1775783880}",1775859990
6173302506,985021106,light_sensitivity_value,1775783820,"{""light_sensitivity_value"":0,""time"":1775783820}",1775859973
6173302506,985021106,body_momentum,1775783820,"{""body_momentum"":0,""time"":1775783820}",1775859990
6173302506,985021106,light_sensitivity_value,1775783760,"{""light_sensitivity_value"":0,""time"":1775783760}",1775859973
6173302506,985021106,body_momentum,1775783760,"{""body_momentum"":0,""time"":1775783760}",1775859990
6173302506,985021106,light_sensitivity_value,1775783700,"{""light_sensitivity_value"":0,""time"":1775783700}",1775859973
6173302506,985021106,body_momentum,1775783700,"{""body_momentum"":0,""time"":1775783700}",1775859990
6173302506,985021106,light_sensitivity_value,1775783640,"{""light_sensitivity_value"":0,""time"":1775783640}",1775859973
6173302506,985021106,body_momentum,1775783640,"{""body_momentum"":0,""time"":1775783640}",1775859990
6173302506,985021106,light_sensitivity_value,1775783580,"{""light_sensitivity_value"":0,""time"":1775783580}",1775859973
6173302506,985021106,body_momentum,1775783580,"{""body_momentum"":0,""time"":1775783580}",1775859990
6173302506,985021106,light_sensitivity_value,1775783520,"{""light_sensitivity_value"":0,""time"":1775783520}",1775859973
6173302506,985021106,body_momentum,1775783520,"{""body_momentum"":0,""time"":1775783520}",1775859990
6173302506,985021106,light_sensitivity_value,1775783460,"{""light_sensitivity_value"":0,""time"":1775783460}",1775859973
6173302506,985021106,body_momentum,1775783460,"{""body_momentum"":0,""time"":1775783460}",1775859990
6173302506,985021106,light_sensitivity_value,1775783400,"{""light_sensitivity_value"":0,""time"":1775783400}",1775859973
6173302506,985021106,body_momentum,1775783400,"{""body_momentum"":0,""time"":1775783400}",1775859990
6173302506,985021106,light_sensitivity_value,1775783340,"{""light_sensitivity_value"":0,""time"":1775783340}",1775859973
6173302506,985021106,body_momentum,1775783340,"{""body_momentum"":0,""time"":1775783340}",1775859990
6173302506,985021106,light_sensitivity_value,1775783280,"{""light_sensitivity_value"":0,""time"":1775783280}",1775859973
6173302506,985021106,body_momentum,1775783280,"{""body_momentum"":0,""time"":1775783280}",1775859990
6173302506,985021106,light_sensitivity_value,1775783220,"{""light_sensitivity_value"":0,""time"":1775783220}",1775859973
6173302506,985021106,body_momentum,1775783220,"{""body_momentum"":0,""time"":1775783220}",1775859990
6173302506,985021106,light_sensitivity_value,1775783160,"{""light_sensitivity_value"":0,""time"":1775783160}",1775859973
6173302506,985021106,body_momentum,1775783160,"{""body_momentum"":0,""time"":1775783160}",1775859990
6173302506,985021106,light_sensitivity_value,1775783100,"{""light_sensitivity_value"":0,""time"":1775783100}",1775859973
6173302506,985021106,body_momentum,1775783100,"{""body_momentum"":0,""time"":1775783100}",1775859990
6173302506,985021106,light_sensitivity_value,1775783040,"{""light_sensitivity_value"":0,""time"":1775783040}",1775859973
6173302506,985021106,body_momentum,1775783040,"{""body_momentum"":0,""time"":1775783040}",1775859990
6173302506,985021106,light_sensitivity_value,1775782980,"{""light_sensitivity_value"":0,""time"":1775782980}",1775859973
6173302506,985021106,body_momentum,1775782980,"{""body_momentum"":0,""time"":1775782980}",1775859990
6173302506,985021106,light_sensitivity_value,1775782920,"{""light_sensitivity_value"":0,""time"":1775782920}",1775859973
6173302506,985021106,body_momentum,1775782920,"{""body_momentum"":0,""time"":1775782920}",1775859990
6173302506,985021106,light_sensitivity_value,1775782860,"{""light_sensitivity_value"":0,""time"":1775782860}",1775859973
6173302506,985021106,body_momentum,1775782860,"{""body_momentum"":0,""time"":1775782860}",1775859990
6173302506,985021106,valid_stand,1775782800,"{""end_time"":1775786400,""start_time"":1775782800}",1775859654
6173302506,985021106,light_sensitivity_value,1775782800,"{""light_sensitivity_value"":0,""time"":1775782800}",1775859973
6173302506,985021106,body_momentum,1775782800,"{""body_momentum"":0,""time"":1775782800}",1775859990
6173302506,985021106,light_sensitivity_value,1775782740,"{""light_sensitivity_value"":0,""time"":1775782740}",1775859973
6173302506,985021106,body_momentum,1775782740,"{""body_momentum"":0,""time"":1775782740}",1775859990
6173302506,985021106,light_sensitivity_value,1775782680,"{""light_sensitivity_value"":0,""time"":1775782680}",1775859973
6173302506,985021106,body_momentum,1775782680,"{""body_momentum"":0,""time"":1775782680}",1775859990
6173302506,985021106,light_sensitivity_value,1775782620,"{""light_sensitivity_value"":0,""time"":1775782620}",1775859973
6173302506,985021106,body_momentum,1775782620,"{""body_momentum"":0,""time"":1775782620}",1775859990
6173302506,985021106,light_sensitivity_value,1775782560,"{""light_sensitivity_value"":0,""time"":1775782560}",1775859973
6173302506,985021106,body_momentum,1775782560,"{""body_momentum"":0,""time"":1775782560}",1775859990
6173302506,985021106,light_sensitivity_value,1775782500,"{""light_sensitivity_value"":0,""time"":1775782500}",1775859973
6173302506,985021106,body_momentum,1775782500,"{""body_momentum"":0,""time"":1775782500}",1775859990
6173302506,985021106,light_sensitivity_value,1775782440,"{""light_sensitivity_value"":0,""time"":1775782440}",1775859973
6173302506,985021106,body_momentum,1775782440,"{""body_momentum"":0,""time"":1775782440}",1775859990
6173302506,985021106,light_sensitivity_value,1775782380,"{""light_sensitivity_value"":0,""time"":1775782380}",1775859973
6173302506,985021106,body_momentum,1775782380,"{""body_momentum"":0,""time"":1775782380}",1775859990
6173302506,985021106,light_sensitivity_value,1775782320,"{""light_sensitivity_value"":0,""time"":1775782320}",1775859973
6173302506,985021106,body_momentum,1775782320,"{""body_momentum"":0,""time"":1775782320}",1775859990
6173302506,985021106,light_sensitivity_value,1775782260,"{""light_sensitivity_value"":0,""time"":1775782260}",1775859973
6173302506,985021106,body_momentum,1775782260,"{""body_momentum"":0,""time"":1775782260}",1775859990
6173302506,985021106,light_sensitivity_value,1775782200,"{""light_sensitivity_value"":0,""time"":1775782200}",1775859973
6173302506,985021106,body_momentum,1775782200,"{""body_momentum"":0,""time"":1775782200}",1775859990
6173302506,985021106,light_sensitivity_value,1775782140,"{""light_sensitivity_value"":0,""time"":1775782140}",1775859973
6173302506,985021106,body_momentum,1775782140,"{""body_momentum"":0,""time"":1775782140}",1775859990
6173302506,985021106,light_sensitivity_value,1775782080,"{""light_sensitivity_value"":0,""time"":1775782080}",1775859973
6173302506,985021106,body_momentum,1775782080,"{""body_momentum"":0,""time"":1775782080}",1775859990
6173302506,985021106,light_sensitivity_value,1775782020,"{""light_sensitivity_value"":0,""time"":1775782020}",1775859973
6173302506,985021106,body_momentum,1775782020,"{""body_momentum"":0,""time"":1775782020}",1775859990
6173302506,985021106,light_sensitivity_value,1775781960,"{""light_sensitivity_value"":0,""time"":1775781960}",1775859973
6173302506,985021106,body_momentum,1775781960,"{""body_momentum"":0,""time"":1775781960}",1775859990
6173302506,985021106,light_sensitivity_value,1775781900,"{""light_sensitivity_value"":0,""time"":1775781900}",1775859973
6173302506,985021106,body_momentum,1775781900,"{""body_momentum"":0,""time"":1775781900}",1775859990
6173302506,985021106,light_sensitivity_value,1775781840,"{""light_sensitivity_value"":0,""time"":1775781840}",1775859973
6173302506,985021106,body_momentum,1775781840,"{""body_momentum"":0,""time"":1775781840}",1775859990
6173302506,985021106,light_sensitivity_value,1775781780,"{""light_sensitivity_value"":0,""time"":1775781780}",1775859973
6173302506,985021106,body_momentum,1775781780,"{""body_momentum"":0,""time"":1775781780}",1775859990
6173302506,985021106,light_sensitivity_value,1775781720,"{""light_sensitivity_value"":0,""time"":1775781720}",1775859973
6173302506,985021106,body_momentum,1775781720,"{""body_momentum"":0,""time"":1775781720}",1775859990
6173302506,985021106,light_sensitivity_value,1775781660,"{""light_sensitivity_value"":0,""time"":1775781660}",1775859973
6173302506,985021106,body_momentum,1775781660,"{""body_momentum"":0,""time"":1775781660}",1775859990
6173302506,985021106,light_sensitivity_value,1775781600,"{""light_sensitivity_value"":0,""time"":1775781600}",1775859973
6173302506,985021106,body_momentum,1775781600,"{""body_momentum"":0,""time"":1775781600}",1775859990
6173302506,985021106,light_sensitivity_value,1775781540,"{""light_sensitivity_value"":0,""time"":1775781540}",1775859973
6173302506,985021106,body_momentum,1775781540,"{""body_momentum"":0,""time"":1775781540}",1775859990
6173302506,985021106,light_sensitivity_value,1775781480,"{""light_sensitivity_value"":0,""time"":1775781480}",1775859973
6173302506,985021106,body_momentum,1775781480,"{""body_momentum"":0,""time"":1775781480}",1775859990
6173302506,985021106,light_sensitivity_value,1775781420,"{""light_sensitivity_value"":0,""time"":1775781420}",1775859973
6173302506,985021106,body_momentum,1775781420,"{""body_momentum"":0,""time"":1775781420}",1775859990
6173302506,985021106,light_sensitivity_value,1775781360,"{""light_sensitivity_value"":0,""time"":1775781360}",1775859973
6173302506,985021106,body_momentum,1775781360,"{""body_momentum"":0,""time"":1775781360}",1775859990
6173302506,985021106,light_sensitivity_value,1775781300,"{""light_sensitivity_value"":0,""time"":1775781300}",1775859973
6173302506,985021106,body_momentum,1775781300,"{""body_momentum"":0,""time"":1775781300}",1775859990
6173302506,985021106,light_sensitivity_value,1775781240,"{""light_sensitivity_value"":0,""time"":1775781240}",1775859973
6173302506,985021106,body_momentum,1775781240,"{""body_momentum"":0,""time"":1775781240}",1775859990
6173302506,985021106,light_sensitivity_value,1775781180,"{""light_sensitivity_value"":0,""time"":1775781180}",1775859973
6173302506,985021106,body_momentum,1775781180,"{""body_momentum"":0,""time"":1775781180}",1775859990
6173302506,985021106,light_sensitivity_value,1775781120,"{""light_sensitivity_value"":0,""time"":1775781120}",1775859973
6173302506,985021106,body_momentum,1775781120,"{""body_momentum"":0,""time"":1775781120}",1775859990
6173302506,985021106,light_sensitivity_value,1775781060,"{""light_sensitivity_value"":0,""time"":1775781060}",1775859973
6173302506,985021106,body_momentum,1775781060,"{""body_momentum"":0,""time"":1775781060}",1775859990
6173302506,985021106,light_sensitivity_value,1775781000,"{""light_sensitivity_value"":0,""time"":1775781000}",1775859973
6173302506,985021106,body_momentum,1775781000,"{""body_momentum"":0,""time"":1775781000}",1775859990
6173302506,985021106,light_sensitivity_value,1775780940,"{""light_sensitivity_value"":0,""time"":1775780940}",1775859973
6173302506,985021106,body_momentum,1775780940,"{""body_momentum"":0,""time"":1775780940}",1775859990
6173302506,985021106,light_sensitivity_value,1775780880,"{""light_sensitivity_value"":0,""time"":1775780880}",1775859973
6173302506,985021106,body_momentum,1775780880,"{""body_momentum"":0,""time"":1775780880}",1775859990
6173302506,985021106,light_sensitivity_value,1775780820,"{""light_sensitivity_value"":0,""time"":1775780820}",1775859972
6173302506,985021106,body_momentum,1775780820,"{""body_momentum"":0,""time"":1775780820}",1775859989
6173302506,985021106,light_sensitivity_value,1775780760,"{""light_sensitivity_value"":0,""time"":1775780760}",1775859972
6173302506,985021106,body_momentum,1775780760,"{""body_momentum"":0,""time"":1775780760}",1775859989
6173302506,985021106,light_sensitivity_value,1775780700,"{""light_sensitivity_value"":0,""time"":1775780700}",1775859972
6173302506,985021106,body_momentum,1775780700,"{""body_momentum"":0,""time"":1775780700}",1775859989
6173302506,985021106,light_sensitivity_value,1775780640,"{""light_sensitivity_value"":0,""time"":1775780640}",1775859972
6173302506,985021106,body_momentum,1775780640,"{""body_momentum"":0,""time"":1775780640}",1775859989
6173302506,985021106,light_sensitivity_value,1775780580,"{""light_sensitivity_value"":0,""time"":1775780580}",1775859972
6173302506,985021106,body_momentum,1775780580,"{""body_momentum"":0,""time"":1775780580}",1775859989
6173302506,985021106,light_sensitivity_value,1775780520,"{""light_sensitivity_value"":0,""time"":1775780520}",1775859972
6173302506,985021106,body_momentum,1775780520,"{""body_momentum"":0,""time"":1775780520}",1775859989
6173302506,985021106,light_sensitivity_value,1775780460,"{""light_sensitivity_value"":0,""time"":1775780460}",1775859972
6173302506,985021106,body_momentum,1775780460,"{""body_momentum"":0,""time"":1775780460}",1775859989
6173302506,985021106,light_sensitivity_value,1775780400,"{""light_sensitivity_value"":0,""time"":1775780400}",1775859972
6173302506,985021106,body_momentum,1775780400,"{""body_momentum"":0,""time"":1775780400}",1775859989
6173302506,985021106,light_sensitivity_value,1775780340,"{""light_sensitivity_value"":0,""time"":1775780340}",1775859972
6173302506,985021106,body_momentum,1775780340,"{""body_momentum"":0,""time"":1775780340}",1775859989
6173302506,985021106,light_sensitivity_value,1775780280,"{""light_sensitivity_value"":0,""time"":1775780280}",1775859972
6173302506,985021106,body_momentum,1775780280,"{""body_momentum"":0,""time"":1775780280}",1775859989
6173302506,985021106,light_sensitivity_value,1775780220,"{""light_sensitivity_value"":0,""time"":1775780220}",1775859972
6173302506,985021106,body_momentum,1775780220,"{""body_momentum"":0,""time"":1775780220}",1775859989
6173302506,985021106,light_sensitivity_value,1775780160,"{""light_sensitivity_value"":0,""time"":1775780160}",1775859972
6173302506,985021106,body_momentum,1775780160,"{""body_momentum"":0,""time"":1775780160}",1775859989
6173302506,985021106,light_sensitivity_value,1775780100,"{""light_sensitivity_value"":0,""time"":1775780100}",1775859972
6173302506,985021106,body_momentum,1775780100,"{""body_momentum"":0,""time"":1775780100}",1775859989
6173302506,985021106,light_sensitivity_value,1775780040,"{""light_sensitivity_value"":0,""time"":1775780040}",1775859972
6173302506,985021106,body_momentum,1775780040,"{""body_momentum"":0,""time"":1775780040}",1775859989
6173302506,985021106,light_sensitivity_value,1775779980,"{""light_sensitivity_value"":0,""time"":1775779980}",1775859972
6173302506,985021106,body_momentum,1775779980,"{""body_momentum"":0,""time"":1775779980}",1775859989
6173302506,985021106,light_sensitivity_value,1775779920,"{""light_sensitivity_value"":0,""time"":1775779920}",1775859972
6173302506,985021106,body_momentum,1775779920,"{""body_momentum"":0,""time"":1775779920}",1775859989
6173302506,985021106,light_sensitivity_value,1775779860,"{""light_sensitivity_value"":0,""time"":1775779860}",1775859972
6173302506,985021106,body_momentum,1775779860,"{""body_momentum"":0,""time"":1775779860}",1775859989
6173302506,985021106,light_sensitivity_value,1775779800,"{""light_sensitivity_value"":0,""time"":1775779800}",1775859972
6173302506,985021106,body_momentum,1775779800,"{""body_momentum"":0,""time"":1775779800}",1775859989
6173302506,985021106,light_sensitivity_value,1775779740,"{""light_sensitivity_value"":0,""time"":1775779740}",1775859972
6173302506,985021106,body_momentum,1775779740,"{""body_momentum"":0,""time"":1775779740}",1775859989
6173302506,985021106,light_sensitivity_value,1775779680,"{""light_sensitivity_value"":0,""time"":1775779680}",1775859972
6173302506,985021106,body_momentum,1775779680,"{""body_momentum"":0,""time"":1775779680}",1775859989
6173302506,985021106,light_sensitivity_value,1775779620,"{""light_sensitivity_value"":0,""time"":1775779620}",1775859972
6173302506,985021106,body_momentum,1775779620,"{""body_momentum"":0,""time"":1775779620}",1775859989
6173302506,985021106,light_sensitivity_value,1775779560,"{""light_sensitivity_value"":0,""time"":1775779560}",1775859972
6173302506,985021106,body_momentum,1775779560,"{""body_momentum"":0,""time"":1775779560}",1775859989
6173302506,985021106,light_sensitivity_value,1775779500,"{""light_sensitivity_value"":0,""time"":1775779500}",1775859972
6173302506,985021106,body_momentum,1775779500,"{""body_momentum"":0,""time"":1775779500}",1775859989
6173302506,985021106,light_sensitivity_value,1775779440,"{""light_sensitivity_value"":0,""time"":1775779440}",1775859972
6173302506,985021106,body_momentum,1775779440,"{""body_momentum"":0,""time"":1775779440}",1775859989
6173302506,985021106,steps,1775786340,"{""time"":1775786340,""steps"":3,""distance"":2,""calories"":3}",1775859508
6173302506,985021106,calories,1775786340,"{""time"":1775786340,""calories"":3}",1775859570
6173302506,985021106,steps,1775786280,"{""time"":1775786280,""steps"":72,""distance"":46,""calories"":2}",1775859508
6173302506,985021106,calories,1775786280,"{""time"":1775786280,""calories"":2}",1775859570
6173302506,985021106,calories,1775786220,"{""time"":1775786220,""calories"":1}",1775859570
6173302506,985021106,steps,1775786220,"{""time"":1775786220,""steps"":21,""distance"":13,""calories"":1}",1775859508
6173302506,985021106,calories,1775786160,"{""time"":1775786160,""calories"":3}",1775859570
6173302506,985021106,steps,1775786100,"{""time"":1775786100,""steps"":60,""distance"":38,""calories"":2}",1775859508
6173302506,985021106,calories,1775786100,"{""time"":1775786100,""calories"":2}",1775859570
6173302506,985021106,heart_rate,1775785980,"{""time"":1775785980,""bpm"":70,""type"":0}",1775859388
6173302506,985021106,calories,1775785800,"{""time"":1775785800,""calories"":1}",1775859570
6173302506,985021106,heart_rate,1775785380,"{""time"":1775785380,""bpm"":69,""type"":0}",1775859388
6173302506,985021106,calories,1775785020,"{""time"":1775785020,""calories"":1}",1775859570
6173302506,985021106,calories,1775784960,"{""time"":1775784960,""calories"":1}",1775859570
6173302506,985021106,calories,1775784840,"{""time"":1775784840,""calories"":1}",1775859570
6173302506,985021106,heart_rate,1775784780,"{""time"":1775784780,""bpm"":66,""type"":0}",1775859388
6173302506,985021106,calories,1775784660,"{""time"":1775784660,""calories"":1}",1775859570
6173302506,985021106,heart_rate,1775784180,"{""time"":1775784180,""bpm"":71,""type"":0}",1775859388
6173302506,985021106,calories,1775784120,"{""time"":1775784120,""calories"":1}",1775859570
6173302506,985021106,calories,1775783580,"{""time"":1775783580,""calories"":1}",1775859570
6173302506,985021106,heart_rate,1775783580,"{""time"":1775783580,""bpm"":68,""type"":0}",1775859388
6173302506,985021106,calories,1775783340,"{""time"":1775783340,""calories"":1}",1775859570
6173302506,985021106,steps,1775783160,"{""time"":1775783160,""steps"":12,""distance"":8,""calories"":0}",1775859508
6173302506,985021106,calories,1775783100,"{""time"":1775783100,""calories"":1}",1775859570
6173302506,985021106,heart_rate,1775782980,"{""time"":1775782980,""bpm"":76,""type"":0}",1775859388
6173302506,985021106,calories,1775782620,"{""time"":1775782620,""calories"":1}",1775859570
6173302506,985021106,calories,1775782440,"{""time"":1775782440,""calories"":1}",1775859570
6173302506,985021106,calories,1775782380,"{""time"":1775782380,""calories"":1}",1775859570
6173302506,985021106,calories,1775782260,"{""time"":1775782260,""calories"":1}",1775859570
6173302506,985021106,steps,1775782200,"{""time"":1775782200,""steps"":11,""distance"":6,""calories"":1}",1775859508
6173302506,985021106,calories,1775782200,"{""time"":1775782200,""calories"":1}",1775859570
6173302506,985021106,steps,1775782140,"{""time"":1775782140,""steps"":47,""distance"":30,""calories"":2}",1775859508
6173302506,985021106,calories,1775782140,"{""time"":1775782140,""calories"":2}",1775859570
6173302506,985021106,steps,1775782080,"{""time"":1775782080,""steps"":27,""distance"":17,""calories"":1}",1775859508
6173302506,985021106,calories,1775782080,"{""time"":1775782080,""calories"":1}",1775859570
6173302506,985021106,calories,1775782020,"{""time"":1775782020,""calories"":3}",1775859570
6173302506,985021106,steps,1775782020,"{""time"":1775782020,""steps"":38,""distance"":24,""calories"":3}",1775859508
6173302506,985021106,calories,1775781960,"{""time"":1775781960,""calories"":1}",1775859570
6173302506,985021106,steps,1775781960,"{""time"":1775781960,""steps"":19,""distance"":12,""calories"":1}",1775859508
6173302506,985021106,calories,1775781900,"{""time"":1775781900,""calories"":2}",1775859570
6173302506,985021106,heart_rate,1775781780,"{""time"":1775781780,""bpm"":79,""type"":0}",1775859388
6173302506,985021106,calories,1775781360,"{""time"":1775781360,""calories"":1}",1775859570
6173302506,985021106,heart_rate,1775781180,"{""time"":1775781180,""bpm"":74,""type"":0}",1775859388
6173302506,985021106,calories,1775781060,"{""time"":1775781060,""calories"":1}",1775859570
6173302506,985021106,calories,1775780880,"{""time"":1775780880,""calories"":1}",1775859570
6173302506,985021106,calories,1775780760,"{""time"":1775780760,""calories"":1}",1775859570
6173302506,hlth.gen_150127125725276,calories,1775780700,"{""time"":1775780700,""calories"":1}",1775791545
6173302506,hlth.gen_150127125725276,steps,1775780700,"{""time"":1775780700,""steps"":25,""distance"":15,""calories"":1}",1775791545
6173302506,985021106,calories,1775780700,"{""time"":1775780700,""calories"":2}",1775859570
6173302506,985021106,calories,1775780640,"{""time"":1775780640,""calories"":1}",1775859570
6173302506,985021106,calories,1775780460,"{""time"":1775780460,""calories"":1}",1775859570
6173302506,985021106,calories,1775780400,"{""time"":1775780400,""calories"":1}",1775859570
6173302506,985021106,calories,1775780100,"{""time"":1775780100,""calories"":1}",1775859570
6173302506,985021106,calories,1775779980,"{""time"":1775779980,""calories"":1}",1775859570
6173302506,985021106,heart_rate,1775779980,"{""time"":1775779980,""bpm"":68,""type"":0}",1775859388
6173302506,985021106,calories,1775779800,"{""time"":1775779800,""calories"":1}",1775859570
6173302506,985021106,calories,1775779560,"{""time"":1775779560,""calories"":1}",1775859570
6173302506,985021106,calories,1775779500,"{""time"":1775779500,""calories"":1}",1775859570
6173302506,985021106,light_sensitivity_value,1775779380,"{""light_sensitivity_value"":0,""time"":1775779380}",1775859972
6173302506,985021106,body_momentum,1775779380,"{""body_momentum"":0,""time"":1775779380}",1775859989
6173302506,985021106,heart_rate,1775779380,"{""time"":1775779380,""bpm"":77,""type"":0}",1775859388
6173302506,985021106,body_momentum,1775779320,"{""body_momentum"":0,""time"":1775779320}",1775859989
6173302506,985021106,light_sensitivity_value,1775779320,"{""light_sensitivity_value"":0,""time"":1775779320}",1775859972
6173302506,985021106,light_sensitivity_value,1775779260,"{""light_sensitivity_value"":0,""time"":1775779260}",1775859972
6173302506,985021106,calories,1775779260,"{""time"":1775779260,""calories"":1}",1775859570
6173302506,985021106,body_momentum,1775779260,"{""body_momentum"":0,""time"":1775779260}",1775859989
6173302506,985021106,body_momentum,1775779200,"{""body_momentum"":0,""time"":1775779200}",1775859989
6173302506,985021106,light_sensitivity_value,1775779200,"{""light_sensitivity_value"":0,""time"":1775779200}",1775859972
6173302506,985021106,resting_heart_rate,1775779200,"{""bpm"":65,""date_time"":1775779200}",1775864419
6173302506,985021106,vitality,1775779200,"{""daily_high_intensity_vitality"":0,""daily_low_intensity_vitality"":2,""daily_medium_intensity_vitality"":1,""suggested_activity_duration"":9,""suggested_activity_type"":1,""date_time"":1775779200,""latest_accumulated_vitality"":20}",1775864420
6173302506,985021106,valid_stand,1775779200,"{""end_time"":1775782800,""start_time"":1775779200}",1775859654
6173302506,985021106,light_sensitivity_value,1775779140,"{""light_sensitivity_value"":0,""time"":1775779140}",1775859972
6173302506,985021106,body_momentum,1775779140,"{""body_momentum"":0,""time"":1775779140}",1775859989
6173302506,985021106,light_sensitivity_value,1775779080,"{""light_sensitivity_value"":0,""time"":1775779080}",1775859972
6173302506,985021106,body_momentum,1775779080,"{""body_momentum"":0,""time"":1775779080}",1775859989
6173302506,985021106,light_sensitivity_value,1775779020,"{""light_sensitivity_value"":0,""time"":1775779020}",1775859972
6173302506,985021106,body_momentum,1775779020,"{""body_momentum"":0,""time"":1775779020}",1775859989
6173302506,985021106,light_sensitivity_value,1775778960,"{""light_sensitivity_value"":0,""time"":1775778960}",1775859972
6173302506,985021106,body_momentum,1775778960,"{""body_momentum"":0,""time"":1775778960}",1775859989
6173302506,985021106,light_sensitivity_value,1775778900,"{""light_sensitivity_value"":0,""time"":1775778900}",1775859972
6173302506,985021106,body_momentum,1775778900,"{""body_momentum"":0,""time"":1775778900}",1775859989
6173302506,985021106,light_sensitivity_value,1775778840,"{""light_sensitivity_value"":0,""time"":1775778840}",1775859972
6173302506,985021106,body_momentum,1775778840,"{""body_momentum"":0,""time"":1775778840}",1775859989
6173302506,985021106,light_sensitivity_value,1775778780,"{""light_sensitivity_value"":0,""time"":1775778780}",1775859972
6173302506,985021106,body_momentum,1775778780,"{""body_momentum"":0,""time"":1775778780}",1775859989
6173302506,985021106,light_sensitivity_value,1775778720,"{""light_sensitivity_value"":0,""time"":1775778720}",1775859972
6173302506,985021106,body_momentum,1775778720,"{""body_momentum"":0,""time"":1775778720}",1775859989
6173302506,985021106,light_sensitivity_value,1775778660,"{""light_sensitivity_value"":0,""time"":1775778660}",1775859972
6173302506,985021106,body_momentum,1775778660,"{""body_momentum"":0,""time"":1775778660}",1775859989
6173302506,985021106,light_sensitivity_value,1775778600,"{""light_sensitivity_value"":0,""time"":1775778600}",1775859972
6173302506,985021106,body_momentum,1775778600,"{""body_momentum"":0,""time"":1775778600}",1775859989
6173302506,985021106,light_sensitivity_value,1775778540,"{""light_sensitivity_value"":0,""time"":1775778540}",1775859972
6173302506,985021106,body_momentum,1775778540,"{""body_momentum"":0,""time"":1775778540}",1775859989
6173302506,985021106,light_sensitivity_value,1775778480,"{""light_sensitivity_value"":0,""time"":1775778480}",1775859972
6173302506,985021106,body_momentum,1775778480,"{""body_momentum"":0,""time"":1775778480}",1775859989
6173302506,985021106,light_sensitivity_value,1775778420,"{""light_sensitivity_value"":0,""time"":1775778420}",1775859972
6173302506,985021106,body_momentum,1775778420,"{""body_momentum"":0,""time"":1775778420}",1775859989
6173302506,985021106,light_sensitivity_value,1775778360,"{""light_sensitivity_value"":0,""time"":1775778360}",1775859972
6173302506,985021106,body_momentum,1775778360,"{""body_momentum"":0,""time"":1775778360}",1775859989
6173302506,985021106,light_sensitivity_value,1775778300,"{""light_sensitivity_value"":0,""time"":1775778300}",1775859972
6173302506,985021106,body_momentum,1775778300,"{""body_momentum"":0,""time"":1775778300}",1775859989
6173302506,985021106,light_sensitivity_value,1775778240,"{""light_sensitivity_value"":0,""time"":1775778240}",1775859972
6173302506,985021106,body_momentum,1775778240,"{""body_momentum"":0,""time"":1775778240}",1775859989
6173302506,985021106,light_sensitivity_value,1775778180,"{""light_sensitivity_value"":0,""time"":1775778180}",1775859972
6173302506,985021106,body_momentum,1775778180,"{""body_momentum"":0,""time"":1775778180}",1775859989
6173302506,985021106,light_sensitivity_value,1775778120,"{""light_sensitivity_value"":0,""time"":1775778120}",1775859972
6173302506,985021106,body_momentum,1775778120,"{""body_momentum"":0,""time"":1775778120}",1775859989
6173302506,985021106,light_sensitivity_value,1775778060,"{""light_sensitivity_value"":0,""time"":1775778060}",1775859972
6173302506,985021106,body_momentum,1775778060,"{""body_momentum"":0,""time"":1775778060}",1775859989
6173302506,985021106,light_sensitivity_value,1775778000,"{""light_sensitivity_value"":0,""time"":1775778000}",1775859972
6173302506,985021106,body_momentum,1775778000,"{""body_momentum"":0,""time"":1775778000}",1775859989
6173302506,985021106,light_sensitivity_value,1775777940,"{""light_sensitivity_value"":0,""time"":1775777940}",1775859972
6173302506,985021106,body_momentum,1775777940,"{""body_momentum"":0,""time"":1775777940}",1775859989
6173302506,985021106,light_sensitivity_value,1775777880,"{""light_sensitivity_value"":0,""time"":1775777880}",1775859972
6173302506,985021106,body_momentum,1775777880,"{""body_momentum"":0,""time"":1775777880}",1775859989
6173302506,985021106,light_sensitivity_value,1775777820,"{""light_sensitivity_value"":0,""time"":1775777820}",1775859972
6173302506,985021106,body_momentum,1775777820,"{""body_momentum"":0,""time"":1775777820}",1775859989
6173302506,985021106,light_sensitivity_value,1775777760,"{""light_sensitivity_value"":0,""time"":1775777760}",1775859972
6173302506,985021106,body_momentum,1775777760,"{""body_momentum"":0,""time"":1775777760}",1775859989
6173302506,985021106,light_sensitivity_value,1775777700,"{""light_sensitivity_value"":0,""time"":1775777700}",1775859972
6173302506,985021106,body_momentum,1775777700,"{""body_momentum"":0,""time"":1775777700}",1775859989
6173302506,985021106,light_sensitivity_value,1775777640,"{""light_sensitivity_value"":0,""time"":1775777640}",1775859972
6173302506,985021106,body_momentum,1775777640,"{""body_momentum"":0,""time"":1775777640}",1775859989
6173302506,985021106,light_sensitivity_value,1775777580,"{""light_sensitivity_value"":0,""time"":1775777580}",1775859972
6173302506,985021106,body_momentum,1775777580,"{""body_momentum"":0,""time"":1775777580}",1775859989
6173302506,985021106,light_sensitivity_value,1775777520,"{""light_sensitivity_value"":0,""time"":1775777520}",1775859972
6173302506,985021106,body_momentum,1775777520,"{""body_momentum"":0,""time"":1775777520}",1775859989
6173302506,985021106,light_sensitivity_value,1775777460,"{""light_sensitivity_value"":0,""time"":1775777460}",1775859972
6173302506,985021106,body_momentum,1775777460,"{""body_momentum"":0,""time"":1775777460}",1775859989
6173302506,985021106,light_sensitivity_value,1775777400,"{""light_sensitivity_value"":0,""time"":1775777400}",1775859972
6173302506,985021106,body_momentum,1775777400,"{""body_momentum"":0,""time"":1775777400}",1775859989
6173302506,985021106,light_sensitivity_value,1775777340,"{""light_sensitivity_value"":0,""time"":1775777340}",1775859972
6173302506,985021106,body_momentum,1775777340,"{""body_momentum"":0,""time"":1775777340}",1775859989
6173302506,985021106,light_sensitivity_value,1775777280,"{""light_sensitivity_value"":0,""time"":1775777280}",1775859972
6173302506,985021106,body_momentum,1775777280,"{""body_momentum"":0,""time"":1775777280}",1775859989
6173302506,985021106,light_sensitivity_value,1775777220,"{""light_sensitivity_value"":0,""time"":1775777220}",1775859972
6173302506,985021106,body_momentum,1775777220,"{""body_momentum"":0,""time"":1775777220}",1775859988
6173302506,985021106,light_sensitivity_value,1775777160,"{""light_sensitivity_value"":0,""time"":1775777160}",1775859972
6173302506,985021106,body_momentum,1775777160,"{""body_momentum"":0,""time"":1775777160}",1775859988
6173302506,985021106,light_sensitivity_value,1775777100,"{""light_sensitivity_value"":0,""time"":1775777100}",1775859972
6173302506,985021106,body_momentum,1775777100,"{""body_momentum"":0,""time"":1775777100}",1775859988
6173302506,985021106,light_sensitivity_value,1775777040,"{""light_sensitivity_value"":0,""time"":1775777040}",1775859972
6173302506,985021106,body_momentum,1775777040,"{""body_momentum"":0,""time"":1775777040}",1775859988
6173302506,985021106,light_sensitivity_value,1775776980,"{""light_sensitivity_value"":0,""time"":1775776980}",1775859972
6173302506,985021106,body_momentum,1775776980,"{""body_momentum"":0,""time"":1775776980}",1775859988
6173302506,985021106,light_sensitivity_value,1775776920,"{""light_sensitivity_value"":0,""time"":1775776920}",1775859972
6173302506,985021106,body_momentum,1775776920,"{""body_momentum"":0,""time"":1775776920}",1775859988
6173302506,985021106,light_sensitivity_value,1775776860,"{""light_sensitivity_value"":0,""time"":1775776860}",1775859972
6173302506,985021106,body_momentum,1775776860,"{""body_momentum"":0,""time"":1775776860}",1775859988
6173302506,985021106,light_sensitivity_value,1775776800,"{""light_sensitivity_value"":0,""time"":1775776800}",1775859972
6173302506,985021106,body_momentum,1775776800,"{""body_momentum"":0,""time"":1775776800}",1775859988
6173302506,985021106,light_sensitivity_value,1775776740,"{""light_sensitivity_value"":0,""time"":1775776740}",1775859972
6173302506,985021106,body_momentum,1775776740,"{""body_momentum"":0,""time"":1775776740}",1775859988
6173302506,985021106,light_sensitivity_value,1775776680,"{""light_sensitivity_value"":0,""time"":1775776680}",1775859972
6173302506,985021106,body_momentum,1775776680,"{""body_momentum"":0,""time"":1775776680}",1775859988
6173302506,985021106,light_sensitivity_value,1775776620,"{""light_sensitivity_value"":0,""time"":1775776620}",1775859972
6173302506,985021106,body_momentum,1775776620,"{""body_momentum"":0,""time"":1775776620}",1775859988
6173302506,985021106,light_sensitivity_value,1775776560,"{""light_sensitivity_value"":0,""time"":1775776560}",1775859972
6173302506,985021106,body_momentum,1775776560,"{""body_momentum"":0,""time"":1775776560}",1775859988
6173302506,985021106,light_sensitivity_value,1775776500,"{""light_sensitivity_value"":0,""time"":1775776500}",1775859972
6173302506,985021106,body_momentum,1775776500,"{""body_momentum"":0,""time"":1775776500}",1775859988
6173302506,985021106,light_sensitivity_value,1775776440,"{""light_sensitivity_value"":0,""time"":1775776440}",1775859972
6173302506,985021106,body_momentum,1775776440,"{""body_momentum"":0,""time"":1775776440}",1775859988
6173302506,985021106,light_sensitivity_value,1775776380,"{""light_sensitivity_value"":0,""time"":1775776380}",1775859972
6173302506,985021106,body_momentum,1775776380,"{""body_momentum"":0,""time"":1775776380}",1775859988
6173302506,985021106,light_sensitivity_value,1775776320,"{""light_sensitivity_value"":0,""time"":1775776320}",1775859972
6173302506,985021106,body_momentum,1775776320,"{""body_momentum"":0,""time"":1775776320}",1775859988
6173302506,985021106,light_sensitivity_value,1775776260,"{""light_sensitivity_value"":0,""time"":1775776260}",1775859972
6173302506,985021106,body_momentum,1775776260,"{""body_momentum"":0,""time"":1775776260}",1775859988
6173302506,985021106,light_sensitivity_value,1775776200,"{""light_sensitivity_value"":0,""time"":1775776200}",1775859972
6173302506,985021106,body_momentum,1775776200,"{""body_momentum"":0,""time"":1775776200}",1775859988
6173302506,985021106,light_sensitivity_value,1775776140,"{""light_sensitivity_value"":0,""time"":1775776140}",1775859972
6173302506,985021106,body_momentum,1775776140,"{""body_momentum"":0,""time"":1775776140}",1775859988
6173302506,985021106,light_sensitivity_value,1775776080,"{""light_sensitivity_value"":0,""time"":1775776080}",1775859972
6173302506,985021106,body_momentum,1775776080,"{""body_momentum"":0,""time"":1775776080}",1775859988
6173302506,985021106,light_sensitivity_value,1775776020,"{""light_sensitivity_value"":0,""time"":1775776020}",1775859972
6173302506,985021106,body_momentum,1775776020,"{""body_momentum"":0,""time"":1775776020}",1775859988
6173302506,985021106,light_sensitivity_value,1775775960,"{""light_sensitivity_value"":0,""time"":1775775960}",1775859972
6173302506,985021106,body_momentum,1775775960,"{""body_momentum"":0,""time"":1775775960}",1775859988
6173302506,985021106,light_sensitivity_value,1775775900,"{""light_sensitivity_value"":0,""time"":1775775900}",1775859972
6173302506,985021106,body_momentum,1775775900,"{""body_momentum"":0,""time"":1775775900}",1775859988
6173302506,985021106,light_sensitivity_value,1775775840,"{""light_sensitivity_value"":0,""time"":1775775840}",1775859972
6173302506,985021106,body_momentum,1775775840,"{""body_momentum"":0,""time"":1775775840}",1775859988
6173302506,985021106,light_sensitivity_value,1775775780,"{""light_sensitivity_value"":0,""time"":1775775780}",1775859972
6173302506,985021106,body_momentum,1775775780,"{""body_momentum"":0,""time"":1775775780}",1775859988
6173302506,985021106,light_sensitivity_value,1775775720,"{""light_sensitivity_value"":0,""time"":1775775720}",1775859972
6173302506,985021106,body_momentum,1775775720,"{""body_momentum"":0,""time"":1775775720}",1775859988
6173302506,985021106,light_sensitivity_value,1775775660,"{""light_sensitivity_value"":0,""time"":1775775660}",1775859972
6173302506,985021106,body_momentum,1775775660,"{""body_momentum"":0,""time"":1775775660}",1775859988
6173302506,985021106,valid_stand,1775775600,"{""end_time"":1775779200,""start_time"":1775775600}",1775859654
6173302506,985021106,light_sensitivity_value,1775775600,"{""light_sensitivity_value"":0,""time"":1775775600}",1775859972
6173302506,985021106,body_momentum,1775775600,"{""body_momentum"":0,""time"":1775775600}",1775859988
6173302506,985021106,light_sensitivity_value,1775775540,"{""light_sensitivity_value"":0,""time"":1775775540}",1775859972
6173302506,985021106,body_momentum,1775775540,"{""body_momentum"":0,""time"":1775775540}",1775859988
6173302506,985021106,light_sensitivity_value,1775775480,"{""light_sensitivity_value"":0,""time"":1775775480}",1775859972
6173302506,985021106,body_momentum,1775775480,"{""body_momentum"":0,""time"":1775775480}",1775859988
6173302506,985021106,light_sensitivity_value,1775775420,"{""light_sensitivity_value"":0,""time"":1775775420}",1775859972
6173302506,985021106,body_momentum,1775775420,"{""body_momentum"":0,""time"":1775775420}",1775859988
6173302506,985021106,light_sensitivity_value,1775775360,"{""light_sensitivity_value"":0,""time"":1775775360}",1775859972
6173302506,985021106,body_momentum,1775775360,"{""body_momentum"":0,""time"":1775775360}",1775859988
6173302506,985021106,light_sensitivity_value,1775775300,"{""light_sensitivity_value"":0,""time"":1775775300}",1775859972
6173302506,985021106,body_momentum,1775775300,"{""body_momentum"":0,""time"":1775775300}",1775859988
6173302506,985021106,light_sensitivity_value,1775775240,"{""light_sensitivity_value"":0,""time"":1775775240}",1775859972
6173302506,985021106,body_momentum,1775775240,"{""body_momentum"":0,""time"":1775775240}",1775859988
6173302506,985021106,light_sensitivity_value,1775775180,"{""light_sensitivity_value"":0,""time"":1775775180}",1775859972
6173302506,985021106,body_momentum,1775775180,"{""body_momentum"":0,""time"":1775775180}",1775859988
6173302506,985021106,light_sensitivity_value,1775775120,"{""light_sensitivity_value"":0,""time"":1775775120}",1775859972
6173302506,985021106,body_momentum,1775775120,"{""body_momentum"":0,""time"":1775775120}",1775859988
6173302506,985021106,light_sensitivity_value,1775775060,"{""light_sensitivity_value"":0,""time"":1775775060}",1775859972
6173302506,985021106,body_momentum,1775775060,"{""body_momentum"":0,""time"":1775775060}",1775859988
6173302506,985021106,light_sensitivity_value,1775775000,"{""light_sensitivity_value"":0,""time"":1775775000}",1775859972
6173302506,985021106,body_momentum,1775775000,"{""body_momentum"":0,""time"":1775775000}",1775859988
6173302506,985021106,light_sensitivity_value,1775774940,"{""light_sensitivity_value"":0,""time"":1775774940}",1775859972
6173302506,985021106,body_momentum,1775774940,"{""body_momentum"":0,""time"":1775774940}",1775859988
6173302506,985021106,light_sensitivity_value,1775774880,"{""light_sensitivity_value"":0,""time"":1775774880}",1775859972
6173302506,985021106,body_momentum,1775774880,"{""body_momentum"":0,""time"":1775774880}",1775859988
6173302506,985021106,light_sensitivity_value,1775774820,"{""light_sensitivity_value"":0,""time"":1775774820}",1775859972
6173302506,985021106,body_momentum,1775774820,"{""body_momentum"":0,""time"":1775774820}",1775859988
6173302506,985021106,light_sensitivity_value,1775774760,"{""light_sensitivity_value"":0,""time"":1775774760}",1775859972
6173302506,985021106,body_momentum,1775774760,"{""body_momentum"":0,""time"":1775774760}",1775859988
6173302506,985021106,light_sensitivity_value,1775774700,"{""light_sensitivity_value"":0,""time"":1775774700}",1775859972
6173302506,985021106,body_momentum,1775774700,"{""body_momentum"":0,""time"":1775774700}",1775859988
6173302506,985021106,light_sensitivity_value,1775774640,"{""light_sensitivity_value"":0,""time"":1775774640}",1775859972
6173302506,985021106,body_momentum,1775774640,"{""body_momentum"":0,""time"":1775774640}",1775859988
6173302506,985021106,light_sensitivity_value,1775774580,"{""light_sensitivity_value"":0,""time"":1775774580}",1775859972
6173302506,985021106,body_momentum,1775774580,"{""body_momentum"":0,""time"":1775774580}",1775859988
6173302506,985021106,light_sensitivity_value,1775774520,"{""light_sensitivity_value"":0,""time"":1775774520}",1775859972
6173302506,985021106,body_momentum,1775774520,"{""body_momentum"":0,""time"":1775774520}",1775859988
6173302506,985021106,light_sensitivity_value,1775774460,"{""light_sensitivity_value"":0,""time"":1775774460}",1775859972
6173302506,985021106,body_momentum,1775774460,"{""body_momentum"":0,""time"":1775774460}",1775859988
6173302506,985021106,light_sensitivity_value,1775774400,"{""light_sensitivity_value"":0,""time"":1775774400}",1775859972
6173302506,985021106,body_momentum,1775774400,"{""body_momentum"":0,""time"":1775774400}",1775859988
6173302506,985021106,light_sensitivity_value,1775774340,"{""light_sensitivity_value"":0,""time"":1775774340}",1775859972
6173302506,985021106,body_momentum,1775774340,"{""body_momentum"":0,""time"":1775774340}",1775859988
6173302506,985021106,light_sensitivity_value,1775774280,"{""light_sensitivity_value"":0,""time"":1775774280}",1775859972
6173302506,985021106,body_momentum,1775774280,"{""body_momentum"":0,""time"":1775774280}",1775859988
6173302506,985021106,light_sensitivity_value,1775774220,"{""light_sensitivity_value"":0,""time"":1775774220}",1775859972
6173302506,985021106,body_momentum,1775774220,"{""body_momentum"":0,""time"":1775774220}",1775859988
6173302506,985021106,light_sensitivity_value,1775774160,"{""light_sensitivity_value"":0,""time"":1775774160}",1775859972
6173302506,985021106,body_momentum,1775774160,"{""body_momentum"":0,""time"":1775774160}",1775859988
6173302506,985021106,light_sensitivity_value,1775774100,"{""light_sensitivity_value"":0,""time"":1775774100}",1775859972
6173302506,985021106,body_momentum,1775774100,"{""body_momentum"":0,""time"":1775774100}",1775859988
6173302506,985021106,light_sensitivity_value,1775774040,"{""light_sensitivity_value"":0,""time"":1775774040}",1775859972
6173302506,985021106,body_momentum,1775774040,"{""body_momentum"":0,""time"":1775774040}",1775859988
6173302506,985021106,light_sensitivity_value,1775773980,"{""light_sensitivity_value"":0,""time"":1775773980}",1775859972
6173302506,985021106,body_momentum,1775773980,"{""body_momentum"":0,""time"":1775773980}",1775859988
6173302506,985021106,light_sensitivity_value,1775773920,"{""light_sensitivity_value"":0,""time"":1775773920}",1775859972
6173302506,985021106,body_momentum,1775773920,"{""body_momentum"":0,""time"":1775773920}",1775859988
6173302506,985021106,light_sensitivity_value,1775773860,"{""light_sensitivity_value"":0,""time"":1775773860}",1775859972
6173302506,985021106,body_momentum,1775773860,"{""body_momentum"":0,""time"":1775773860}",1775859988
6173302506,985021106,light_sensitivity_value,1775773800,"{""light_sensitivity_value"":0,""time"":1775773800}",1775859972
6173302506,985021106,body_momentum,1775773800,"{""body_momentum"":0,""time"":1775773800}",1775859988
6173302506,985021106,light_sensitivity_value,1775773740,"{""light_sensitivity_value"":0,""time"":1775773740}",1775859972
6173302506,985021106,body_momentum,1775773740,"{""body_momentum"":0,""time"":1775773740}",1775859988
6173302506,985021106,light_sensitivity_value,1775773680,"{""light_sensitivity_value"":0,""time"":1775773680}",1775859972
6173302506,985021106,body_momentum,1775773680,"{""body_momentum"":0,""time"":1775773680}",1775859988
6173302506,985021106,light_sensitivity_value,1775773620,"{""light_sensitivity_value"":0,""time"":1775773620}",1775859971
6173302506,985021106,body_momentum,1775773620,"{""body_momentum"":0,""time"":1775773620}",1775859987
6173302506,985021106,light_sensitivity_value,1775773560,"{""light_sensitivity_value"":0,""time"":1775773560}",1775859971
6173302506,985021106,body_momentum,1775773560,"{""body_momentum"":0,""time"":1775773560}",1775859987
6173302506,985021106,light_sensitivity_value,1775773500,"{""light_sensitivity_value"":0,""time"":1775773500}",1775859971
6173302506,985021106,body_momentum,1775773500,"{""body_momentum"":0,""time"":1775773500}",1775859987
6173302506,985021106,light_sensitivity_value,1775773440,"{""light_sensitivity_value"":0,""time"":1775773440}",1775859971
6173302506,985021106,body_momentum,1775773440,"{""body_momentum"":0,""time"":1775773440}",1775859987
6173302506,985021106,light_sensitivity_value,1775773380,"{""light_sensitivity_value"":0,""time"":1775773380}",1775859971
6173302506,985021106,body_momentum,1775773380,"{""body_momentum"":0,""time"":1775773380}",1775859987
6173302506,985021106,light_sensitivity_value,1775773320,"{""light_sensitivity_value"":0,""time"":1775773320}",1775859971
6173302506,985021106,body_momentum,1775773320,"{""body_momentum"":0,""time"":1775773320}",1775859987
6173302506,985021106,light_sensitivity_value,1775773260,"{""light_sensitivity_value"":0,""time"":1775773260}",1775859971
6173302506,985021106,body_momentum,1775773260,"{""body_momentum"":0,""time"":1775773260}",1775859987
6173302506,985021106,light_sensitivity_value,1775773200,"{""light_sensitivity_value"":0,""time"":1775773200}",1775859971
6173302506,985021106,body_momentum,1775773200,"{""body_momentum"":0,""time"":1775773200}",1775859987
6173302506,985021106,light_sensitivity_value,1775773140,"{""light_sensitivity_value"":0,""time"":1775773140}",1775859971
6173302506,985021106,body_momentum,1775773140,"{""body_momentum"":0,""time"":1775773140}",1775859987
6173302506,985021106,light_sensitivity_value,1775773080,"{""light_sensitivity_value"":0,""time"":1775773080}",1775859971
6173302506,985021106,body_momentum,1775773080,"{""body_momentum"":0,""time"":1775773080}",1775859987
6173302506,985021106,light_sensitivity_value,1775773020,"{""light_sensitivity_value"":0,""time"":1775773020}",1775859971
6173302506,985021106,body_momentum,1775773020,"{""body_momentum"":0,""time"":1775773020}",1775859987
6173302506,985021106,light_sensitivity_value,1775772960,"{""light_sensitivity_value"":0,""time"":1775772960}",1775859971
6173302506,985021106,body_momentum,1775772960,"{""body_momentum"":0,""time"":1775772960}",1775859987
6173302506,985021106,light_sensitivity_value,1775772900,"{""light_sensitivity_value"":0,""time"":1775772900}",1775859971
6173302506,985021106,body_momentum,1775772900,"{""body_momentum"":0,""time"":1775772900}",1775859987
6173302506,985021106,light_sensitivity_value,1775772840,"{""light_sensitivity_value"":0,""time"":1775772840}",1775859971
6173302506,985021106,body_momentum,1775772840,"{""body_momentum"":0,""time"":1775772840}",1775859987
6173302506,985021106,light_sensitivity_value,1775772780,"{""light_sensitivity_value"":0,""time"":1775772780}",1775859971
6173302506,985021106,body_momentum,1775772780,"{""body_momentum"":0,""time"":1775772780}",1775859987
6173302506,985021106,light_sensitivity_value,1775772720,"{""light_sensitivity_value"":0,""time"":1775772720}",1775859971
6173302506,985021106,body_momentum,1775772720,"{""body_momentum"":0,""time"":1775772720}",1775859987
6173302506,985021106,light_sensitivity_value,1775772660,"{""light_sensitivity_value"":0,""time"":1775772660}",1775859971
6173302506,985021106,body_momentum,1775772660,"{""body_momentum"":0,""time"":1775772660}",1775859987
6173302506,985021106,light_sensitivity_value,1775772600,"{""light_sensitivity_value"":0,""time"":1775772600}",1775859971
6173302506,985021106,body_momentum,1775772600,"{""body_momentum"":0,""time"":1775772600}",1775859987
6173302506,985021106,light_sensitivity_value,1775772540,"{""light_sensitivity_value"":0,""time"":1775772540}",1775859971
6173302506,985021106,body_momentum,1775772540,"{""body_momentum"":0,""time"":1775772540}",1775859987
6173302506,985021106,light_sensitivity_value,1775772480,"{""light_sensitivity_value"":0,""time"":1775772480}",1775859971
6173302506,985021106,calories,1775779020,"{""time"":1775779020,""calories"":1}",1775859570
6173302506,985021106,calories,1775778960,"{""time"":1775778960,""calories"":1}",1775859570
6173302506,985021106,steps,1775778960,"{""time"":1775778960,""steps"":11,""distance"":6,""calories"":1}",1775859508
6173302506,985021106,calories,1775778900,"{""time"":1775778900,""calories"":1}",1775859570
6173302506,985021106,steps,1775778900,"{""time"":1775778900,""steps"":13,""distance"":9,""calories"":1}",1775859508
6173302506,985021106,steps,1775778840,"{""time"":1775778840,""steps"":21,""distance"":13,""calories"":1}",1775859508
6173302506,985021106,calories,1775778840,"{""time"":1775778840,""calories"":1}",1775859570
6173302506,985021106,calories,1775778780,"{""time"":1775778780,""calories"":1}",1775859570
6173302506,985021106,heart_rate,1775778780,"{""time"":1775778780,""bpm"":70,""type"":0}",1775859388
6173302506,985021106,calories,1775778660,"{""time"":1775778660,""calories"":1}",1775859570
6173302506,985021106,calories,1775778420,"{""time"":1775778420,""calories"":1}",1775859570
6173302506,985021106,heart_rate,1775778180,"{""time"":1775778180,""bpm"":64,""type"":0}",1775859388
6173302506,985021106,heart_rate,1775778120,"{""time"":1775778120,""bpm"":63,""type"":0}",1775859388
6173302506,985021106,heart_rate,1775778060,"{""time"":1775778060,""bpm"":63,""type"":0}",1775859388
6173302506,985021106,heart_rate,1775777700,"{""time"":1775777700,""bpm"":66,""type"":0}",1775859388
6173302506,985021106,calories,1775777160,"{""time"":1775777160,""calories"":1}",1775859570
6173302506,985021106,heart_rate,1775777100,"{""time"":1775777100,""bpm"":73,""type"":0}",1775859388
6173302506,985021106,calories,1775776980,"{""time"":1775776980,""calories"":1}",1775859570
6173302506,985021106,calories,1775776620,"{""time"":1775776620,""calories"":1}",1775859570
6173302506,985021106,calories,1775776500,"{""time"":1775776500,""calories"":2}",1775859570
6173302506,985021106,steps,1775776500,"{""time"":1775776500,""steps"":27,""distance"":17,""calories"":2}",1775859508
6173302506,985021106,heart_rate,1775776500,"{""time"":1775776500,""bpm"":78,""type"":0}",1775859388
6173302506,985021106,calories,1775776440,"{""time"":1775776440,""calories"":1}",1775859570
6173302506,985021106,calories,1775776020,"{""time"":1775776020,""calories"":1}",1775859570
6173302506,985021106,heart_rate,1775775900,"{""time"":1775775900,""bpm"":71,""type"":0}",1775859388
6173302506,985021106,calories,1775775300,"{""time"":1775775300,""calories"":1}",1775859570
6173302506,985021106,calories,1775775060,"{""time"":1775775060,""calories"":1}",1775859570
6173302506,985021106,calories,1775774820,"{""time"":1775774820,""calories"":1}",1775859570
6173302506,985021106,heart_rate,1775774700,"{""time"":1775774700,""bpm"":67,""type"":0}",1775859388
6173302506,985021106,calories,1775774580,"{""time"":1775774580,""calories"":1}",1775859570
6173302506,985021106,calories,1775774400,"{""time"":1775774400,""calories"":2}",1775859570
6173302506,985021106,calories,1775774220,"{""time"":1775774220,""calories"":1}",1775859570
6173302506,985021106,heart_rate,1775774100,"{""time"":1775774100,""bpm"":73,""type"":0}",1775859388
6173302506,985021106,calories,1775774100,"{""time"":1775774100,""calories"":1}",1775859570
6173302506,985021106,calories,1775773920,"{""time"":1775773920,""calories"":1}",1775859570
6173302506,985021106,calories,1775773860,"{""time"":1775773860,""calories"":2}",1775859570
6173302506,985021106,steps,1775773800,"{""time"":1775773800,""steps"":15,""distance"":9,""calories"":0}",1775859508
6173302506,985021106,calories,1775773620,"{""time"":1775773620,""calories"":1}",1775859570
6173302506,985021106,calories,1775773500,"{""time"":1775773500,""calories"":1}",1775859570
6173302506,985021106,heart_rate,1775773500,"{""time"":1775773500,""bpm"":74,""type"":0}",1775859388
6173302506,985021106,calories,1775773320,"{""time"":1775773320,""calories"":1}",1775859570
6173302506,985021106,calories,1775773080,"{""time"":1775773080,""calories"":1}",1775859570
6173302506,985021106,heart_rate,1775772900,"{""time"":1775772900,""bpm"":73,""type"":0}",1775859388
6173302506,985021106,calories,1775772840,"{""time"":1775772840,""calories"":1}",1775859570
6173302506,985021106,calories,1775772540,"{""time"":1775772540,""calories"":1}",1775859570
6173302506,985021106,calories,1775772480,"{""time"":1775772480,""calories"":3}",1775859570
6173302506,985021106,body_momentum,1775772480,"{""body_momentum"":0,""time"":1775772480}",1775859987
6173302506,985021106,steps,1775772480,"{""time"":1775772480,""steps"":25,""distance"":16,""calories"":3}",1775859508
6173302506,985021106,light_sensitivity_value,1775772420,"{""light_sensitivity_value"":0,""time"":1775772420}",1775859971
6173302506,985021106,body_momentum,1775772420,"{""body_momentum"":0,""time"":1775772420}",1775859987
6173302506,985021106,calories,1775772360,"{""time"":1775772360,""calories"":1}",1775859570
6173302506,985021106,light_sensitivity_value,1775772360,"{""light_sensitivity_value"":0,""time"":1775772360}",1775859971
6173302506,985021106,body_momentum,1775772360,"{""body_momentum"":0,""time"":1775772360}",1775859987
6173302506,985021106,heart_rate,1775772300,"{""time"":1775772300,""bpm"":73,""type"":0}",1775859388
6173302506,985021106,light_sensitivity_value,1775772300,"{""light_sensitivity_value"":0,""time"":1775772300}",1775859971
6173302506,985021106,body_momentum,1775772300,"{""body_momentum"":0,""time"":1775772300}",1775859987
6173302506,985021106,body_momentum,1775772240,"{""body_momentum"":0,""time"":1775772240}",1775859987
6173302506,985021106,light_sensitivity_value,1775772240,"{""light_sensitivity_value"":0,""time"":1775772240}",1775859971
6173302506,985021106,body_momentum,1775772180,"{""body_momentum"":0,""time"":1775772180}",1775859987
6173302506,985021106,light_sensitivity_value,1775772180,"{""light_sensitivity_value"":0,""time"":1775772180}",1775859971
6173302506,985021106,calories,1775772180,"{""time"":1775772180,""calories"":1}",1775859570
6173302506,985021106,body_momentum,1775772120,"{""body_momentum"":0,""time"":1775772120}",1775859987
6173302506,985021106,light_sensitivity_value,1775772120,"{""light_sensitivity_value"":0,""time"":1775772120}",1775859971
6173302506,985021106,calories,1775772120,"{""time"":1775772120,""calories"":2}",1775859570
6173302506,985021106,light_sensitivity_value,1775772060,"{""light_sensitivity_value"":0,""time"":1775772060}",1775859971
6173302506,985021106,body_momentum,1775772060,"{""body_momentum"":0,""time"":1775772060}",1775859987
6173302506,985021106,valid_stand,1775772000,"{""end_time"":1775775600,""start_time"":1775772000}",1775859654
6173302506,985021106,light_sensitivity_value,1775772000,"{""light_sensitivity_value"":0,""time"":1775772000}",1775859971
6173302506,985021106,calories,1775772000,"{""time"":1775772000,""calories"":1}",1775859570
6173302506,hlth.gen_150127125725276,steps,1775778960,"{""time"":1775778960,""steps"":27,""distance"":16,""calories"":1.0799999}",1775791545
6173302506,hlth.gen_150127125725276,calories,1775778960,"{""time"":1775778960,""calories"":1.0799999}",1775791545
6173302506,hlth.gen_150127125725276,steps,1775778900,"{""time"":1775778900,""steps"":20,""distance"":12,""calories"":0.79999995}",1775791545
6173302506,hlth.gen_150127125725276,calories,1775778900,"{""time"":1775778900,""calories"":0.79999995}",1775791545
6173302506,hlth.gen_150127125725276,steps,1775778840,"{""time"":1775778840,""steps"":47,""distance"":28,""calories"":1.88}",1775791545
6173302506,hlth.gen_150127125725276,calories,1775778840,"{""time"":1775778840,""calories"":1.88}",1775791545
6173302506,985021106,body_momentum,1775772000,"{""body_momentum"":0,""time"":1775772000}",1775859987
6173302506,985021106,light_sensitivity_value,1775771940,"{""light_sensitivity_value"":0,""time"":1775771940}",1775859971
6173302506,985021106,body_momentum,1775771940,"{""body_momentum"":0,""time"":1775771940}",1775859987
6173302506,985021106,light_sensitivity_value,1775771880,"{""light_sensitivity_value"":0,""time"":1775771880}",1775859971
6173302506,985021106,body_momentum,1775771880,"{""body_momentum"":0,""time"":1775771880}",1775859987
6173302506,985021106,body_momentum,1775771820,"{""body_momentum"":0,""time"":1775771820}",1775859987
6173302506,985021106,light_sensitivity_value,1775771820,"{""light_sensitivity_value"":0,""time"":1775771820}",1775859971
6173302506,985021106,light_sensitivity_value,1775771760,"{""light_sensitivity_value"":0,""time"":1775771760}",1775859971
6173302506,985021106,body_momentum,1775771760,"{""body_momentum"":0,""time"":1775771760}",1775859987
6173302506,985021106,light_sensitivity_value,1775771700,"{""light_sensitivity_value"":0,""time"":1775771700}",1775859971
6173302506,985021106,body_momentum,1775771700,"{""body_momentum"":0,""time"":1775771700}",1775859987
6173302506,985021106,light_sensitivity_value,1775771640,"{""light_sensitivity_value"":0,""time"":1775771640}",1775859971
6173302506,985021106,body_momentum,1775771640,"{""body_momentum"":0,""time"":1775771640}",1775859987
6173302506,985021106,light_sensitivity_value,1775771580,"{""light_sensitivity_value"":0,""time"":1775771580}",1775859971
6173302506,985021106,body_momentum,1775771580,"{""body_momentum"":0,""time"":1775771580}",1775859987
6173302506,985021106,light_sensitivity_value,1775771520,"{""light_sensitivity_value"":0,""time"":1775771520}",1775859971
6173302506,985021106,body_momentum,1775771520,"{""body_momentum"":0,""time"":1775771520}",1775859987
6173302506,985021106,light_sensitivity_value,1775771460,"{""light_sensitivity_value"":0,""time"":1775771460}",1775859971
6173302506,985021106,body_momentum,1775771460,"{""body_momentum"":0,""time"":1775771460}",1775859987
6173302506,985021106,light_sensitivity_value,1775771400,"{""light_sensitivity_value"":0,""time"":1775771400}",1775859971
6173302506,985021106,body_momentum,1775771400,"{""body_momentum"":0,""time"":1775771400}",1775859987
6173302506,985021106,light_sensitivity_value,1775771340,"{""light_sensitivity_value"":0,""time"":1775771340}",1775859971
6173302506,985021106,body_momentum,1775771340,"{""body_momentum"":0,""time"":1775771340}",1775859987
6173302506,985021106,light_sensitivity_value,1775771280,"{""light_sensitivity_value"":0,""time"":1775771280}",1775859971
6173302506,985021106,body_momentum,1775771280,"{""body_momentum"":0,""time"":1775771280}",1775859987
6173302506,985021106,light_sensitivity_value,1775771220,"{""light_sensitivity_value"":0,""time"":1775771220}",1775859971
6173302506,985021106,body_momentum,1775771220,"{""body_momentum"":0,""time"":1775771220}",1775859987
6173302506,985021106,light_sensitivity_value,1775771160,"{""light_sensitivity_value"":0,""time"":1775771160}",1775859971
6173302506,985021106,body_momentum,1775771160,"{""body_momentum"":0,""time"":1775771160}",1775859987
6173302506,985021106,light_sensitivity_value,1775771100,"{""light_sensitivity_value"":0,""time"":1775771100}",1775859971
6173302506,985021106,body_momentum,1775771100,"{""body_momentum"":0,""time"":1775771100}",1775859987
6173302506,985021106,light_sensitivity_value,1775771040,"{""light_sensitivity_value"":0,""time"":1775771040}",1775859971
6173302506,985021106,body_momentum,1775771040,"{""body_momentum"":0,""time"":1775771040}",1775859987
6173302506,985021106,light_sensitivity_value,1775770980,"{""light_sensitivity_value"":0,""time"":1775770980}",1775859971
6173302506,985021106,body_momentum,1775770980,"{""body_momentum"":0,""time"":1775770980}",1775859987
6173302506,985021106,light_sensitivity_value,1775770920,"{""light_sensitivity_value"":0,""time"":1775770920}",1775859971
6173302506,985021106,body_momentum,1775770920,"{""body_momentum"":0,""time"":1775770920}",1775859987
6173302506,985021106,light_sensitivity_value,1775770860,"{""light_sensitivity_value"":0,""time"":1775770860}",1775859971
6173302506,985021106,body_momentum,1775770860,"{""body_momentum"":0,""time"":1775770860}",1775859987
6173302506,985021106,light_sensitivity_value,1775770800,"{""light_sensitivity_value"":0,""time"":1775770800}",1775859971
6173302506,985021106,body_momentum,1775770800,"{""body_momentum"":0,""time"":1775770800}",1775859987
6173302506,985021106,light_sensitivity_value,1775770740,"{""light_sensitivity_value"":0,""time"":1775770740}",1775859971
6173302506,985021106,body_momentum,1775770740,"{""body_momentum"":0,""time"":1775770740}",1775859987
6173302506,985021106,light_sensitivity_value,1775770680,"{""light_sensitivity_value"":0,""time"":1775770680}",1775859971
6173302506,985021106,body_momentum,1775770680,"{""body_momentum"":0,""time"":1775770680}",1775859987
6173302506,985021106,light_sensitivity_value,1775770620,"{""light_sensitivity_value"":0,""time"":1775770620}",1775859971
6173302506,985021106,body_momentum,1775770620,"{""body_momentum"":0,""time"":1775770620}",1775859987
6173302506,985021106,light_sensitivity_value,1775770560,"{""light_sensitivity_value"":0,""time"":1775770560}",1775859971
6173302506,985021106,body_momentum,1775770560,"{""body_momentum"":0,""time"":1775770560}",1775859987
6173302506,985021106,light_sensitivity_value,1775770500,"{""light_sensitivity_value"":0,""time"":1775770500}",1775859971
6173302506,985021106,body_momentum,1775770500,"{""body_momentum"":0,""time"":1775770500}",1775859987
6173302506,985021106,light_sensitivity_value,1775770440,"{""light_sensitivity_value"":0,""time"":1775770440}",1775859971
6173302506,985021106,body_momentum,1775770440,"{""body_momentum"":0,""time"":1775770440}",1775859987
6173302506,985021106,light_sensitivity_value,1775770380,"{""light_sensitivity_value"":0,""time"":1775770380}",1775859971
6173302506,985021106,body_momentum,1775770380,"{""body_momentum"":0,""time"":1775770380}",1775859987
6173302506,985021106,light_sensitivity_value,1775770320,"{""light_sensitivity_value"":0,""time"":1775770320}",1775859971
6173302506,985021106,body_momentum,1775770320,"{""body_momentum"":0,""time"":1775770320}",1775859987
6173302506,985021106,light_sensitivity_value,1775770260,"{""light_sensitivity_value"":0,""time"":1775770260}",1775859971
6173302506,985021106,body_momentum,1775770260,"{""body_momentum"":0,""time"":1775770260}",1775859987
6173302506,985021106,light_sensitivity_value,1775770200,"{""light_sensitivity_value"":0,""time"":1775770200}",1775859971
6173302506,985021106,body_momentum,1775770200,"{""body_momentum"":0,""time"":1775770200}",1775859987
6173302506,985021106,light_sensitivity_value,1775770140,"{""light_sensitivity_value"":0,""time"":1775770140}",1775859971
6173302506,985021106,body_momentum,1775770140,"{""body_momentum"":0,""time"":1775770140}",1775859987
6173302506,985021106,light_sensitivity_value,1775770080,"{""light_sensitivity_value"":0,""time"":1775770080}",1775859971
6173302506,985021106,body_momentum,1775770080,"{""body_momentum"":0,""time"":1775770080}",1775859987
6173302506,985021106,light_sensitivity_value,1775770020,"{""light_sensitivity_value"":0,""time"":1775770020}",1775859971
6173302506,985021106,body_momentum,1775770020,"{""body_momentum"":0,""time"":1775770020}",1775859986
6173302506,985021106,light_sensitivity_value,1775769960,"{""light_sensitivity_value"":0,""time"":1775769960}",1775859971
6173302506,985021106,body_momentum,1775769960,"{""body_momentum"":0,""time"":1775769960}",1775859986
6173302506,985021106,light_sensitivity_value,1775769900,"{""light_sensitivity_value"":0,""time"":1775769900}",1775859971
6173302506,985021106,body_momentum,1775769900,"{""body_momentum"":0,""time"":1775769900}",1775859986
6173302506,985021106,light_sensitivity_value,1775769840,"{""light_sensitivity_value"":0,""time"":1775769840}",1775859971
6173302506,985021106,body_momentum,1775769840,"{""body_momentum"":0,""time"":1775769840}",1775859986
6173302506,985021106,light_sensitivity_value,1775769780,"{""light_sensitivity_value"":0,""time"":1775769780}",1775859971
6173302506,985021106,body_momentum,1775769780,"{""body_momentum"":0,""time"":1775769780}",1775859986
6173302506,985021106,light_sensitivity_value,1775769720,"{""light_sensitivity_value"":0,""time"":1775769720}",1775859971
6173302506,985021106,body_momentum,1775769720,"{""body_momentum"":0,""time"":1775769720}",1775859986
6173302506,985021106,light_sensitivity_value,1775769660,"{""light_sensitivity_value"":0,""time"":1775769660}",1775859971
6173302506,985021106,body_momentum,1775769660,"{""body_momentum"":0,""time"":1775769660}",1775859986
6173302506,985021106,light_sensitivity_value,1775769600,"{""light_sensitivity_value"":0,""time"":1775769600}",1775859971
6173302506,985021106,body_momentum,1775769600,"{""body_momentum"":0,""time"":1775769600}",1775859986
6173302506,985021106,light_sensitivity_value,1775769540,"{""light_sensitivity_value"":0,""time"":1775769540}",1775859971
6173302506,985021106,body_momentum,1775769540,"{""body_momentum"":0,""time"":1775769540}",1775859986
6173302506,985021106,light_sensitivity_value,1775769480,"{""light_sensitivity_value"":0,""time"":1775769480}",1775859971
6173302506,985021106,body_momentum,1775769480,"{""body_momentum"":0,""time"":1775769480}",1775859986
6173302506,985021106,light_sensitivity_value,1775769420,"{""light_sensitivity_value"":0,""time"":1775769420}",1775859971
6173302506,985021106,body_momentum,1775769420,"{""body_momentum"":0,""time"":1775769420}",1775859986
6173302506,985021106,light_sensitivity_value,1775769360,"{""light_sensitivity_value"":0,""time"":1775769360}",1775859971
6173302506,985021106,body_momentum,1775769360,"{""body_momentum"":0,""time"":1775769360}",1775859986
6173302506,985021106,light_sensitivity_value,1775769300,"{""light_sensitivity_value"":0,""time"":1775769300}",1775859971
6173302506,985021106,body_momentum,1775769300,"{""body_momentum"":0,""time"":1775769300}",1775859986
6173302506,985021106,light_sensitivity_value,1775769240,"{""light_sensitivity_value"":0,""time"":1775769240}",1775859971
6173302506,985021106,body_momentum,1775769240,"{""body_momentum"":0,""time"":1775769240}",1775859986
6173302506,985021106,light_sensitivity_value,1775769180,"{""light_sensitivity_value"":0,""time"":1775769180}",1775859971
6173302506,985021106,body_momentum,1775769180,"{""body_momentum"":0,""time"":1775769180}",1775859986
6173302506,985021106,light_sensitivity_value,1775769120,"{""light_sensitivity_value"":0,""time"":1775769120}",1775859971
6173302506,985021106,body_momentum,1775769120,"{""body_momentum"":0,""time"":1775769120}",1775859986
6173302506,985021106,light_sensitivity_value,1775769060,"{""light_sensitivity_value"":0,""time"":1775769060}",1775859971
6173302506,985021106,body_momentum,1775769060,"{""body_momentum"":0,""time"":1775769060}",1775859986
6173302506,985021106,light_sensitivity_value,1775769000,"{""light_sensitivity_value"":0,""time"":1775769000}",1775859971
6173302506,985021106,body_momentum,1775769000,"{""body_momentum"":0,""time"":1775769000}",1775859986
6173302506,985021106,light_sensitivity_value,1775768940,"{""light_sensitivity_value"":0,""time"":1775768940}",1775859971
6173302506,985021106,body_momentum,1775768940,"{""body_momentum"":0,""time"":1775768940}",1775859986
6173302506,985021106,light_sensitivity_value,1775768880,"{""light_sensitivity_value"":0,""time"":1775768880}",1775859971
6173302506,985021106,body_momentum,1775768880,"{""body_momentum"":0,""time"":1775768880}",1775859986
6173302506,985021106,light_sensitivity_value,1775768820,"{""light_sensitivity_value"":0,""time"":1775768820}",1775859971
6173302506,985021106,body_momentum,1775768820,"{""body_momentum"":0,""time"":1775768820}",1775859986
6173302506,985021106,light_sensitivity_value,1775768760,"{""light_sensitivity_value"":0,""time"":1775768760}",1775859971
6173302506,985021106,body_momentum,1775768760,"{""body_momentum"":0,""time"":1775768760}",1775859986
6173302506,985021106,light_sensitivity_value,1775768700,"{""light_sensitivity_value"":0,""time"":1775768700}",1775859971
6173302506,985021106,body_momentum,1775768700,"{""body_momentum"":0,""time"":1775768700}",1775859986
6173302506,985021106,light_sensitivity_value,1775768640,"{""light_sensitivity_value"":0,""time"":1775768640}",1775859971
6173302506,985021106,body_momentum,1775768640,"{""body_momentum"":0,""time"":1775768640}",1775859986
6173302506,985021106,light_sensitivity_value,1775768580,"{""light_sensitivity_value"":0,""time"":1775768580}",1775859971
6173302506,985021106,body_momentum,1775768580,"{""body_momentum"":0,""time"":1775768580}",1775859986
6173302506,985021106,light_sensitivity_value,1775768520,"{""light_sensitivity_value"":0,""time"":1775768520}",1775859971
6173302506,985021106,body_momentum,1775768520,"{""body_momentum"":0,""time"":1775768520}",1775859986
6173302506,985021106,light_sensitivity_value,1775768460,"{""light_sensitivity_value"":0,""time"":1775768460}",1775859971
6173302506,985021106,body_momentum,1775768460,"{""body_momentum"":0,""time"":1775768460}",1775859986
6173302506,985021106,valid_stand,1775768400,"{""end_time"":1775772000,""start_time"":1775768400}",1775859654
6173302506,985021106,light_sensitivity_value,1775768400,"{""light_sensitivity_value"":0,""time"":1775768400}",1775859971
6173302506,985021106,body_momentum,1775768400,"{""body_momentum"":0,""time"":1775768400}",1775859986
6173302506,985021106,light_sensitivity_value,1775768340,"{""light_sensitivity_value"":0,""time"":1775768340}",1775859971
6173302506,985021106,body_momentum,1775768340,"{""body_momentum"":0,""time"":1775768340}",1775859986
6173302506,985021106,light_sensitivity_value,1775768280,"{""light_sensitivity_value"":0,""time"":1775768280}",1775859971
6173302506,985021106,body_momentum,1775768280,"{""body_momentum"":0,""time"":1775768280}",1775859986
6173302506,985021106,light_sensitivity_value,1775768220,"{""light_sensitivity_value"":0,""time"":1775768220}",1775859971
6173302506,985021106,body_momentum,1775768220,"{""body_momentum"":0,""time"":1775768220}",1775859986
6173302506,985021106,light_sensitivity_value,1775768160,"{""light_sensitivity_value"":0,""time"":1775768160}",1775859971
6173302506,985021106,body_momentum,1775768160,"{""body_momentum"":0,""time"":1775768160}",1775859986
6173302506,985021106,light_sensitivity_value,1775768100,"{""light_sensitivity_value"":0,""time"":1775768100}",1775859971
6173302506,985021106,body_momentum,1775768100,"{""body_momentum"":0,""time"":1775768100}",1775859986
6173302506,985021106,light_sensitivity_value,1775768040,"{""light_sensitivity_value"":0,""time"":1775768040}",1775859971
6173302506,985021106,body_momentum,1775768040,"{""body_momentum"":0,""time"":1775768040}",1775859986
6173302506,985021106,light_sensitivity_value,1775767980,"{""light_sensitivity_value"":0,""time"":1775767980}",1775859971
6173302506,985021106,body_momentum,1775767980,"{""body_momentum"":0,""time"":1775767980}",1775859986
6173302506,985021106,light_sensitivity_value,1775767920,"{""light_sensitivity_value"":0,""time"":1775767920}",1775859971
6173302506,985021106,body_momentum,1775767920,"{""body_momentum"":0,""time"":1775767920}",1775859986
6173302506,985021106,light_sensitivity_value,1775767860,"{""light_sensitivity_value"":0,""time"":1775767860}",1775859971
6173302506,985021106,body_momentum,1775767860,"{""body_momentum"":0,""time"":1775767860}",1775859986
6173302506,985021106,light_sensitivity_value,1775767800,"{""light_sensitivity_value"":0,""time"":1775767800}",1775859971
6173302506,985021106,body_momentum,1775767800,"{""body_momentum"":0,""time"":1775767800}",1775859986
6173302506,985021106,light_sensitivity_value,1775767740,"{""light_sensitivity_value"":0,""time"":1775767740}",1775859971
6173302506,985021106,body_momentum,1775767740,"{""body_momentum"":0,""time"":1775767740}",1775859986
6173302506,985021106,light_sensitivity_value,1775767680,"{""light_sensitivity_value"":0,""time"":1775767680}",1775859971
6173302506,985021106,body_momentum,1775767680,"{""body_momentum"":0,""time"":1775767680}",1775859986
6173302506,985021106,light_sensitivity_value,1775767620,"{""light_sensitivity_value"":0,""time"":1775767620}",1775859971
6173302506,985021106,body_momentum,1775767620,"{""body_momentum"":0,""time"":1775767620}",1775859986
6173302506,985021106,light_sensitivity_value,1775767560,"{""light_sensitivity_value"":0,""time"":1775767560}",1775859971
6173302506,985021106,body_momentum,1775767560,"{""body_momentum"":0,""time"":1775767560}",1775859986
6173302506,985021106,light_sensitivity_value,1775767500,"{""light_sensitivity_value"":0,""time"":1775767500}",1775859971
6173302506,985021106,body_momentum,1775767500,"{""body_momentum"":0,""time"":1775767500}",1775859986
6173302506,985021106,light_sensitivity_value,1775767440,"{""light_sensitivity_value"":0,""time"":1775767440}",1775859971
6173302506,985021106,body_momentum,1775767440,"{""body_momentum"":0,""time"":1775767440}",1775859986
6173302506,985021106,light_sensitivity_value,1775767380,"{""light_sensitivity_value"":0,""time"":1775767380}",1775859971
6173302506,985021106,body_momentum,1775767380,"{""body_momentum"":0,""time"":1775767380}",1775859986
6173302506,985021106,light_sensitivity_value,1775767320,"{""light_sensitivity_value"":0,""time"":1775767320}",1775859971
6173302506,985021106,body_momentum,1775767320,"{""body_momentum"":0,""time"":1775767320}",1775859986
6173302506,985021106,light_sensitivity_value,1775767260,"{""light_sensitivity_value"":0,""time"":1775767260}",1775859971
6173302506,985021106,body_momentum,1775767260,"{""body_momentum"":0,""time"":1775767260}",1775859986
6173302506,985021106,light_sensitivity_value,1775767200,"{""light_sensitivity_value"":0,""time"":1775767200}",1775859971
6173302506,985021106,body_momentum,1775767200,"{""body_momentum"":0,""time"":1775767200}",1775859986
6173302506,985021106,light_sensitivity_value,1775767140,"{""light_sensitivity_value"":0,""time"":1775767140}",1775859971
6173302506,985021106,body_momentum,1775767140,"{""body_momentum"":0,""time"":1775767140}",1775859986
6173302506,985021106,light_sensitivity_value,1775767080,"{""light_sensitivity_value"":0,""time"":1775767080}",1775859971
6173302506,985021106,body_momentum,1775767080,"{""body_momentum"":0,""time"":1775767080}",1775859986
6173302506,985021106,light_sensitivity_value,1775767020,"{""light_sensitivity_value"":0,""time"":1775767020}",1775859971
6173302506,985021106,body_momentum,1775767020,"{""body_momentum"":0,""time"":1775767020}",1775859986
6173302506,985021106,light_sensitivity_value,1775766960,"{""light_sensitivity_value"":0,""time"":1775766960}",1775859971
6173302506,985021106,body_momentum,1775766960,"{""body_momentum"":0,""time"":1775766960}",1775859986
6173302506,985021106,light_sensitivity_value,1775766900,"{""light_sensitivity_value"":0,""time"":1775766900}",1775859971
6173302506,985021106,body_momentum,1775766900,"{""body_momentum"":0,""time"":1775766900}",1775859986
6173302506,985021106,light_sensitivity_value,1775766840,"{""light_sensitivity_value"":0,""time"":1775766840}",1775859971
6173302506,985021106,body_momentum,1775766840,"{""body_momentum"":0,""time"":1775766840}",1775859986
6173302506,985021106,light_sensitivity_value,1775766780,"{""light_sensitivity_value"":0,""time"":1775766780}",1775859971
6173302506,985021106,body_momentum,1775766780,"{""body_momentum"":0,""time"":1775766780}",1775859986
6173302506,985021106,light_sensitivity_value,1775766720,"{""light_sensitivity_value"":0,""time"":1775766720}",1775859971
6173302506,985021106,body_momentum,1775766720,"{""body_momentum"":0,""time"":1775766720}",1775859986
6173302506,985021106,light_sensitivity_value,1775766660,"{""light_sensitivity_value"":0,""time"":1775766660}",1775859971
6173302506,985021106,body_momentum,1775766660,"{""body_momentum"":0,""time"":1775766660}",1775859986
6173302506,985021106,light_sensitivity_value,1775766600,"{""light_sensitivity_value"":0,""time"":1775766600}",1775859971
6173302506,985021106,body_momentum,1775766600,"{""body_momentum"":0,""time"":1775766600}",1775859986
6173302506,985021106,light_sensitivity_value,1775766540,"{""light_sensitivity_value"":0,""time"":1775766540}",1775859971
6173302506,985021106,body_momentum,1775766540,"{""body_momentum"":0,""time"":1775766540}",1775859986
6173302506,985021106,light_sensitivity_value,1775766480,"{""light_sensitivity_value"":0,""time"":1775766480}",1775859971
6173302506,985021106,body_momentum,1775766480,"{""body_momentum"":0,""time"":1775766480}",1775859986
6173302506,985021106,light_sensitivity_value,1775766420,"{""light_sensitivity_value"":0,""time"":1775766420}",1775859970
6173302506,985021106,body_momentum,1775766420,"{""body_momentum"":0,""time"":1775766420}",1775859986
6173302506,985021106,light_sensitivity_value,1775766360,"{""light_sensitivity_value"":0,""time"":1775766360}",1775859970
6173302506,985021106,body_momentum,1775766360,"{""body_momentum"":0,""time"":1775766360}",1775859986
6173302506,985021106,light_sensitivity_value,1775766300,"{""light_sensitivity_value"":0,""time"":1775766300}",1775859970
6173302506,985021106,body_momentum,1775766300,"{""body_momentum"":0,""time"":1775766300}",1775859986
6173302506,985021106,light_sensitivity_value,1775766240,"{""light_sensitivity_value"":0,""time"":1775766240}",1775859970
6173302506,985021106,body_momentum,1775766240,"{""body_momentum"":0,""time"":1775766240}",1775859986
6173302506,985021106,light_sensitivity_value,1775766180,"{""light_sensitivity_value"":0,""time"":1775766180}",1775859970
6173302506,985021106,body_momentum,1775766180,"{""body_momentum"":0,""time"":1775766180}",1775859986
6173302506,985021106,light_sensitivity_value,1775766120,"{""light_sensitivity_value"":0,""time"":1775766120}",1775859970
6173302506,985021106,body_momentum,1775766120,"{""body_momentum"":0,""time"":1775766120}",1775859986
6173302506,985021106,light_sensitivity_value,1775766060,"{""light_sensitivity_value"":0,""time"":1775766060}",1775859970
6173302506,985021106,body_momentum,1775766060,"{""body_momentum"":0,""time"":1775766060}",1775859986
6173302506,985021106,light_sensitivity_value,1775766000,"{""light_sensitivity_value"":0,""time"":1775766000}",1775859970
6173302506,985021106,body_momentum,1775766000,"{""body_momentum"":0,""time"":1775766000}",1775859986
6173302506,985021106,light_sensitivity_value,1775765940,"{""light_sensitivity_value"":0,""time"":1775765940}",1775859970
6173302506,985021106,body_momentum,1775765940,"{""body_momentum"":0,""time"":1775765940}",1775859986
6173302506,985021106,light_sensitivity_value,1775765880,"{""light_sensitivity_value"":0,""time"":1775765880}",1775859970
6173302506,985021106,body_momentum,1775765880,"{""body_momentum"":0,""time"":1775765880}",1775859986
6173302506,985021106,light_sensitivity_value,1775765820,"{""light_sensitivity_value"":0,""time"":1775765820}",1775859970
6173302506,985021106,body_momentum,1775765820,"{""body_momentum"":0,""time"":1775765820}",1775859986
6173302506,985021106,light_sensitivity_value,1775765760,"{""light_sensitivity_value"":0,""time"":1775765760}",1775859970
6173302506,985021106,body_momentum,1775765760,"{""body_momentum"":0,""time"":1775765760}",1775859986
6173302506,985021106,light_sensitivity_value,1775765700,"{""light_sensitivity_value"":0,""time"":1775765700}",1775859970
6173302506,985021106,body_momentum,1775765700,"{""body_momentum"":0,""time"":1775765700}",1775859986
6173302506,985021106,light_sensitivity_value,1775765640,"{""light_sensitivity_value"":0,""time"":1775765640}",1775859970
6173302506,985021106,body_momentum,1775765640,"{""body_momentum"":0,""time"":1775765640}",1775859986
6173302506,985021106,light_sensitivity_value,1775765580,"{""light_sensitivity_value"":0,""time"":1775765580}",1775859970
6173302506,985021106,body_momentum,1775765580,"{""body_momentum"":0,""time"":1775765580}",1775859986
6173302506,985021106,light_sensitivity_value,1775765520,"{""light_sensitivity_value"":0,""time"":1775765520}",1775859970
6173302506,985021106,body_momentum,1775765520,"{""body_momentum"":0,""time"":1775765520}",1775859986
6173302506,985021106,light_sensitivity_value,1775765460,"{""light_sensitivity_value"":0,""time"":1775765460}",1775859970
6173302506,985021106,body_momentum,1775765460,"{""body_momentum"":0,""time"":1775765460}",1775859986
6173302506,985021106,light_sensitivity_value,1775765400,"{""light_sensitivity_value"":0,""time"":1775765400}",1775859970
6173302506,985021106,body_momentum,1775765400,"{""body_momentum"":0,""time"":1775765400}",1775859986
6173302506,985021106,light_sensitivity_value,1775765340,"{""light_sensitivity_value"":0,""time"":1775765340}",1775859970
6173302506,985021106,body_momentum,1775765340,"{""body_momentum"":0,""time"":1775765340}",1775859986
6173302506,985021106,light_sensitivity_value,1775765280,"{""light_sensitivity_value"":0,""time"":1775765280}",1775859970
6173302506,985021106,body_momentum,1775765280,"{""body_momentum"":0,""time"":1775765280}",1775859986
6173302506,985021106,light_sensitivity_value,1775765220,"{""light_sensitivity_value"":0,""time"":1775765220}",1775859970
6173302506,985021106,body_momentum,1775765220,"{""body_momentum"":0,""time"":1775765220}",1775859986
6173302506,985021106,light_sensitivity_value,1775765160,"{""light_sensitivity_value"":0,""time"":1775765160}",1775859970
6173302506,985021106,body_momentum,1775765160,"{""body_momentum"":0,""time"":1775765160}",1775859986
6173302506,985021106,light_sensitivity_value,1775765100,"{""light_sensitivity_value"":0,""time"":1775765100}",1775859970
6173302506,985021106,body_momentum,1775765100,"{""body_momentum"":0,""time"":1775765100}",1775859986
6173302506,985021106,light_sensitivity_value,1775765040,"{""light_sensitivity_value"":0,""time"":1775765040}",1775859970
6173302506,985021106,body_momentum,1775765040,"{""body_momentum"":0,""time"":1775765040}",1775859986
6173302506,985021106,light_sensitivity_value,1775764980,"{""light_sensitivity_value"":0,""time"":1775764980}",1775859970
6173302506,985021106,body_momentum,1775764980,"{""body_momentum"":0,""time"":1775764980}",1775859986
6173302506,985021106,light_sensitivity_value,1775764920,"{""light_sensitivity_value"":0,""time"":1775764920}",1775859970
6173302506,985021106,body_momentum,1775764920,"{""body_momentum"":0,""time"":1775764920}",1775859986
6173302506,985021106,calories,1775771880,"{""time"":1775771880,""calories"":1}",1775859569
6173302506,985021106,calories,1775771760,"{""time"":1775771760,""calories"":2}",1775859569
6173302506,985021106,steps,1775771760,"{""time"":1775771760,""steps"":15,""distance"":9,""calories"":2}",1775859508
6173302506,985021106,heart_rate,1775771700,"{""time"":1775771700,""bpm"":76,""type"":0}",1775859388
6173302506,985021106,steps,1775771580,"{""time"":1775771580,""steps"":23,""distance"":15,""calories"":3}",1775859508
6173302506,985021106,calories,1775771580,"{""time"":1775771580,""calories"":3}",1775859569
6173302506,985021106,calories,1775771460,"{""time"":1775771460,""calories"":1}",1775859569
6173302506,985021106,calories,1775771340,"{""time"":1775771340,""calories"":1}",1775859569
6173302506,985021106,heart_rate,1775771100,"{""time"":1775771100,""bpm"":76,""type"":0}",1775859388
6173302506,985021106,calories,1775770980,"{""time"":1775770980,""calories"":1}",1775859569
6173302506,985021106,calories,1775770860,"{""time"":1775770860,""calories"":1}",1775859569
6173302506,985021106,calories,1775770680,"{""time"":1775770680,""calories"":1}",1775859569
6173302506,985021106,heart_rate,1775770500,"{""time"":1775770500,""bpm"":79,""type"":0}",1775859388
6173302506,985021106,calories,1775770380,"{""time"":1775770380,""calories"":1}",1775859569
6173302506,985021106,steps,1775770320,"{""time"":1775770320,""steps"":6,""distance"":3,""calories"":2}",1775859508
6173302506,985021106,calories,1775770320,"{""time"":1775770320,""calories"":2}",1775859569
6173302506,985021106,calories,1775770260,"{""time"":1775770260,""calories"":1}",1775859569
6173302506,985021106,calories,1775770200,"{""time"":1775770200,""calories"":1}",1775859569
6173302506,985021106,calories,1775769960,"{""time"":1775769960,""calories"":1}",1775859569
6173302506,985021106,heart_rate,1775769900,"{""time"":1775769900,""bpm"":76,""type"":0}",1775859388
6173302506,985021106,calories,1775769720,"{""time"":1775769720,""calories"":1}",1775859569
6173302506,985021106,calories,1775769360,"{""time"":1775769360,""calories"":1}",1775859569
6173302506,985021106,heart_rate,1775769300,"{""time"":1775769300,""bpm"":69,""type"":0}",1775859388
6173302506,985021106,calories,1775769060,"{""time"":1775769060,""calories"":1}",1775859569
6173302506,985021106,calories,1775768820,"{""time"":1775768820,""calories"":1}",1775859569
6173302506,985021106,heart_rate,1775768700,"{""time"":1775768700,""bpm"":77,""type"":0}",1775859388
6173302506,985021106,calories,1775768640,"{""time"":1775768640,""calories"":1}",1775859569
6173302506,985021106,calories,1775768340,"{""time"":1775768340,""calories"":1}",1775859569
6173302506,985021106,steps,1775768280,"{""time"":1775768280,""steps"":39,""distance"":25,""calories"":1}",1775859508
6173302506,985021106,calories,1775768280,"{""time"":1775768280,""calories"":1}",1775859569
6173302506,985021106,steps,1775768160,"{""time"":1775768160,""steps"":22,""distance"":13,""calories"":1}",1775859508
6173302506,985021106,calories,1775768160,"{""time"":1775768160,""calories"":1}",1775859569
6173302506,985021106,heart_rate,1775768100,"{""time"":1775768100,""bpm"":73,""type"":0}",1775859388
6173302506,985021106,calories,1775767740,"{""time"":1775767740,""calories"":1}",1775859569
6173302506,985021106,heart_rate,1775767500,"{""time"":1775767500,""bpm"":80,""type"":0}",1775859388
6173302506,985021106,calories,1775767380,"{""time"":1775767380,""calories"":1}",1775859569
6173302506,985021106,calories,1775767080,"{""time"":1775767080,""calories"":1}",1775859569
6173302506,985021106,heart_rate,1775766900,"{""time"":1775766900,""bpm"":74,""type"":0}",1775859388
6173302506,985021106,calories,1775766540,"{""time"":1775766540,""calories"":1}",1775859569
6173302506,985021106,calories,1775766360,"{""time"":1775766360,""calories"":1}",1775859569
6173302506,985021106,calories,1775766300,"{""time"":1775766300,""calories"":1}",1775859569
6173302506,985021106,heart_rate,1775766300,"{""time"":1775766300,""bpm"":81,""type"":0}",1775859388
6173302506,985021106,calories,1775766180,"{""time"":1775766180,""calories"":1}",1775859569
6173302506,985021106,heart_rate,1775765700,"{""time"":1775765700,""bpm"":76,""type"":0}",1775859388
6173302506,985021106,calories,1775765700,"{""time"":1775765700,""calories"":1}",1775859569
6173302506,985021106,calories,1775765400,"{""time"":1775765400,""calories"":1}",1775859569
6173302506,985021106,calories,1775765340,"{""time"":1775765340,""calories"":1}",1775859569
6173302506,985021106,calories,1775765100,"{""time"":1775765100,""calories"":1}",1775859569
6173302506,985021106,heart_rate,1775765100,"{""time"":1775765100,""bpm"":78,""type"":0}",1775859388
6173302506,985021106,body_momentum,1775764860,"{""body_momentum"":0,""time"":1775764860}",1775859986
6173302506,985021106,light_sensitivity_value,1775764860,"{""light_sensitivity_value"":0,""time"":1775764860}",1775859970
6173302506,985021106,body_momentum,1775764800,"{""body_momentum"":0,""time"":1775764800}",1775859986
6173302506,985021106,valid_stand,1775764800,"{""end_time"":1775768400,""start_time"":1775764800}",1775859654
6173302506,985021106,light_sensitivity_value,1775764800,"{""light_sensitivity_value"":0,""time"":1775764800}",1775859970
6173302506,985021106,light_sensitivity_value,1775764740,"{""light_sensitivity_value"":0,""time"":1775764740}",1775859970
6173302506,985021106,body_momentum,1775764740,"{""body_momentum"":0,""time"":1775764740}",1775859986
6173302506,985021106,light_sensitivity_value,1775764680,"{""light_sensitivity_value"":0,""time"":1775764680}",1775859970
6173302506,985021106,body_momentum,1775764680,"{""body_momentum"":0,""time"":1775764680}",1775859986
6173302506,985021106,light_sensitivity_value,1775764620,"{""light_sensitivity_value"":0,""time"":1775764620}",1775859970
6173302506,985021106,body_momentum,1775764620,"{""body_momentum"":0,""time"":1775764620}",1775859986
6173302506,985021106,light_sensitivity_value,1775764560,"{""light_sensitivity_value"":0,""time"":1775764560}",1775859970
6173302506,985021106,body_momentum,1775764560,"{""body_momentum"":0,""time"":1775764560}",1775859986
6173302506,985021106,light_sensitivity_value,1775764500,"{""light_sensitivity_value"":0,""time"":1775764500}",1775859970
6173302506,985021106,body_momentum,1775764500,"{""body_momentum"":0,""time"":1775764500}",1775859986
6173302506,985021106,light_sensitivity_value,1775764440,"{""light_sensitivity_value"":0,""time"":1775764440}",1775859970
6173302506,985021106,body_momentum,1775764440,"{""body_momentum"":0,""time"":1775764440}",1775859986
6173302506,985021106,light_sensitivity_value,1775764380,"{""light_sensitivity_value"":0,""time"":1775764380}",1775859970
6173302506,985021106,body_momentum,1775764380,"{""body_momentum"":0,""time"":1775764380}",1775859986
6173302506,985021106,light_sensitivity_value,1775764320,"{""light_sensitivity_value"":0,""time"":1775764320}",1775859970
6173302506,985021106,body_momentum,1775764320,"{""body_momentum"":0,""time"":1775764320}",1775859986
6173302506,985021106,light_sensitivity_value,1775764260,"{""light_sensitivity_value"":0,""time"":1775764260}",1775859970
6173302506,985021106,body_momentum,1775764260,"{""body_momentum"":0,""time"":1775764260}",1775859986
6173302506,985021106,light_sensitivity_value,1775764200,"{""light_sensitivity_value"":0,""time"":1775764200}",1775859970
6173302506,985021106,body_momentum,1775764200,"{""body_momentum"":0,""time"":1775764200}",1775859986
6173302506,985021106,light_sensitivity_value,1775764140,"{""light_sensitivity_value"":0,""time"":1775764140}",1775859970
6173302506,985021106,body_momentum,1775764140,"{""body_momentum"":0,""time"":1775764140}",1775859986
6173302506,985021106,light_sensitivity_value,1775764080,"{""light_sensitivity_value"":0,""time"":1775764080}",1775859970
6173302506,985021106,body_momentum,1775764080,"{""body_momentum"":0,""time"":1775764080}",1775859986
6173302506,985021106,light_sensitivity_value,1775764020,"{""light_sensitivity_value"":0,""time"":1775764020}",1775859970
6173302506,985021106,body_momentum,1775764020,"{""body_momentum"":0,""time"":1775764020}",1775859986
6173302506,985021106,light_sensitivity_value,1775763960,"{""light_sensitivity_value"":0,""time"":1775763960}",1775859970
6173302506,985021106,body_momentum,1775763960,"{""body_momentum"":0,""time"":1775763960}",1775859986
6173302506,985021106,light_sensitivity_value,1775763900,"{""light_sensitivity_value"":0,""time"":1775763900}",1775859970
6173302506,985021106,body_momentum,1775763900,"{""body_momentum"":0,""time"":1775763900}",1775859986
6173302506,985021106,light_sensitivity_value,1775763840,"{""light_sensitivity_value"":0,""time"":1775763840}",1775859970
6173302506,985021106,body_momentum,1775763840,"{""body_momentum"":0,""time"":1775763840}",1775859986
6173302506,985021106,light_sensitivity_value,1775763780,"{""light_sensitivity_value"":0,""time"":1775763780}",1775859970
6173302506,985021106,body_momentum,1775763780,"{""body_momentum"":0,""time"":1775763780}",1775859986
6173302506,985021106,light_sensitivity_value,1775763720,"{""light_sensitivity_value"":0,""time"":1775763720}",1775859970
6173302506,985021106,body_momentum,1775763720,"{""body_momentum"":0,""time"":1775763720}",1775859986
6173302506,985021106,light_sensitivity_value,1775763660,"{""light_sensitivity_value"":0,""time"":1775763660}",1775859970
6173302506,985021106,body_momentum,1775763660,"{""body_momentum"":0,""time"":1775763660}",1775859986
6173302506,985021106,light_sensitivity_value,1775763600,"{""light_sensitivity_value"":0,""time"":1775763600}",1775859970
6173302506,985021106,body_momentum,1775763600,"{""body_momentum"":0,""time"":1775763600}",1775859986
6173302506,985021106,light_sensitivity_value,1775763540,"{""light_sensitivity_value"":0,""time"":1775763540}",1775859970
6173302506,985021106,body_momentum,1775763540,"{""body_momentum"":0,""time"":1775763540}",1775859986
6173302506,985021106,light_sensitivity_value,1775763480,"{""light_sensitivity_value"":0,""time"":1775763480}",1775859970
6173302506,985021106,body_momentum,1775763480,"{""body_momentum"":0,""time"":1775763480}",1775859986
6173302506,985021106,light_sensitivity_value,1775763420,"{""light_sensitivity_value"":0,""time"":1775763420}",1775859970
6173302506,985021106,body_momentum,1775763420,"{""body_momentum"":0,""time"":1775763420}",1775859986
6173302506,985021106,light_sensitivity_value,1775763360,"{""light_sensitivity_value"":0,""time"":1775763360}",1775859970
6173302506,985021106,body_momentum,1775763360,"{""body_momentum"":0,""time"":1775763360}",1775859986
6173302506,985021106,light_sensitivity_value,1775763300,"{""light_sensitivity_value"":0,""time"":1775763300}",1775859970
6173302506,985021106,body_momentum,1775763300,"{""body_momentum"":0,""time"":1775763300}",1775859986
6173302506,985021106,light_sensitivity_value,1775763240,"{""light_sensitivity_value"":0,""time"":1775763240}",1775859970
6173302506,985021106,body_momentum,1775763240,"{""body_momentum"":0,""time"":1775763240}",1775859986
6173302506,985021106,light_sensitivity_value,1775763180,"{""light_sensitivity_value"":0,""time"":1775763180}",1775859970
6173302506,985021106,body_momentum,1775763180,"{""body_momentum"":0,""time"":1775763180}",1775859986
6173302506,985021106,light_sensitivity_value,1775763120,"{""light_sensitivity_value"":0,""time"":1775763120}",1775859970
6173302506,985021106,body_momentum,1775763120,"{""body_momentum"":0,""time"":1775763120}",1775859986
6173302506,985021106,light_sensitivity_value,1775763060,"{""light_sensitivity_value"":0,""time"":1775763060}",1775859970
6173302506,985021106,body_momentum,1775763060,"{""body_momentum"":0,""time"":1775763060}",1775859986
6173302506,985021106,light_sensitivity_value,1775763000,"{""light_sensitivity_value"":0,""time"":1775763000}",1775859970
6173302506,985021106,body_momentum,1775763000,"{""body_momentum"":0,""time"":1775763000}",1775859986
6173302506,985021106,light_sensitivity_value,1775762940,"{""light_sensitivity_value"":0,""time"":1775762940}",1775859970
6173302506,985021106,body_momentum,1775762940,"{""body_momentum"":0,""time"":1775762940}",1775859986
6173302506,985021106,light_sensitivity_value,1775762880,"{""light_sensitivity_value"":0,""time"":1775762880}",1775859970
6173302506,985021106,body_momentum,1775762880,"{""body_momentum"":0,""time"":1775762880}",1775859986
6173302506,985021106,light_sensitivity_value,1775762820,"{""light_sensitivity_value"":0,""time"":1775762820}",1775859970
6173302506,985021106,body_momentum,1775762820,"{""body_momentum"":0,""time"":1775762820}",1775859985
6173302506,985021106,light_sensitivity_value,1775762760,"{""light_sensitivity_value"":0,""time"":1775762760}",1775859970
6173302506,985021106,body_momentum,1775762760,"{""body_momentum"":0,""time"":1775762760}",1775859985
6173302506,985021106,light_sensitivity_value,1775762700,"{""light_sensitivity_value"":0,""time"":1775762700}",1775859970
6173302506,985021106,body_momentum,1775762700,"{""body_momentum"":0,""time"":1775762700}",1775859985
6173302506,985021106,light_sensitivity_value,1775762640,"{""light_sensitivity_value"":0,""time"":1775762640}",1775859970
6173302506,985021106,body_momentum,1775762640,"{""body_momentum"":0,""time"":1775762640}",1775859985
6173302506,985021106,light_sensitivity_value,1775762580,"{""light_sensitivity_value"":0,""time"":1775762580}",1775859970
6173302506,985021106,body_momentum,1775762580,"{""body_momentum"":0,""time"":1775762580}",1775859985
6173302506,985021106,light_sensitivity_value,1775762520,"{""light_sensitivity_value"":0,""time"":1775762520}",1775859970
6173302506,985021106,body_momentum,1775762520,"{""body_momentum"":0,""time"":1775762520}",1775859985
6173302506,985021106,light_sensitivity_value,1775762460,"{""light_sensitivity_value"":0,""time"":1775762460}",1775859970
6173302506,985021106,body_momentum,1775762460,"{""body_momentum"":0,""time"":1775762460}",1775859985
6173302506,985021106,light_sensitivity_value,1775762400,"{""light_sensitivity_value"":0,""time"":1775762400}",1775859970
6173302506,985021106,body_momentum,1775762400,"{""body_momentum"":0,""time"":1775762400}",1775859985
6173302506,985021106,light_sensitivity_value,1775762340,"{""light_sensitivity_value"":0,""time"":1775762340}",1775859970
6173302506,985021106,body_momentum,1775762340,"{""body_momentum"":0,""time"":1775762340}",1775859985
6173302506,985021106,light_sensitivity_value,1775762280,"{""light_sensitivity_value"":0,""time"":1775762280}",1775859970
6173302506,985021106,body_momentum,1775762280,"{""body_momentum"":0,""time"":1775762280}",1775859985
6173302506,985021106,light_sensitivity_value,1775762220,"{""light_sensitivity_value"":0,""time"":1775762220}",1775859970
6173302506,985021106,body_momentum,1775762220,"{""body_momentum"":0,""time"":1775762220}",1775859985
6173302506,985021106,light_sensitivity_value,1775762160,"{""light_sensitivity_value"":0,""time"":1775762160}",1775859970
6173302506,985021106,body_momentum,1775762160,"{""body_momentum"":0,""time"":1775762160}",1775859985
6173302506,985021106,light_sensitivity_value,1775762100,"{""light_sensitivity_value"":0,""time"":1775762100}",1775859970
6173302506,985021106,body_momentum,1775762100,"{""body_momentum"":0,""time"":1775762100}",1775859985
6173302506,985021106,light_sensitivity_value,1775762040,"{""light_sensitivity_value"":0,""time"":1775762040}",1775859970
6173302506,985021106,body_momentum,1775762040,"{""body_momentum"":0,""time"":1775762040}",1775859985
6173302506,985021106,light_sensitivity_value,1775761980,"{""light_sensitivity_value"":0,""time"":1775761980}",1775859970
6173302506,985021106,body_momentum,1775761980,"{""body_momentum"":0,""time"":1775761980}",1775859985
6173302506,985021106,light_sensitivity_value,1775761920,"{""light_sensitivity_value"":0,""time"":1775761920}",1775859970
6173302506,985021106,body_momentum,1775761920,"{""body_momentum"":0,""time"":1775761920}",1775859985
6173302506,985021106,light_sensitivity_value,1775761860,"{""light_sensitivity_value"":0,""time"":1775761860}",1775859970
6173302506,985021106,body_momentum,1775761860,"{""body_momentum"":0,""time"":1775761860}",1775859985
6173302506,985021106,light_sensitivity_value,1775761800,"{""light_sensitivity_value"":0,""time"":1775761800}",1775859970
6173302506,985021106,body_momentum,1775761800,"{""body_momentum"":0,""time"":1775761800}",1775859985
6173302506,985021106,light_sensitivity_value,1775761740,"{""light_sensitivity_value"":0,""time"":1775761740}",1775859970
6173302506,985021106,body_momentum,1775761740,"{""body_momentum"":0,""time"":1775761740}",1775859985
6173302506,985021106,light_sensitivity_value,1775761680,"{""light_sensitivity_value"":0,""time"":1775761680}",1775859970
6173302506,985021106,body_momentum,1775761680,"{""body_momentum"":0,""time"":1775761680}",1775859985
6173302506,985021106,light_sensitivity_value,1775761620,"{""light_sensitivity_value"":0,""time"":1775761620}",1775859970
6173302506,985021106,body_momentum,1775761620,"{""body_momentum"":0,""time"":1775761620}",1775859985
6173302506,985021106,light_sensitivity_value,1775761560,"{""light_sensitivity_value"":0,""time"":1775761560}",1775859970
6173302506,985021106,body_momentum,1775761560,"{""body_momentum"":0,""time"":1775761560}",1775859985
6173302506,985021106,light_sensitivity_value,1775761500,"{""light_sensitivity_value"":0,""time"":1775761500}",1775859970
6173302506,985021106,body_momentum,1775761500,"{""body_momentum"":0,""time"":1775761500}",1775859985
6173302506,985021106,light_sensitivity_value,1775761440,"{""light_sensitivity_value"":0,""time"":1775761440}",1775859970
6173302506,985021106,body_momentum,1775761440,"{""body_momentum"":0,""time"":1775761440}",1775859985
6173302506,985021106,light_sensitivity_value,1775761380,"{""light_sensitivity_value"":0,""time"":1775761380}",1775859970
6173302506,985021106,body_momentum,1775761380,"{""body_momentum"":0,""time"":1775761380}",1775859985
6173302506,985021106,light_sensitivity_value,1775761320,"{""light_sensitivity_value"":0,""time"":1775761320}",1775859970
6173302506,985021106,body_momentum,1775761320,"{""body_momentum"":0,""time"":1775761320}",1775859985
6173302506,985021106,light_sensitivity_value,1775761260,"{""light_sensitivity_value"":0,""time"":1775761260}",1775859970
6173302506,985021106,body_momentum,1775761260,"{""body_momentum"":0,""time"":1775761260}",1775859985
6173302506,985021106,valid_stand,1775761200,"{""end_time"":1775764800,""start_time"":1775761200}",1775859654
6173302506,985021106,light_sensitivity_value,1775761200,"{""light_sensitivity_value"":0,""time"":1775761200}",1775859970
6173302506,985021106,body_momentum,1775761200,"{""body_momentum"":0,""time"":1775761200}",1775859985
6173302506,985021106,light_sensitivity_value,1775761140,"{""light_sensitivity_value"":0,""time"":1775761140}",1775859970
6173302506,985021106,body_momentum,1775761140,"{""body_momentum"":0,""time"":1775761140}",1775859985
6173302506,985021106,light_sensitivity_value,1775761080,"{""light_sensitivity_value"":0,""time"":1775761080}",1775859970
6173302506,985021106,body_momentum,1775761080,"{""body_momentum"":0,""time"":1775761080}",1775859985
6173302506,985021106,light_sensitivity_value,1775761020,"{""light_sensitivity_value"":0,""time"":1775761020}",1775859970
6173302506,985021106,body_momentum,1775761020,"{""body_momentum"":0,""time"":1775761020}",1775859985
6173302506,985021106,light_sensitivity_value,1775760960,"{""light_sensitivity_value"":0,""time"":1775760960}",1775859970
6173302506,985021106,body_momentum,1775760960,"{""body_momentum"":0,""time"":1775760960}",1775859985
6173302506,985021106,light_sensitivity_value,1775760900,"{""light_sensitivity_value"":0,""time"":1775760900}",1775859970
6173302506,985021106,body_momentum,1775760900,"{""body_momentum"":0,""time"":1775760900}",1775859985
6173302506,985021106,light_sensitivity_value,1775760840,"{""light_sensitivity_value"":0,""time"":1775760840}",1775859970
6173302506,985021106,body_momentum,1775760840,"{""body_momentum"":0,""time"":1775760840}",1775859985
6173302506,985021106,light_sensitivity_value,1775760780,"{""light_sensitivity_value"":0,""time"":1775760780}",1775859970
6173302506,985021106,body_momentum,1775760780,"{""body_momentum"":0,""time"":1775760780}",1775859985
6173302506,985021106,light_sensitivity_value,1775760720,"{""light_sensitivity_value"":0,""time"":1775760720}",1775859970
6173302506,985021106,body_momentum,1775760720,"{""body_momentum"":0,""time"":1775760720}",1775859985
6173302506,985021106,light_sensitivity_value,1775760660,"{""light_sensitivity_value"":0,""time"":1775760660}",1775859970
6173302506,985021106,body_momentum,1775760660,"{""body_momentum"":0,""time"":1775760660}",1775859985
6173302506,985021106,light_sensitivity_value,1775760600,"{""light_sensitivity_value"":0,""time"":1775760600}",1775859970
6173302506,985021106,body_momentum,1775760600,"{""body_momentum"":0,""time"":1775760600}",1775859985
6173302506,985021106,light_sensitivity_value,1775760540,"{""light_sensitivity_value"":0,""time"":1775760540}",1775859970
6173302506,985021106,body_momentum,1775760540,"{""body_momentum"":0,""time"":1775760540}",1775859985
6173302506,985021106,light_sensitivity_value,1775760480,"{""light_sensitivity_value"":0,""time"":1775760480}",1775859970
6173302506,985021106,body_momentum,1775760480,"{""body_momentum"":0,""time"":1775760480}",1775859985
6173302506,985021106,light_sensitivity_value,1775760420,"{""light_sensitivity_value"":0,""time"":1775760420}",1775859970
6173302506,985021106,body_momentum,1775760420,"{""body_momentum"":0,""time"":1775760420}",1775859985
6173302506,985021106,light_sensitivity_value,1775760360,"{""light_sensitivity_value"":0,""time"":1775760360}",1775859970
6173302506,985021106,body_momentum,1775760360,"{""body_momentum"":0,""time"":1775760360}",1775859985
6173302506,985021106,light_sensitivity_value,1775760300,"{""light_sensitivity_value"":0,""time"":1775760300}",1775859970
6173302506,985021106,body_momentum,1775760300,"{""body_momentum"":0,""time"":1775760300}",1775859985
6173302506,985021106,light_sensitivity_value,1775760240,"{""light_sensitivity_value"":0,""time"":1775760240}",1775859970
6173302506,985021106,body_momentum,1775760240,"{""body_momentum"":0,""time"":1775760240}",1775859985
6173302506,985021106,light_sensitivity_value,1775760180,"{""light_sensitivity_value"":0,""time"":1775760180}",1775859970
6173302506,985021106,body_momentum,1775760180,"{""body_momentum"":0,""time"":1775760180}",1775859985
6173302506,985021106,light_sensitivity_value,1775760120,"{""light_sensitivity_value"":0,""time"":1775760120}",1775859970
6173302506,985021106,body_momentum,1775760120,"{""body_momentum"":0,""time"":1775760120}",1775859985
6173302506,985021106,light_sensitivity_value,1775760060,"{""light_sensitivity_value"":0,""time"":1775760060}",1775859970
6173302506,985021106,body_momentum,1775760060,"{""body_momentum"":0,""time"":1775760060}",1775859985
6173302506,985021106,light_sensitivity_value,1775760000,"{""light_sensitivity_value"":0,""time"":1775760000}",1775859970
6173302506,985021106,body_momentum,1775760000,"{""body_momentum"":0,""time"":1775760000}",1775859985
6173302506,985021106,light_sensitivity_value,1775759940,"{""light_sensitivity_value"":0,""time"":1775759940}",1775859970
6173302506,985021106,body_momentum,1775759940,"{""body_momentum"":0,""time"":1775759940}",1775859985
6173302506,985021106,light_sensitivity_value,1775759880,"{""light_sensitivity_value"":0,""time"":1775759880}",1775859970
6173302506,985021106,body_momentum,1775759880,"{""body_momentum"":0,""time"":1775759880}",1775859985
6173302506,985021106,light_sensitivity_value,1775759820,"{""light_sensitivity_value"":0,""time"":1775759820}",1775859970
6173302506,985021106,body_momentum,1775759820,"{""body_momentum"":0,""time"":1775759820}",1775859985
6173302506,985021106,light_sensitivity_value,1775759760,"{""light_sensitivity_value"":0,""time"":1775759760}",1775859970
6173302506,985021106,body_momentum,1775759760,"{""body_momentum"":0,""time"":1775759760}",1775859985
6173302506,985021106,light_sensitivity_value,1775759700,"{""light_sensitivity_value"":0,""time"":1775759700}",1775859970
6173302506,985021106,body_momentum,1775759700,"{""body_momentum"":0,""time"":1775759700}",1775859985
6173302506,985021106,light_sensitivity_value,1775759640,"{""light_sensitivity_value"":0,""time"":1775759640}",1775859970
6173302506,985021106,body_momentum,1775759640,"{""body_momentum"":0,""time"":1775759640}",1775859985
6173302506,985021106,light_sensitivity_value,1775759580,"{""light_sensitivity_value"":0,""time"":1775759580}",1775859970
6173302506,985021106,body_momentum,1775759580,"{""body_momentum"":0,""time"":1775759580}",1775859985
6173302506,985021106,light_sensitivity_value,1775759520,"{""light_sensitivity_value"":0,""time"":1775759520}",1775859970
6173302506,985021106,body_momentum,1775759520,"{""body_momentum"":0,""time"":1775759520}",1775859985
6173302506,985021106,light_sensitivity_value,1775759460,"{""light_sensitivity_value"":0,""time"":1775759460}",1775859970
6173302506,985021106,body_momentum,1775759460,"{""body_momentum"":0,""time"":1775759460}",1775859985
6173302506,985021106,light_sensitivity_value,1775759400,"{""light_sensitivity_value"":0,""time"":1775759400}",1775859970
6173302506,985021106,body_momentum,1775759400,"{""body_momentum"":0,""time"":1775759400}",1775859985
6173302506,985021106,light_sensitivity_value,1775759340,"{""light_sensitivity_value"":0,""time"":1775759340}",1775859970
6173302506,985021106,body_momentum,1775759340,"{""body_momentum"":0,""time"":1775759340}",1775859985
6173302506,985021106,light_sensitivity_value,1775759280,"{""light_sensitivity_value"":0,""time"":1775759280}",1775859970
6173302506,985021106,body_momentum,1775759280,"{""body_momentum"":0,""time"":1775759280}",1775859985
6173302506,985021106,light_sensitivity_value,1775759220,"{""light_sensitivity_value"":0,""time"":1775759220}",1775859969
6173302506,985021106,body_momentum,1775759220,"{""body_momentum"":0,""time"":1775759220}",1775859984
6173302506,985021106,light_sensitivity_value,1775759160,"{""light_sensitivity_value"":0,""time"":1775759160}",1775859969
6173302506,985021106,body_momentum,1775759160,"{""body_momentum"":0,""time"":1775759160}",1775859984
6173302506,985021106,light_sensitivity_value,1775759100,"{""light_sensitivity_value"":0,""time"":1775759100}",1775859969
6173302506,985021106,body_momentum,1775759100,"{""body_momentum"":0,""time"":1775759100}",1775859984
6173302506,985021106,light_sensitivity_value,1775759040,"{""light_sensitivity_value"":0,""time"":1775759040}",1775859969
6173302506,985021106,body_momentum,1775759040,"{""body_momentum"":0,""time"":1775759040}",1775859984
6173302506,985021106,light_sensitivity_value,1775758980,"{""light_sensitivity_value"":0,""time"":1775758980}",1775859969
6173302506,985021106,body_momentum,1775758980,"{""body_momentum"":0,""time"":1775758980}",1775859984
6173302506,985021106,light_sensitivity_value,1775758920,"{""light_sensitivity_value"":0,""time"":1775758920}",1775859969
6173302506,985021106,body_momentum,1775758920,"{""body_momentum"":0,""time"":1775758920}",1775859984
6173302506,985021106,light_sensitivity_value,1775758860,"{""light_sensitivity_value"":0,""time"":1775758860}",1775859969
6173302506,985021106,body_momentum,1775758860,"{""body_momentum"":0,""time"":1775758860}",1775859984
6173302506,985021106,light_sensitivity_value,1775758800,"{""light_sensitivity_value"":0,""time"":1775758800}",1775859969
6173302506,985021106,body_momentum,1775758800,"{""body_momentum"":0,""time"":1775758800}",1775859984
6173302506,985021106,light_sensitivity_value,1775758740,"{""light_sensitivity_value"":0,""time"":1775758740}",1775859969
6173302506,985021106,body_momentum,1775758740,"{""body_momentum"":0,""time"":1775758740}",1775859984
6173302506,985021106,light_sensitivity_value,1775758680,"{""light_sensitivity_value"":0,""time"":1775758680}",1775859969
6173302506,985021106,body_momentum,1775758680,"{""body_momentum"":0,""time"":1775758680}",1775859984
6173302506,985021106,light_sensitivity_value,1775758620,"{""light_sensitivity_value"":0,""time"":1775758620}",1775859969
6173302506,985021106,body_momentum,1775758620,"{""body_momentum"":0,""time"":1775758620}",1775859984
6173302506,985021106,light_sensitivity_value,1775758560,"{""light_sensitivity_value"":0,""time"":1775758560}",1775859969
6173302506,985021106,body_momentum,1775758560,"{""body_momentum"":0,""time"":1775758560}",1775859984
6173302506,985021106,light_sensitivity_value,1775758500,"{""light_sensitivity_value"":0,""time"":1775758500}",1775859969
6173302506,985021106,body_momentum,1775758500,"{""body_momentum"":0,""time"":1775758500}",1775859984
6173302506,985021106,light_sensitivity_value,1775758440,"{""light_sensitivity_value"":0,""time"":1775758440}",1775859969
6173302506,985021106,body_momentum,1775758440,"{""body_momentum"":0,""time"":1775758440}",1775859984
6173302506,985021106,light_sensitivity_value,1775758380,"{""light_sensitivity_value"":0,""time"":1775758380}",1775859969
6173302506,985021106,body_momentum,1775758380,"{""body_momentum"":0,""time"":1775758380}",1775859984
6173302506,985021106,light_sensitivity_value,1775758320,"{""light_sensitivity_value"":0,""time"":1775758320}",1775859969
6173302506,985021106,body_momentum,1775758320,"{""body_momentum"":0,""time"":1775758320}",1775859984
6173302506,985021106,light_sensitivity_value,1775758260,"{""light_sensitivity_value"":0,""time"":1775758260}",1775859969
6173302506,985021106,body_momentum,1775758260,"{""body_momentum"":0,""time"":1775758260}",1775859984
6173302506,985021106,light_sensitivity_value,1775758200,"{""light_sensitivity_value"":0,""time"":1775758200}",1775859969
6173302506,985021106,body_momentum,1775758200,"{""body_momentum"":0,""time"":1775758200}",1775859984
6173302506,985021106,light_sensitivity_value,1775758140,"{""light_sensitivity_value"":0,""time"":1775758140}",1775859969
6173302506,985021106,body_momentum,1775758140,"{""body_momentum"":0,""time"":1775758140}",1775859984
6173302506,985021106,light_sensitivity_value,1775758080,"{""light_sensitivity_value"":0,""time"":1775758080}",1775859969
6173302506,985021106,body_momentum,1775758080,"{""body_momentum"":0,""time"":1775758080}",1775859984
6173302506,985021106,light_sensitivity_value,1775758020,"{""light_sensitivity_value"":0,""time"":1775758020}",1775859969
6173302506,985021106,body_momentum,1775758020,"{""body_momentum"":0,""time"":1775758020}",1775859984
6173302506,985021106,light_sensitivity_value,1775757960,"{""light_sensitivity_value"":0,""time"":1775757960}",1775859969
6173302506,985021106,body_momentum,1775757960,"{""body_momentum"":0,""time"":1775757960}",1775859984
6173302506,985021106,light_sensitivity_value,1775757900,"{""light_sensitivity_value"":0,""time"":1775757900}",1775859969
6173302506,985021106,body_momentum,1775757900,"{""body_momentum"":0,""time"":1775757900}",1775859984
6173302506,985021106,light_sensitivity_value,1775757840,"{""light_sensitivity_value"":0,""time"":1775757840}",1775859969
6173302506,985021106,calories,1775764680,"{""time"":1775764680,""calories"":1}",1775859569
6173302506,985021106,calories,1775764560,"{""time"":1775764560,""calories"":1}",1775859569
6173302506,985021106,heart_rate,1775764500,"{""time"":1775764500,""bpm"":92,""type"":0}",1775859388
6173302506,985021106,calories,1775764080,"{""time"":1775764080,""calories"":1}",1775859569
6173302506,985021106,heart_rate,1775763900,"{""time"":1775763900,""bpm"":83,""type"":0}",1775859388
6173302506,985021106,calories,1775763780,"{""time"":1775763780,""calories"":1}",1775859569
6173302506,985021106,calories,1775763660,"{""time"":1775763660,""calories"":1}",1775859569
6173302506,985021106,calories,1775763420,"{""time"":1775763420,""calories"":2}",1775859569
6173302506,985021106,steps,1775763420,"{""time"":1775763420,""steps"":27,""distance"":17,""calories"":2}",1775859508
6173302506,985021106,steps,1775763360,"{""time"":1775763360,""steps"":17,""distance"":11,""calories"":0}",1775859508
6173302506,985021106,calories,1775763300,"{""time"":1775763300,""calories"":2}",1775859569
6173302506,985021106,heart_rate,1775763300,"{""time"":1775763300,""bpm"":108,""type"":0}",1775859388
6173302506,985021106,calories,1775763240,"{""time"":1775763240,""calories"":1}",1775859569
6173302506,985021106,calories,1775762940,"{""time"":1775762940,""calories"":1}",1775859569
6173302506,985021106,calories,1775762700,"{""time"":1775762700,""calories"":1}",1775859569
6173302506,985021106,heart_rate,1775762700,"{""time"":1775762700,""bpm"":82,""type"":0}",1775859388
6173302506,985021106,calories,1775762520,"{""time"":1775762520,""calories"":1}",1775859569
6173302506,985021106,calories,1775762400,"{""time"":1775762400,""calories"":1}",1775859569
6173302506,985021106,steps,1775762400,"{""time"":1775762400,""steps"":17,""distance"":11,""calories"":1}",1775859508
6173302506,985021106,calories,1775762340,"{""time"":1775762340,""calories"":2}",1775859569
6173302506,985021106,steps,1775762340,"{""time"":1775762340,""steps"":19,""distance"":12,""calories"":2}",1775859508
6173302506,985021106,calories,1775762160,"{""time"":1775762160,""calories"":1}",1775859569
6173302506,985021106,calories,1775762100,"{""time"":1775762100,""calories"":1}",1775859569
6173302506,985021106,calories,1775762040,"{""time"":1775762040,""calories"":1}",1775859569
6173302506,985021106,calories,1775761860,"{""time"":1775761860,""calories"":1}",1775859569
6173302506,985021106,calories,1775761740,"{""time"":1775761740,""calories"":3}",1775859569
6173302506,985021106,steps,1775761740,"{""time"":1775761740,""steps"":29,""distance"":18,""calories"":3}",1775859508
6173302506,985021106,calories,1775761680,"{""time"":1775761680,""calories"":1}",1775859569
6173302506,985021106,steps,1775761680,"{""time"":1775761680,""steps"":40,""distance"":25,""calories"":1}",1775859508
6173302506,985021106,calories,1775761620,"{""time"":1775761620,""calories"":2}",1775859569
6173302506,985021106,calories,1775761560,"{""time"":1775761560,""calories"":1}",1775859569
6173302506,985021106,steps,1775761500,"{""time"":1775761500,""steps"":34,""distance"":21,""calories"":1}",1775859508
6173302506,985021106,heart_rate,1775761500,"{""time"":1775761500,""bpm"":75,""type"":0}",1775859388
6173302506,985021106,calories,1775761500,"{""time"":1775761500,""calories"":1}",1775859569
6173302506,985021106,calories,1775761380,"{""time"":1775761380,""calories"":1}",1775859569
6173302506,985021106,calories,1775761020,"{""time"":1775761020,""calories"":2}",1775859569
6173302506,985021106,heart_rate,1775760900,"{""time"":1775760900,""bpm"":87,""type"":0}",1775859388
6173302506,985021106,calories,1775760480,"{""time"":1775760480,""calories"":1}",1775859569
6173302506,985021106,calories,1775760300,"{""time"":1775760300,""calories"":1}",1775859569
6173302506,985021106,heart_rate,1775760300,"{""time"":1775760300,""bpm"":76,""type"":0}",1775859388
6173302506,985021106,calories,1775760060,"{""time"":1775760060,""calories"":1}",1775859569
6173302506,985021106,calories,1775759940,"{""time"":1775759940,""calories"":1}",1775859569
6173302506,985021106,heart_rate,1775759700,"{""time"":1775759700,""bpm"":80,""type"":0}",1775859388
6173302506,985021106,steps,1775759640,"{""time"":1775759640,""steps"":7,""distance"":4,""calories"":0}",1775859508
6173302506,985021106,calories,1775759580,"{""time"":1775759580,""calories"":1}",1775859569
6173302506,985021106,calories,1775759340,"{""time"":1775759340,""calories"":1}",1775859569
6173302506,985021106,body_momentum,1775757840,"{""body_momentum"":0,""time"":1775757840}",1775859984
6173302506,985021106,light_sensitivity_value,1775757780,"{""light_sensitivity_value"":0,""time"":1775757780}",1775859969
6173302506,985021106,body_momentum,1775757780,"{""body_momentum"":0,""time"":1775757780}",1775859984
6173302506,985021106,light_sensitivity_value,1775757720,"{""light_sensitivity_value"":0,""time"":1775757720}",1775859969
6173302506,985021106,body_momentum,1775757720,"{""body_momentum"":0,""time"":1775757720}",1775859984
6173302506,985021106,body_momentum,1775757660,"{""body_momentum"":0,""time"":1775757660}",1775859984
6173302506,985021106,light_sensitivity_value,1775757660,"{""light_sensitivity_value"":0,""time"":1775757660}",1775859969
6173302506,985021106,light_sensitivity_value,1775757600,"{""light_sensitivity_value"":0,""time"":1775757600}",1775859969
6173302506,985021106,body_momentum,1775757600,"{""body_momentum"":0,""time"":1775757600}",1775859984
6173302506,985021106,light_sensitivity_value,1775757540,"{""light_sensitivity_value"":0,""time"":1775757540}",1775859969
6173302506,985021106,body_momentum,1775757540,"{""body_momentum"":0,""time"":1775757540}",1775859984
6173302506,985021106,light_sensitivity_value,1775757480,"{""light_sensitivity_value"":0,""time"":1775757480}",1775859969
6173302506,985021106,body_momentum,1775757480,"{""body_momentum"":0,""time"":1775757480}",1775859984
6173302506,985021106,light_sensitivity_value,1775757420,"{""light_sensitivity_value"":0,""time"":1775757420}",1775859969
6173302506,985021106,body_momentum,1775757420,"{""body_momentum"":0,""time"":1775757420}",1775859984
6173302506,985021106,light_sensitivity_value,1775757360,"{""light_sensitivity_value"":0,""time"":1775757360}",1775859969
6173302506,985021106,body_momentum,1775757360,"{""body_momentum"":0,""time"":1775757360}",1775859984
6173302506,985021106,light_sensitivity_value,1775757300,"{""light_sensitivity_value"":0,""time"":1775757300}",1775859969
6173302506,985021106,body_momentum,1775757300,"{""body_momentum"":0,""time"":1775757300}",1775859984
6173302506,985021106,light_sensitivity_value,1775757240,"{""light_sensitivity_value"":0,""time"":1775757240}",1775859969
6173302506,985021106,body_momentum,1775757240,"{""body_momentum"":0,""time"":1775757240}",1775859984
6173302506,985021106,light_sensitivity_value,1775757180,"{""light_sensitivity_value"":0,""time"":1775757180}",1775859969
6173302506,985021106,body_momentum,1775757180,"{""body_momentum"":0,""time"":1775757180}",1775859984
6173302506,985021106,light_sensitivity_value,1775757120,"{""light_sensitivity_value"":0,""time"":1775757120}",1775859969
6173302506,985021106,body_momentum,1775757120,"{""body_momentum"":0,""time"":1775757120}",1775859984
6173302506,985021106,light_sensitivity_value,1775757060,"{""light_sensitivity_value"":0,""time"":1775757060}",1775859969
6173302506,985021106,body_momentum,1775757060,"{""body_momentum"":0,""time"":1775757060}",1775859984
6173302506,985021106,light_sensitivity_value,1775757000,"{""light_sensitivity_value"":0,""time"":1775757000}",1775859969
6173302506,985021106,body_momentum,1775757000,"{""body_momentum"":0,""time"":1775757000}",1775859984
6173302506,985021106,light_sensitivity_value,1775756940,"{""light_sensitivity_value"":0,""time"":1775756940}",1775859969
6173302506,985021106,body_momentum,1775756940,"{""body_momentum"":0,""time"":1775756940}",1775859984
6173302506,985021106,light_sensitivity_value,1775756880,"{""light_sensitivity_value"":0,""time"":1775756880}",1775859969
6173302506,985021106,body_momentum,1775756880,"{""body_momentum"":0,""time"":1775756880}",1775859984
6173302506,985021106,light_sensitivity_value,1775756820,"{""light_sensitivity_value"":0,""time"":1775756820}",1775859969
6173302506,985021106,body_momentum,1775756820,"{""body_momentum"":0,""time"":1775756820}",1775859984
6173302506,985021106,light_sensitivity_value,1775756760,"{""light_sensitivity_value"":0,""time"":1775756760}",1775859969
6173302506,985021106,body_momentum,1775756760,"{""body_momentum"":0,""time"":1775756760}",1775859984
6173302506,985021106,light_sensitivity_value,1775756700,"{""light_sensitivity_value"":0,""time"":1775756700}",1775859969
6173302506,985021106,body_momentum,1775756700,"{""body_momentum"":0,""time"":1775756700}",1775859984
6173302506,985021106,light_sensitivity_value,1775756640,"{""light_sensitivity_value"":0,""time"":1775756640}",1775859969
6173302506,985021106,body_momentum,1775756640,"{""body_momentum"":0,""time"":1775756640}",1775859984
6173302506,985021106,light_sensitivity_value,1775756580,"{""light_sensitivity_value"":0,""time"":1775756580}",1775859969
6173302506,985021106,body_momentum,1775756580,"{""body_momentum"":0,""time"":1775756580}",1775859984
6173302506,985021106,light_sensitivity_value,1775756520,"{""light_sensitivity_value"":0,""time"":1775756520}",1775859969
6173302506,985021106,body_momentum,1775756520,"{""body_momentum"":0,""time"":1775756520}",1775859984
6173302506,985021106,light_sensitivity_value,1775756460,"{""light_sensitivity_value"":0,""time"":1775756460}",1775859969
6173302506,985021106,body_momentum,1775756460,"{""body_momentum"":0,""time"":1775756460}",1775859984
6173302506,985021106,light_sensitivity_value,1775756400,"{""light_sensitivity_value"":0,""time"":1775756400}",1775859969
6173302506,985021106,body_momentum,1775756400,"{""body_momentum"":0,""time"":1775756400}",1775859984
6173302506,985021106,light_sensitivity_value,1775756340,"{""light_sensitivity_value"":0,""time"":1775756340}",1775859969
6173302506,985021106,body_momentum,1775756340,"{""body_momentum"":0,""time"":1775756340}",1775859984
6173302506,985021106,light_sensitivity_value,1775756280,"{""light_sensitivity_value"":0,""time"":1775756280}",1775859969
6173302506,985021106,body_momentum,1775756280,"{""body_momentum"":0,""time"":1775756280}",1775859984
6173302506,985021106,light_sensitivity_value,1775756220,"{""light_sensitivity_value"":0,""time"":1775756220}",1775859969
6173302506,985021106,body_momentum,1775756220,"{""body_momentum"":0,""time"":1775756220}",1775859984
6173302506,985021106,light_sensitivity_value,1775756160,"{""light_sensitivity_value"":0,""time"":1775756160}",1775859969
6173302506,985021106,body_momentum,1775756160,"{""body_momentum"":0,""time"":1775756160}",1775859984
6173302506,985021106,light_sensitivity_value,1775756100,"{""light_sensitivity_value"":0,""time"":1775756100}",1775859969
6173302506,985021106,body_momentum,1775756100,"{""body_momentum"":0,""time"":1775756100}",1775859984
6173302506,985021106,light_sensitivity_value,1775756040,"{""light_sensitivity_value"":0,""time"":1775756040}",1775859969
6173302506,985021106,body_momentum,1775756040,"{""body_momentum"":0,""time"":1775756040}",1775859984
6173302506,985021106,light_sensitivity_value,1775755980,"{""light_sensitivity_value"":0,""time"":1775755980}",1775859969
6173302506,985021106,body_momentum,1775755980,"{""body_momentum"":0,""time"":1775755980}",1775859984
6173302506,985021106,light_sensitivity_value,1775755920,"{""light_sensitivity_value"":0,""time"":1775755920}",1775859969
6173302506,985021106,body_momentum,1775755920,"{""body_momentum"":0,""time"":1775755920}",1775859984
6173302506,985021106,light_sensitivity_value,1775755860,"{""light_sensitivity_value"":0,""time"":1775755860}",1775859969
6173302506,985021106,body_momentum,1775755860,"{""body_momentum"":0,""time"":1775755860}",1775859984
6173302506,985021106,light_sensitivity_value,1775755800,"{""light_sensitivity_value"":0,""time"":1775755800}",1775859969
6173302506,985021106,body_momentum,1775755800,"{""body_momentum"":0,""time"":1775755800}",1775859984
6173302506,985021106,light_sensitivity_value,1775755740,"{""light_sensitivity_value"":0,""time"":1775755740}",1775859969
6173302506,985021106,body_momentum,1775755740,"{""body_momentum"":0,""time"":1775755740}",1775859984
6173302506,985021106,light_sensitivity_value,1775755680,"{""light_sensitivity_value"":0,""time"":1775755680}",1775859969
6173302506,985021106,body_momentum,1775755680,"{""body_momentum"":0,""time"":1775755680}",1775859984
6173302506,985021106,light_sensitivity_value,1775755620,"{""light_sensitivity_value"":0,""time"":1775755620}",1775859969
6173302506,985021106,body_momentum,1775755620,"{""body_momentum"":0,""time"":1775755620}",1775859983
6173302506,985021106,light_sensitivity_value,1775755560,"{""light_sensitivity_value"":0,""time"":1775755560}",1775859969
6173302506,985021106,body_momentum,1775755560,"{""body_momentum"":0,""time"":1775755560}",1775859983
6173302506,985021106,light_sensitivity_value,1775755500,"{""light_sensitivity_value"":0,""time"":1775755500}",1775859969
6173302506,985021106,body_momentum,1775755500,"{""body_momentum"":0,""time"":1775755500}",1775859983
6173302506,985021106,light_sensitivity_value,1775755440,"{""light_sensitivity_value"":0,""time"":1775755440}",1775859969
6173302506,985021106,body_momentum,1775755440,"{""body_momentum"":0,""time"":1775755440}",1775859983
6173302506,985021106,light_sensitivity_value,1775755380,"{""light_sensitivity_value"":0,""time"":1775755380}",1775859969
6173302506,985021106,body_momentum,1775755380,"{""body_momentum"":0,""time"":1775755380}",1775859983
6173302506,985021106,light_sensitivity_value,1775755320,"{""light_sensitivity_value"":0,""time"":1775755320}",1775859969
6173302506,985021106,body_momentum,1775755320,"{""body_momentum"":0,""time"":1775755320}",1775859983
6173302506,985021106,light_sensitivity_value,1775755260,"{""light_sensitivity_value"":0,""time"":1775755260}",1775859969
6173302506,985021106,body_momentum,1775755260,"{""body_momentum"":0,""time"":1775755260}",1775859983
6173302506,985021106,light_sensitivity_value,1775755200,"{""light_sensitivity_value"":0,""time"":1775755200}",1775859969
6173302506,985021106,body_momentum,1775755200,"{""body_momentum"":0,""time"":1775755200}",1775859983
6173302506,985021106,light_sensitivity_value,1775755140,"{""light_sensitivity_value"":0,""time"":1775755140}",1775859969
6173302506,985021106,body_momentum,1775755140,"{""body_momentum"":0,""time"":1775755140}",1775859983
6173302506,985021106,light_sensitivity_value,1775755080,"{""light_sensitivity_value"":0,""time"":1775755080}",1775859969
6173302506,985021106,body_momentum,1775755080,"{""body_momentum"":0,""time"":1775755080}",1775859983
6173302506,985021106,light_sensitivity_value,1775755020,"{""light_sensitivity_value"":0,""time"":1775755020}",1775859969
6173302506,985021106,body_momentum,1775755020,"{""body_momentum"":0,""time"":1775755020}",1775859983
6173302506,985021106,light_sensitivity_value,1775754960,"{""light_sensitivity_value"":0,""time"":1775754960}",1775859969
6173302506,985021106,body_momentum,1775754960,"{""body_momentum"":0,""time"":1775754960}",1775859983
6173302506,985021106,light_sensitivity_value,1775754900,"{""light_sensitivity_value"":0,""time"":1775754900}",1775859969
6173302506,985021106,body_momentum,1775754900,"{""body_momentum"":0,""time"":1775754900}",1775859983
6173302506,985021106,light_sensitivity_value,1775754840,"{""light_sensitivity_value"":0,""time"":1775754840}",1775859969
6173302506,985021106,body_momentum,1775754840,"{""body_momentum"":0,""time"":1775754840}",1775859983
6173302506,985021106,light_sensitivity_value,1775754780,"{""light_sensitivity_value"":0,""time"":1775754780}",1775859969
6173302506,985021106,body_momentum,1775754780,"{""body_momentum"":0,""time"":1775754780}",1775859983
6173302506,985021106,light_sensitivity_value,1775754720,"{""light_sensitivity_value"":0,""time"":1775754720}",1775859969
6173302506,985021106,body_momentum,1775754720,"{""body_momentum"":0,""time"":1775754720}",1775859983
6173302506,985021106,light_sensitivity_value,1775754660,"{""light_sensitivity_value"":0,""time"":1775754660}",1775859969
6173302506,985021106,body_momentum,1775754660,"{""body_momentum"":0,""time"":1775754660}",1775859983
6173302506,985021106,light_sensitivity_value,1775754600,"{""light_sensitivity_value"":0,""time"":1775754600}",1775859969
6173302506,985021106,body_momentum,1775754600,"{""body_momentum"":0,""time"":1775754600}",1775859983
6173302506,985021106,light_sensitivity_value,1775754540,"{""light_sensitivity_value"":0,""time"":1775754540}",1775859969
6173302506,985021106,body_momentum,1775754540,"{""body_momentum"":0,""time"":1775754540}",1775859983
6173302506,985021106,light_sensitivity_value,1775754480,"{""light_sensitivity_value"":0,""time"":1775754480}",1775859969
6173302506,985021106,body_momentum,1775754480,"{""body_momentum"":0,""time"":1775754480}",1775859983
6173302506,985021106,light_sensitivity_value,1775754420,"{""light_sensitivity_value"":0,""time"":1775754420}",1775859969
6173302506,985021106,body_momentum,1775754420,"{""body_momentum"":0,""time"":1775754420}",1775859983
6173302506,985021106,light_sensitivity_value,1775754360,"{""light_sensitivity_value"":0,""time"":1775754360}",1775859969
6173302506,985021106,body_momentum,1775754360,"{""body_momentum"":0,""time"":1775754360}",1775859983
6173302506,985021106,light_sensitivity_value,1775754300,"{""light_sensitivity_value"":0,""time"":1775754300}",1775859969
6173302506,985021106,body_momentum,1775754300,"{""body_momentum"":0,""time"":1775754300}",1775859983
6173302506,985021106,light_sensitivity_value,1775754240,"{""light_sensitivity_value"":0,""time"":1775754240}",1775859969
6173302506,985021106,body_momentum,1775754240,"{""body_momentum"":0,""time"":1775754240}",1775859983
6173302506,985021106,light_sensitivity_value,1775754180,"{""light_sensitivity_value"":0,""time"":1775754180}",1775859969
6173302506,985021106,body_momentum,1775754180,"{""body_momentum"":0,""time"":1775754180}",1775859983
6173302506,985021106,light_sensitivity_value,1775754120,"{""light_sensitivity_value"":0,""time"":1775754120}",1775859969
6173302506,985021106,body_momentum,1775754120,"{""body_momentum"":0,""time"":1775754120}",1775859983
6173302506,985021106,light_sensitivity_value,1775754060,"{""light_sensitivity_value"":0,""time"":1775754060}",1775859969
6173302506,985021106,body_momentum,1775754060,"{""body_momentum"":0,""time"":1775754060}",1775859983
6173302506,985021106,light_sensitivity_value,1775754000,"{""light_sensitivity_value"":0,""time"":1775754000}",1775859969
6173302506,985021106,body_momentum,1775754000,"{""body_momentum"":0,""time"":1775754000}",1775859983
6173302506,985021106,light_sensitivity_value,1775753940,"{""light_sensitivity_value"":0,""time"":1775753940}",1775859969
6173302506,985021106,body_momentum,1775753940,"{""body_momentum"":0,""time"":1775753940}",1775859983
6173302506,985021106,light_sensitivity_value,1775753880,"{""light_sensitivity_value"":0,""time"":1775753880}",1775859969
6173302506,985021106,body_momentum,1775753880,"{""body_momentum"":0,""time"":1775753880}",1775859983
6173302506,985021106,light_sensitivity_value,1775753820,"{""light_sensitivity_value"":0,""time"":1775753820}",1775859969
6173302506,985021106,body_momentum,1775753820,"{""body_momentum"":0,""time"":1775753820}",1775859983
6173302506,985021106,light_sensitivity_value,1775753760,"{""light_sensitivity_value"":0,""time"":1775753760}",1775859969
6173302506,985021106,body_momentum,1775753760,"{""body_momentum"":0,""time"":1775753760}",1775859983
6173302506,985021106,light_sensitivity_value,1775753700,"{""light_sensitivity_value"":0,""time"":1775753700}",1775859969
6173302506,985021106,body_momentum,1775753700,"{""body_momentum"":0,""time"":1775753700}",1775859983
6173302506,985021106,light_sensitivity_value,1775753640,"{""light_sensitivity_value"":0,""time"":1775753640}",1775859969
6173302506,985021106,body_momentum,1775753640,"{""body_momentum"":0,""time"":1775753640}",1775859983
6173302506,985021106,light_sensitivity_value,1775753580,"{""light_sensitivity_value"":0,""time"":1775753580}",1775859969
6173302506,985021106,body_momentum,1775753580,"{""body_momentum"":0,""time"":1775753580}",1775859983
6173302506,985021106,light_sensitivity_value,1775753520,"{""light_sensitivity_value"":0,""time"":1775753520}",1775859969
6173302506,985021106,body_momentum,1775753520,"{""body_momentum"":0,""time"":1775753520}",1775859983
6173302506,985021106,light_sensitivity_value,1775753460,"{""light_sensitivity_value"":0,""time"":1775753460}",1775859969
6173302506,985021106,body_momentum,1775753460,"{""body_momentum"":0,""time"":1775753460}",1775859983
6173302506,985021106,light_sensitivity_value,1775753400,"{""light_sensitivity_value"":0,""time"":1775753400}",1775859969
6173302506,985021106,body_momentum,1775753400,"{""body_momentum"":0,""time"":1775753400}",1775859983
6173302506,985021106,light_sensitivity_value,1775753340,"{""light_sensitivity_value"":0,""time"":1775753340}",1775859969
6173302506,985021106,body_momentum,1775753340,"{""body_momentum"":0,""time"":1775753340}",1775859983
6173302506,985021106,light_sensitivity_value,1775753280,"{""light_sensitivity_value"":0,""time"":1775753280}",1775859969
6173302506,985021106,body_momentum,1775753280,"{""body_momentum"":0,""time"":1775753280}",1775859983
6173302506,985021106,light_sensitivity_value,1775753220,"{""light_sensitivity_value"":0,""time"":1775753220}",1775859969
6173302506,985021106,body_momentum,1775753220,"{""body_momentum"":0,""time"":1775753220}",1775859983
6173302506,985021106,light_sensitivity_value,1775753160,"{""light_sensitivity_value"":0,""time"":1775753160}",1775859969
6173302506,985021106,body_momentum,1775753160,"{""body_momentum"":0,""time"":1775753160}",1775859983
6173302506,985021106,light_sensitivity_value,1775753100,"{""light_sensitivity_value"":0,""time"":1775753100}",1775859969
6173302506,985021106,body_momentum,1775753100,"{""body_momentum"":0,""time"":1775753100}",1775859983
6173302506,985021106,light_sensitivity_value,1775753040,"{""light_sensitivity_value"":0,""time"":1775753040}",1775859969
6173302506,985021106,body_momentum,1775753040,"{""body_momentum"":0,""time"":1775753040}",1775859983
6173302506,985021106,light_sensitivity_value,1775752980,"{""light_sensitivity_value"":0,""time"":1775752980}",1775859969
6173302506,985021106,body_momentum,1775752980,"{""body_momentum"":0,""time"":1775752980}",1775859983
6173302506,985021106,light_sensitivity_value,1775752920,"{""light_sensitivity_value"":0,""time"":1775752920}",1775859969
6173302506,985021106,body_momentum,1775752920,"{""body_momentum"":0,""time"":1775752920}",1775859983
6173302506,985021106,light_sensitivity_value,1775752860,"{""light_sensitivity_value"":0,""time"":1775752860}",1775859969
6173302506,985021106,body_momentum,1775752860,"{""body_momentum"":0,""time"":1775752860}",1775859983
6173302506,985021106,light_sensitivity_value,1775752800,"{""light_sensitivity_value"":0,""time"":1775752800}",1775859969
6173302506,985021106,body_momentum,1775752800,"{""body_momentum"":0,""time"":1775752800}",1775859983
6173302506,985021106,light_sensitivity_value,1775752740,"{""light_sensitivity_value"":0,""time"":1775752740}",1775859969
6173302506,985021106,body_momentum,1775752740,"{""body_momentum"":0,""time"":1775752740}",1775859983
6173302506,985021106,light_sensitivity_value,1775752680,"{""light_sensitivity_value"":0,""time"":1775752680}",1775859969
6173302506,985021106,body_momentum,1775752680,"{""body_momentum"":0,""time"":1775752680}",1775859983
6173302506,985021106,light_sensitivity_value,1775752620,"{""light_sensitivity_value"":0,""time"":1775752620}",1775859969
6173302506,985021106,body_momentum,1775752620,"{""body_momentum"":0,""time"":1775752620}",1775859983
6173302506,985021106,light_sensitivity_value,1775752560,"{""light_sensitivity_value"":0,""time"":1775752560}",1775859969
6173302506,985021106,body_momentum,1775752560,"{""body_momentum"":0,""time"":1775752560}",1775859983
6173302506,985021106,light_sensitivity_value,1775752500,"{""light_sensitivity_value"":0,""time"":1775752500}",1775859969
6173302506,985021106,body_momentum,1775752500,"{""body_momentum"":0,""time"":1775752500}",1775859983
6173302506,985021106,light_sensitivity_value,1775752440,"{""light_sensitivity_value"":0,""time"":1775752440}",1775859969
6173302506,985021106,body_momentum,1775752440,"{""body_momentum"":0,""time"":1775752440}",1775859983
6173302506,985021106,light_sensitivity_value,1775752380,"{""light_sensitivity_value"":0,""time"":1775752380}",1775859969
6173302506,985021106,body_momentum,1775752380,"{""body_momentum"":0,""time"":1775752380}",1775859983
6173302506,985021106,light_sensitivity_value,1775752320,"{""light_sensitivity_value"":0,""time"":1775752320}",1775859969
6173302506,985021106,body_momentum,1775752320,"{""body_momentum"":0,""time"":1775752320}",1775859983
6173302506,985021106,light_sensitivity_value,1775752260,"{""light_sensitivity_value"":0,""time"":1775752260}",1775859969
6173302506,985021106,body_momentum,1775752260,"{""body_momentum"":0,""time"":1775752260}",1775859983
6173302506,985021106,light_sensitivity_value,1775752200,"{""light_sensitivity_value"":0,""time"":1775752200}",1775859969
6173302506,985021106,body_momentum,1775752200,"{""body_momentum"":0,""time"":1775752200}",1775859983
6173302506,985021106,light_sensitivity_value,1775752140,"{""light_sensitivity_value"":0,""time"":1775752140}",1775859969
6173302506,985021106,body_momentum,1775752140,"{""body_momentum"":0,""time"":1775752140}",1775859983
6173302506,985021106,light_sensitivity_value,1775752080,"{""light_sensitivity_value"":0,""time"":1775752080}",1775859969
6173302506,985021106,body_momentum,1775752080,"{""body_momentum"":0,""time"":1775752080}",1775859983
6173302506,985021106,light_sensitivity_value,1775752020,"{""light_sensitivity_value"":0,""time"":1775752020}",1775859968
6173302506,985021106,body_momentum,1775752020,"{""body_momentum"":0,""time"":1775752020}",1775859983
6173302506,985021106,light_sensitivity_value,1775751960,"{""light_sensitivity_value"":0,""time"":1775751960}",1775859968
6173302506,985021106,body_momentum,1775751960,"{""body_momentum"":0,""time"":1775751960}",1775859983
6173302506,985021106,light_sensitivity_value,1775751900,"{""light_sensitivity_value"":0,""time"":1775751900}",1775859968
6173302506,985021106,body_momentum,1775751900,"{""body_momentum"":0,""time"":1775751900}",1775859983
6173302506,985021106,light_sensitivity_value,1775751840,"{""light_sensitivity_value"":0,""time"":1775751840}",1775859968
6173302506,985021106,body_momentum,1775751840,"{""body_momentum"":0,""time"":1775751840}",1775859983
6173302506,985021106,light_sensitivity_value,1775751780,"{""light_sensitivity_value"":0,""time"":1775751780}",1775859968
6173302506,985021106,body_momentum,1775751780,"{""body_momentum"":0,""time"":1775751780}",1775859983
6173302506,985021106,light_sensitivity_value,1775751720,"{""light_sensitivity_value"":0,""time"":1775751720}",1775859968
6173302506,985021106,body_momentum,1775751720,"{""body_momentum"":0,""time"":1775751720}",1775859983
6173302506,985021106,light_sensitivity_value,1775751660,"{""light_sensitivity_value"":0,""time"":1775751660}",1775859968
6173302506,985021106,body_momentum,1775751660,"{""body_momentum"":0,""time"":1775751660}",1775859983
6173302506,985021106,light_sensitivity_value,1775751600,"{""light_sensitivity_value"":0,""time"":1775751600}",1775859968
6173302506,985021106,body_momentum,1775751600,"{""body_momentum"":0,""time"":1775751600}",1775859983
6173302506,985021106,light_sensitivity_value,1775751540,"{""light_sensitivity_value"":0,""time"":1775751540}",1775859968
6173302506,985021106,body_momentum,1775751540,"{""body_momentum"":0,""time"":1775751540}",1775859983
6173302506,985021106,light_sensitivity_value,1775751480,"{""light_sensitivity_value"":0,""time"":1775751480}",1775859968
6173302506,985021106,body_momentum,1775751480,"{""body_momentum"":0,""time"":1775751480}",1775859983
6173302506,985021106,light_sensitivity_value,1775751420,"{""light_sensitivity_value"":0,""time"":1775751420}",1775859968
6173302506,985021106,body_momentum,1775751420,"{""body_momentum"":0,""time"":1775751420}",1775859983
6173302506,985021106,light_sensitivity_value,1775751360,"{""light_sensitivity_value"":0,""time"":1775751360}",1775859968
6173302506,985021106,body_momentum,1775751360,"{""body_momentum"":0,""time"":1775751360}",1775859983
6173302506,985021106,light_sensitivity_value,1775751300,"{""light_sensitivity_value"":0,""time"":1775751300}",1775859968
6173302506,985021106,body_momentum,1775751300,"{""body_momentum"":0,""time"":1775751300}",1775859983
6173302506,985021106,light_sensitivity_value,1775751240,"{""light_sensitivity_value"":0,""time"":1775751240}",1775859968
6173302506,985021106,body_momentum,1775751240,"{""body_momentum"":0,""time"":1775751240}",1775859983
6173302506,985021106,light_sensitivity_value,1775751180,"{""light_sensitivity_value"":0,""time"":1775751180}",1775859968
6173302506,985021106,body_momentum,1775751180,"{""body_momentum"":0,""time"":1775751180}",1775859983
6173302506,985021106,light_sensitivity_value,1775751120,"{""light_sensitivity_value"":0,""time"":1775751120}",1775859968
6173302506,985021106,body_momentum,1775751120,"{""body_momentum"":0,""time"":1775751120}",1775859983
6173302506,985021106,light_sensitivity_value,1775751060,"{""light_sensitivity_value"":0,""time"":1775751060}",1775859968
6173302506,985021106,body_momentum,1775751060,"{""body_momentum"":0,""time"":1775751060}",1775859983
6173302506,985021106,light_sensitivity_value,1775751000,"{""light_sensitivity_value"":0,""time"":1775751000}",1775859968
6173302506,985021106,body_momentum,1775751000,"{""body_momentum"":0,""time"":1775751000}",1775859983
6173302506,985021106,light_sensitivity_value,1775750940,"{""light_sensitivity_value"":0,""time"":1775750940}",1775859968
6173302506,985021106,body_momentum,1775750940,"{""body_momentum"":0,""time"":1775750940}",1775859983
6173302506,985021106,light_sensitivity_value,1775750880,"{""light_sensitivity_value"":0,""time"":1775750880}",1775859968
6173302506,985021106,body_momentum,1775750880,"{""body_momentum"":0,""time"":1775750880}",1775859983
6173302506,985021106,light_sensitivity_value,1775750820,"{""light_sensitivity_value"":0,""time"":1775750820}",1775859968
6173302506,985021106,body_momentum,1775750820,"{""body_momentum"":0,""time"":1775750820}",1775859983
6173302506,985021106,light_sensitivity_value,1775750760,"{""light_sensitivity_value"":0,""time"":1775750760}",1775859968
6173302506,985021106,body_momentum,1775750760,"{""body_momentum"":0,""time"":1775750760}",1775859983
6173302506,hlth.gen_150127125725276,steps,1775753940,"{""time"":1775753940,""steps"":14,""distance"":8,""calories"":0.56}",1775791545
6173302506,hlth.gen_150127125725276,calories,1775753940,"{""time"":1775753940,""calories"":0.56}",1775791545
6173302506,985021106,body_momentum,1775750700,"{""body_momentum"":0,""time"":1775750700}",1775859983
6173302506,985021106,light_sensitivity_value,1775750700,"{""light_sensitivity_value"":0,""time"":1775750700}",1775859968
6173302506,985021106,light_sensitivity_value,1775750640,"{""light_sensitivity_value"":0,""time"":1775750640}",1775859968
6173302506,985021106,body_momentum,1775750640,"{""body_momentum"":0,""time"":1775750640}",1775859983
6173302506,985021106,light_sensitivity_value,1775750580,"{""light_sensitivity_value"":0,""time"":1775750580}",1775859968
6173302506,985021106,body_momentum,1775750580,"{""body_momentum"":0,""time"":1775750580}",1775859983
6173302506,985021106,light_sensitivity_value,1775750520,"{""light_sensitivity_value"":0,""time"":1775750520}",1775859968
6173302506,985021106,body_momentum,1775750520,"{""body_momentum"":0,""time"":1775750520}",1775859983
6173302506,985021106,light_sensitivity_value,1775750460,"{""light_sensitivity_value"":0,""time"":1775750460}",1775859968
6173302506,985021106,body_momentum,1775750460,"{""body_momentum"":0,""time"":1775750460}",1775859983
6173302506,985021106,light_sensitivity_value,1775750400,"{""light_sensitivity_value"":0,""time"":1775750400}",1775859968
6173302506,985021106,body_momentum,1775750400,"{""body_momentum"":0,""time"":1775750400}",1775859983
6173302506,985021106,light_sensitivity_value,1775750340,"{""light_sensitivity_value"":0,""time"":1775750340}",1775859968
6173302506,985021106,body_momentum,1775750340,"{""body_momentum"":0,""time"":1775750340}",1775859983
6173302506,985021106,light_sensitivity_value,1775750280,"{""light_sensitivity_value"":0,""time"":1775750280}",1775859968
6173302506,985021106,body_momentum,1775750280,"{""body_momentum"":0,""time"":1775750280}",1775859983
6173302506,985021106,light_sensitivity_value,1775750220,"{""light_sensitivity_value"":0,""time"":1775750220}",1775859968
6173302506,985021106,body_momentum,1775750220,"{""body_momentum"":0,""time"":1775750220}",1775859983
6173302506,985021106,light_sensitivity_value,1775750160,"{""light_sensitivity_value"":0,""time"":1775750160}",1775859968
6173302506,985021106,body_momentum,1775750160,"{""body_momentum"":0,""time"":1775750160}",1775859983
6173302506,985021106,light_sensitivity_value,1775750100,"{""light_sensitivity_value"":0,""time"":1775750100}",1775859968
6173302506,985021106,body_momentum,1775750100,"{""body_momentum"":0,""time"":1775750100}",1775859983
6173302506,985021106,light_sensitivity_value,1775750040,"{""light_sensitivity_value"":0,""time"":1775750040}",1775859968
6173302506,985021106,body_momentum,1775750040,"{""body_momentum"":0,""time"":1775750040}",1775859983
6173302506,985021106,light_sensitivity_value,1775749980,"{""light_sensitivity_value"":0,""time"":1775749980}",1775859968
6173302506,985021106,body_momentum,1775749980,"{""body_momentum"":0,""time"":1775749980}",1775859983
6173302506,985021106,light_sensitivity_value,1775749920,"{""light_sensitivity_value"":0,""time"":1775749920}",1775859968
6173302506,985021106,body_momentum,1775749920,"{""body_momentum"":0,""time"":1775749920}",1775859983
6173302506,985021106,light_sensitivity_value,1775749860,"{""light_sensitivity_value"":0,""time"":1775749860}",1775859968
6173302506,985021106,body_momentum,1775749860,"{""body_momentum"":0,""time"":1775749860}",1775859983
6173302506,985021106,light_sensitivity_value,1775749800,"{""light_sensitivity_value"":0,""time"":1775749800}",1775859968
6173302506,985021106,body_momentum,1775749800,"{""body_momentum"":0,""time"":1775749800}",1775859983
6173302506,985021106,light_sensitivity_value,1775749740,"{""light_sensitivity_value"":0,""time"":1775749740}",1775859968
6173302506,985021106,body_momentum,1775749740,"{""body_momentum"":0,""time"":1775749740}",1775859983
6173302506,985021106,light_sensitivity_value,1775749680,"{""light_sensitivity_value"":0,""time"":1775749680}",1775859968
6173302506,985021106,body_momentum,1775749680,"{""body_momentum"":0,""time"":1775749680}",1775859983
6173302506,985021106,light_sensitivity_value,1775749620,"{""light_sensitivity_value"":0,""time"":1775749620}",1775859968
6173302506,985021106,body_momentum,1775749620,"{""body_momentum"":0,""time"":1775749620}",1775859983
6173302506,985021106,light_sensitivity_value,1775749560,"{""light_sensitivity_value"":0,""time"":1775749560}",1775859968
6173302506,985021106,body_momentum,1775749560,"{""body_momentum"":0,""time"":1775749560}",1775859983
6173302506,985021106,light_sensitivity_value,1775749500,"{""light_sensitivity_value"":0,""time"":1775749500}",1775859968
6173302506,985021106,body_momentum,1775749500,"{""body_momentum"":0,""time"":1775749500}",1775859983
6173302506,985021106,light_sensitivity_value,1775749440,"{""light_sensitivity_value"":0,""time"":1775749440}",1775859968
6173302506,985021106,body_momentum,1775749440,"{""body_momentum"":0,""time"":1775749440}",1775859983
6173302506,985021106,light_sensitivity_value,1775749380,"{""light_sensitivity_value"":0,""time"":1775749380}",1775859968
6173302506,985021106,body_momentum,1775749380,"{""body_momentum"":0,""time"":1775749380}",1775859983
6173302506,985021106,light_sensitivity_value,1775749320,"{""light_sensitivity_value"":0,""time"":1775749320}",1775859968
6173302506,985021106,body_momentum,1775749320,"{""body_momentum"":0,""time"":1775749320}",1775859983
6173302506,985021106,light_sensitivity_value,1775749260,"{""light_sensitivity_value"":0,""time"":1775749260}",1775859968
6173302506,985021106,body_momentum,1775749260,"{""body_momentum"":0,""time"":1775749260}",1775859983
6173302506,985021106,light_sensitivity_value,1775749200,"{""light_sensitivity_value"":0,""time"":1775749200}",1775859968
6173302506,985021106,body_momentum,1775749200,"{""body_momentum"":0,""time"":1775749200}",1775859983
6173302506,985021106,light_sensitivity_value,1775749140,"{""light_sensitivity_value"":0,""time"":1775749140}",1775859968
6173302506,985021106,body_momentum,1775749140,"{""body_momentum"":0,""time"":1775749140}",1775859983
6173302506,985021106,light_sensitivity_value,1775749080,"{""light_sensitivity_value"":0,""time"":1775749080}",1775859968
6173302506,985021106,body_momentum,1775749080,"{""body_momentum"":0,""time"":1775749080}",1775859983
6173302506,985021106,light_sensitivity_value,1775749020,"{""light_sensitivity_value"":0,""time"":1775749020}",1775859968
6173302506,985021106,body_momentum,1775749020,"{""body_momentum"":0,""time"":1775749020}",1775859983
6173302506,985021106,light_sensitivity_value,1775748960,"{""light_sensitivity_value"":0,""time"":1775748960}",1775859968
6173302506,985021106,body_momentum,1775748960,"{""body_momentum"":0,""time"":1775748960}",1775859983
6173302506,985021106,light_sensitivity_value,1775748900,"{""light_sensitivity_value"":0,""time"":1775748900}",1775859968
6173302506,985021106,body_momentum,1775748900,"{""body_momentum"":0,""time"":1775748900}",1775859983
6173302506,985021106,light_sensitivity_value,1775748840,"{""light_sensitivity_value"":0,""time"":1775748840}",1775859968
6173302506,985021106,body_momentum,1775748840,"{""body_momentum"":0,""time"":1775748840}",1775859983
6173302506,985021106,light_sensitivity_value,1775748780,"{""light_sensitivity_value"":0,""time"":1775748780}",1775859968
6173302506,985021106,body_momentum,1775748780,"{""body_momentum"":0,""time"":1775748780}",1775859983
6173302506,985021106,light_sensitivity_value,1775748720,"{""light_sensitivity_value"":0,""time"":1775748720}",1775859968
6173302506,985021106,body_momentum,1775748720,"{""body_momentum"":0,""time"":1775748720}",1775859983
6173302506,985021106,light_sensitivity_value,1775748660,"{""light_sensitivity_value"":0,""time"":1775748660}",1775859968
6173302506,985021106,body_momentum,1775748660,"{""body_momentum"":0,""time"":1775748660}",1775859983
6173302506,985021106,light_sensitivity_value,1775748600,"{""light_sensitivity_value"":0,""time"":1775748600}",1775859968
6173302506,985021106,body_momentum,1775748600,"{""body_momentum"":0,""time"":1775748600}",1775859983
6173302506,985021106,light_sensitivity_value,1775748540,"{""light_sensitivity_value"":0,""time"":1775748540}",1775859968
6173302506,985021106,body_momentum,1775748540,"{""body_momentum"":0,""time"":1775748540}",1775859983
6173302506,985021106,light_sensitivity_value,1775748480,"{""light_sensitivity_value"":0,""time"":1775748480}",1775859968
6173302506,985021106,body_momentum,1775748480,"{""body_momentum"":0,""time"":1775748480}",1775859983
6173302506,985021106,light_sensitivity_value,1775748420,"{""light_sensitivity_value"":0,""time"":1775748420}",1775859967
6173302506,985021106,body_momentum,1775748420,"{""body_momentum"":0,""time"":1775748420}",1775859982
6173302506,985021106,light_sensitivity_value,1775748360,"{""light_sensitivity_value"":0,""time"":1775748360}",1775859967
6173302506,985021106,body_momentum,1775748360,"{""body_momentum"":0,""time"":1775748360}",1775859982
6173302506,985021106,light_sensitivity_value,1775748300,"{""light_sensitivity_value"":0,""time"":1775748300}",1775859967
6173302506,985021106,body_momentum,1775748300,"{""body_momentum"":0,""time"":1775748300}",1775859982
6173302506,985021106,light_sensitivity_value,1775748240,"{""light_sensitivity_value"":0,""time"":1775748240}",1775859967
6173302506,985021106,body_momentum,1775748240,"{""body_momentum"":0,""time"":1775748240}",1775859982
6173302506,985021106,light_sensitivity_value,1775748180,"{""light_sensitivity_value"":0,""time"":1775748180}",1775859967
6173302506,985021106,body_momentum,1775748180,"{""body_momentum"":0,""time"":1775748180}",1775859982
6173302506,985021106,light_sensitivity_value,1775748120,"{""light_sensitivity_value"":0,""time"":1775748120}",1775859967
6173302506,985021106,body_momentum,1775748120,"{""body_momentum"":0,""time"":1775748120}",1775859982
6173302506,985021106,light_sensitivity_value,1775748060,"{""light_sensitivity_value"":0,""time"":1775748060}",1775859967
6173302506,985021106,body_momentum,1775748060,"{""body_momentum"":0,""time"":1775748060}",1775859982
6173302506,985021106,light_sensitivity_value,1775748000,"{""light_sensitivity_value"":0,""time"":1775748000}",1775859967
6173302506,985021106,body_momentum,1775748000,"{""body_momentum"":0,""time"":1775748000}",1775859982
6173302506,985021106,light_sensitivity_value,1775747940,"{""light_sensitivity_value"":0,""time"":1775747940}",1775859967
6173302506,985021106,body_momentum,1775747940,"{""body_momentum"":0,""time"":1775747940}",1775859982
6173302506,985021106,light_sensitivity_value,1775747880,"{""light_sensitivity_value"":0,""time"":1775747880}",1775859967
6173302506,985021106,body_momentum,1775747880,"{""body_momentum"":0,""time"":1775747880}",1775859982
6173302506,985021106,light_sensitivity_value,1775747820,"{""light_sensitivity_value"":0,""time"":1775747820}",1775859967
6173302506,985021106,body_momentum,1775747820,"{""body_momentum"":0,""time"":1775747820}",1775859982
6173302506,985021106,light_sensitivity_value,1775747760,"{""light_sensitivity_value"":0,""time"":1775747760}",1775859967
6173302506,985021106,body_momentum,1775747760,"{""body_momentum"":0,""time"":1775747760}",1775859982
6173302506,985021106,light_sensitivity_value,1775747700,"{""light_sensitivity_value"":0,""time"":1775747700}",1775859967
6173302506,985021106,body_momentum,1775747700,"{""body_momentum"":0,""time"":1775747700}",1775859982
6173302506,985021106,light_sensitivity_value,1775747640,"{""light_sensitivity_value"":0,""time"":1775747640}",1775859967
6173302506,985021106,body_momentum,1775747640,"{""body_momentum"":0,""time"":1775747640}",1775859982
6173302506,985021106,light_sensitivity_value,1775747580,"{""light_sensitivity_value"":0,""time"":1775747580}",1775859967
6173302506,985021106,body_momentum,1775747580,"{""body_momentum"":0,""time"":1775747580}",1775859982
6173302506,985021106,light_sensitivity_value,1775747520,"{""light_sensitivity_value"":0,""time"":1775747520}",1775859967
6173302506,985021106,body_momentum,1775747520,"{""body_momentum"":0,""time"":1775747520}",1775859982
6173302506,985021106,light_sensitivity_value,1775747460,"{""light_sensitivity_value"":0,""time"":1775747460}",1775859967
6173302506,985021106,body_momentum,1775747460,"{""body_momentum"":0,""time"":1775747460}",1775859982
6173302506,985021106,light_sensitivity_value,1775747400,"{""light_sensitivity_value"":0,""time"":1775747400}",1775859967
6173302506,985021106,body_momentum,1775747400,"{""body_momentum"":0,""time"":1775747400}",1775859982
6173302506,985021106,light_sensitivity_value,1775747340,"{""light_sensitivity_value"":0,""time"":1775747340}",1775859967
6173302506,985021106,body_momentum,1775747340,"{""body_momentum"":0,""time"":1775747340}",1775859982
6173302506,985021106,light_sensitivity_value,1775747280,"{""light_sensitivity_value"":0,""time"":1775747280}",1775859967
6173302506,985021106,body_momentum,1775747280,"{""body_momentum"":0,""time"":1775747280}",1775859982
6173302506,985021106,light_sensitivity_value,1775747220,"{""light_sensitivity_value"":0,""time"":1775747220}",1775859967
6173302506,985021106,body_momentum,1775747220,"{""body_momentum"":0,""time"":1775747220}",1775859982
6173302506,985021106,light_sensitivity_value,1775747160,"{""light_sensitivity_value"":0,""time"":1775747160}",1775859967
6173302506,985021106,body_momentum,1775747160,"{""body_momentum"":0,""time"":1775747160}",1775859982
6173302506,985021106,light_sensitivity_value,1775747100,"{""light_sensitivity_value"":0,""time"":1775747100}",1775859967
6173302506,985021106,body_momentum,1775747100,"{""body_momentum"":0,""time"":1775747100}",1775859982
6173302506,985021106,light_sensitivity_value,1775747040,"{""light_sensitivity_value"":0,""time"":1775747040}",1775859967
6173302506,985021106,body_momentum,1775747040,"{""body_momentum"":0,""time"":1775747040}",1775859982
6173302506,985021106,light_sensitivity_value,1775746980,"{""light_sensitivity_value"":0,""time"":1775746980}",1775859967
6173302506,985021106,body_momentum,1775746980,"{""body_momentum"":0,""time"":1775746980}",1775859982
6173302506,985021106,light_sensitivity_value,1775746920,"{""light_sensitivity_value"":0,""time"":1775746920}",1775859967
6173302506,985021106,body_momentum,1775746920,"{""body_momentum"":0,""time"":1775746920}",1775859982
6173302506,985021106,light_sensitivity_value,1775746860,"{""light_sensitivity_value"":0,""time"":1775746860}",1775859967
6173302506,985021106,body_momentum,1775746860,"{""body_momentum"":0,""time"":1775746860}",1775859982
6173302506,985021106,valid_stand,1775746800,"{""end_time"":1775750400,""start_time"":1775746800}",1775859654
6173302506,985021106,light_sensitivity_value,1775746800,"{""light_sensitivity_value"":0,""time"":1775746800}",1775859967
6173302506,985021106,body_momentum,1775746800,"{""body_momentum"":0,""time"":1775746800}",1775859982
6173302506,985021106,light_sensitivity_value,1775746740,"{""light_sensitivity_value"":0,""time"":1775746740}",1775859967
6173302506,985021106,body_momentum,1775746740,"{""body_momentum"":0,""time"":1775746740}",1775859982
6173302506,985021106,light_sensitivity_value,1775746680,"{""light_sensitivity_value"":0,""time"":1775746680}",1775859967
6173302506,985021106,body_momentum,1775746680,"{""body_momentum"":0,""time"":1775746680}",1775859982
6173302506,985021106,light_sensitivity_value,1775746620,"{""light_sensitivity_value"":0,""time"":1775746620}",1775859967
6173302506,985021106,body_momentum,1775746620,"{""body_momentum"":0,""time"":1775746620}",1775859982
6173302506,985021106,light_sensitivity_value,1775746560,"{""light_sensitivity_value"":0,""time"":1775746560}",1775859967
6173302506,985021106,body_momentum,1775746560,"{""body_momentum"":0,""time"":1775746560}",1775859982
6173302506,985021106,light_sensitivity_value,1775746500,"{""light_sensitivity_value"":0,""time"":1775746500}",1775859967
6173302506,985021106,body_momentum,1775746500,"{""body_momentum"":0,""time"":1775746500}",1775859982
6173302506,985021106,light_sensitivity_value,1775746440,"{""light_sensitivity_value"":0,""time"":1775746440}",1775859967
6173302506,985021106,body_momentum,1775746440,"{""body_momentum"":0,""time"":1775746440}",1775859982
6173302506,985021106,light_sensitivity_value,1775746380,"{""light_sensitivity_value"":0,""time"":1775746380}",1775859967
6173302506,985021106,body_momentum,1775746380,"{""body_momentum"":0,""time"":1775746380}",1775859982
6173302506,985021106,light_sensitivity_value,1775746320,"{""light_sensitivity_value"":0,""time"":1775746320}",1775859967
6173302506,985021106,body_momentum,1775746320,"{""body_momentum"":0,""time"":1775746320}",1775859982
6173302506,985021106,light_sensitivity_value,1775746260,"{""light_sensitivity_value"":0,""time"":1775746260}",1775859967
6173302506,985021106,body_momentum,1775746260,"{""body_momentum"":0,""time"":1775746260}",1775859982
6173302506,985021106,light_sensitivity_value,1775746200,"{""light_sensitivity_value"":0,""time"":1775746200}",1775859967
6173302506,985021106,body_momentum,1775746200,"{""body_momentum"":0,""time"":1775746200}",1775859982
6173302506,985021106,light_sensitivity_value,1775746140,"{""light_sensitivity_value"":0,""time"":1775746140}",1775859967
6173302506,985021106,body_momentum,1775746140,"{""body_momentum"":0,""time"":1775746140}",1775859982
6173302506,985021106,light_sensitivity_value,1775746080,"{""light_sensitivity_value"":0,""time"":1775746080}",1775859967
6173302506,985021106,body_momentum,1775746080,"{""body_momentum"":0,""time"":1775746080}",1775859982
6173302506,985021106,light_sensitivity_value,1775746020,"{""light_sensitivity_value"":0,""time"":1775746020}",1775859967
6173302506,985021106,body_momentum,1775746020,"{""body_momentum"":0,""time"":1775746020}",1775859982
6173302506,985021106,light_sensitivity_value,1775745960,"{""light_sensitivity_value"":0,""time"":1775745960}",1775859967
6173302506,985021106,body_momentum,1775745960,"{""body_momentum"":0,""time"":1775745960}",1775859982
6173302506,985021106,light_sensitivity_value,1775745900,"{""light_sensitivity_value"":0,""time"":1775745900}",1775859967
6173302506,985021106,body_momentum,1775745900,"{""body_momentum"":0,""time"":1775745900}",1775859982
6173302506,985021106,light_sensitivity_value,1775745840,"{""light_sensitivity_value"":0,""time"":1775745840}",1775859967
6173302506,985021106,body_momentum,1775745840,"{""body_momentum"":0,""time"":1775745840}",1775859982
6173302506,985021106,light_sensitivity_value,1775745780,"{""light_sensitivity_value"":0,""time"":1775745780}",1775859967
6173302506,985021106,body_momentum,1775745780,"{""body_momentum"":0,""time"":1775745780}",1775859982
6173302506,985021106,light_sensitivity_value,1775745720,"{""light_sensitivity_value"":0,""time"":1775745720}",1775859967
6173302506,985021106,body_momentum,1775745720,"{""body_momentum"":0,""time"":1775745720}",1775859982
6173302506,985021106,light_sensitivity_value,1775745660,"{""light_sensitivity_value"":0,""time"":1775745660}",1775859967
6173302506,985021106,body_momentum,1775745660,"{""body_momentum"":0,""time"":1775745660}",1775859982
6173302506,985021106,light_sensitivity_value,1775745600,"{""light_sensitivity_value"":0,""time"":1775745600}",1775859967
6173302506,985021106,body_momentum,1775745600,"{""body_momentum"":0,""time"":1775745600}",1775859982
6173302506,985021106,light_sensitivity_value,1775745540,"{""light_sensitivity_value"":0,""time"":1775745540}",1775859967
6173302506,985021106,body_momentum,1775745540,"{""body_momentum"":0,""time"":1775745540}",1775859982
6173302506,985021106,light_sensitivity_value,1775745480,"{""light_sensitivity_value"":0,""time"":1775745480}",1775859967
6173302506,985021106,body_momentum,1775745480,"{""body_momentum"":0,""time"":1775745480}",1775859982
6173302506,985021106,light_sensitivity_value,1775745420,"{""light_sensitivity_value"":0,""time"":1775745420}",1775859967
6173302506,985021106,body_momentum,1775745420,"{""body_momentum"":0,""time"":1775745420}",1775859982
6173302506,985021106,light_sensitivity_value,1775745360,"{""light_sensitivity_value"":0,""time"":1775745360}",1775859967
6173302506,985021106,body_momentum,1775745360,"{""body_momentum"":0,""time"":1775745360}",1775859982
6173302506,985021106,light_sensitivity_value,1775745300,"{""light_sensitivity_value"":0,""time"":1775745300}",1775859967
6173302506,985021106,body_momentum,1775745300,"{""body_momentum"":0,""time"":1775745300}",1775859982
6173302506,985021106,light_sensitivity_value,1775745240,"{""light_sensitivity_value"":0,""time"":1775745240}",1775859967
6173302506,985021106,body_momentum,1775745240,"{""body_momentum"":0,""time"":1775745240}",1775859982
6173302506,985021106,light_sensitivity_value,1775745180,"{""light_sensitivity_value"":0,""time"":1775745180}",1775859967
6173302506,985021106,body_momentum,1775745180,"{""body_momentum"":0,""time"":1775745180}",1775859982
6173302506,985021106,light_sensitivity_value,1775745120,"{""light_sensitivity_value"":0,""time"":1775745120}",1775859967
6173302506,985021106,body_momentum,1775745120,"{""body_momentum"":0,""time"":1775745120}",1775859982
6173302506,985021106,light_sensitivity_value,1775745060,"{""light_sensitivity_value"":0,""time"":1775745060}",1775859967
6173302506,985021106,body_momentum,1775745060,"{""body_momentum"":0,""time"":1775745060}",1775859982
6173302506,985021106,light_sensitivity_value,1775745000,"{""light_sensitivity_value"":0,""time"":1775745000}",1775859967
6173302506,985021106,body_momentum,1775745000,"{""body_momentum"":0,""time"":1775745000}",1775859982
6173302506,985021106,light_sensitivity_value,1775744940,"{""light_sensitivity_value"":0,""time"":1775744940}",1775859967
6173302506,985021106,body_momentum,1775744940,"{""body_momentum"":0,""time"":1775744940}",1775859982
6173302506,985021106,light_sensitivity_value,1775744880,"{""light_sensitivity_value"":0,""time"":1775744880}",1775859967
6173302506,985021106,body_momentum,1775744880,"{""body_momentum"":0,""time"":1775744880}",1775859982
6173302506,985021106,light_sensitivity_value,1775744820,"{""light_sensitivity_value"":0,""time"":1775744820}",1775859967
6173302506,985021106,body_momentum,1775744820,"{""body_momentum"":0,""time"":1775744820}",1775859981
6173302506,985021106,light_sensitivity_value,1775744760,"{""light_sensitivity_value"":0,""time"":1775744760}",1775859967
6173302506,985021106,body_momentum,1775744760,"{""body_momentum"":0,""time"":1775744760}",1775859981
6173302506,985021106,light_sensitivity_value,1775744700,"{""light_sensitivity_value"":0,""time"":1775744700}",1775859967
6173302506,985021106,body_momentum,1775744700,"{""body_momentum"":0,""time"":1775744700}",1775859981
6173302506,985021106,light_sensitivity_value,1775744640,"{""light_sensitivity_value"":0,""time"":1775744640}",1775859967
6173302506,985021106,body_momentum,1775744640,"{""body_momentum"":0,""time"":1775744640}",1775859981
6173302506,985021106,light_sensitivity_value,1775744580,"{""light_sensitivity_value"":0,""time"":1775744580}",1775859967
6173302506,985021106,body_momentum,1775744580,"{""body_momentum"":0,""time"":1775744580}",1775859981
6173302506,985021106,light_sensitivity_value,1775744520,"{""light_sensitivity_value"":0,""time"":1775744520}",1775859967
6173302506,985021106,body_momentum,1775744520,"{""body_momentum"":0,""time"":1775744520}",1775859981
6173302506,985021106,light_sensitivity_value,1775744460,"{""light_sensitivity_value"":0,""time"":1775744460}",1775859967
6173302506,985021106,body_momentum,1775744460,"{""body_momentum"":0,""time"":1775744460}",1775859981
6173302506,985021106,light_sensitivity_value,1775744400,"{""light_sensitivity_value"":0,""time"":1775744400}",1775859967
6173302506,985021106,body_momentum,1775744400,"{""body_momentum"":0,""time"":1775744400}",1775859981
6173302506,985021106,light_sensitivity_value,1775744340,"{""light_sensitivity_value"":0,""time"":1775744340}",1775859967
6173302506,985021106,body_momentum,1775744340,"{""body_momentum"":0,""time"":1775744340}",1775859981
6173302506,985021106,light_sensitivity_value,1775744280,"{""light_sensitivity_value"":0,""time"":1775744280}",1775859967
6173302506,985021106,body_momentum,1775744280,"{""body_momentum"":0,""time"":1775744280}",1775859981
6173302506,985021106,light_sensitivity_value,1775744220,"{""light_sensitivity_value"":0,""time"":1775744220}",1775859967
6173302506,985021106,body_momentum,1775744220,"{""body_momentum"":0,""time"":1775744220}",1775859981
6173302506,985021106,light_sensitivity_value,1775744160,"{""light_sensitivity_value"":0,""time"":1775744160}",1775859967
6173302506,985021106,body_momentum,1775744160,"{""body_momentum"":0,""time"":1775744160}",1775859981
6173302506,985021106,light_sensitivity_value,1775744100,"{""light_sensitivity_value"":0,""time"":1775744100}",1775859967
6173302506,985021106,body_momentum,1775744100,"{""body_momentum"":0,""time"":1775744100}",1775859981
6173302506,985021106,light_sensitivity_value,1775744040,"{""light_sensitivity_value"":0,""time"":1775744040}",1775859967
6173302506,985021106,body_momentum,1775744040,"{""body_momentum"":0,""time"":1775744040}",1775859981
6173302506,985021106,light_sensitivity_value,1775743980,"{""light_sensitivity_value"":0,""time"":1775743980}",1775859967
6173302506,985021106,body_momentum,1775743980,"{""body_momentum"":0,""time"":1775743980}",1775859981
6173302506,985021106,light_sensitivity_value,1775743920,"{""light_sensitivity_value"":0,""time"":1775743920}",1775859967
6173302506,985021106,body_momentum,1775743920,"{""body_momentum"":0,""time"":1775743920}",1775859981
6173302506,985021106,light_sensitivity_value,1775743860,"{""light_sensitivity_value"":0,""time"":1775743860}",1775859967
6173302506,985021106,body_momentum,1775743860,"{""body_momentum"":0,""time"":1775743860}",1775859981
6173302506,985021106,light_sensitivity_value,1775743800,"{""light_sensitivity_value"":0,""time"":1775743800}",1775859967
6173302506,985021106,body_momentum,1775743800,"{""body_momentum"":0,""time"":1775743800}",1775859981
6173302506,985021106,light_sensitivity_value,1775743740,"{""light_sensitivity_value"":0,""time"":1775743740}",1775859967
6173302506,985021106,body_momentum,1775743740,"{""body_momentum"":0,""time"":1775743740}",1775859981
6173302506,985021106,light_sensitivity_value,1775743680,"{""light_sensitivity_value"":0,""time"":1775743680}",1775859967
6173302506,985021106,body_momentum,1775743680,"{""body_momentum"":0,""time"":1775743680}",1775859981
6173302506,985021106,light_sensitivity_value,1775743620,"{""light_sensitivity_value"":0,""time"":1775743620}",1775859967
6173302506,hlth.gen_150127125725276,steps,1775748240,"{""time"":1775748240,""steps"":22,""distance"":13,""calories"":0.88}",1775791545
6173302506,hlth.gen_150127125725276,steps,1775748180,"{""time"":1775748180,""steps"":33,""distance"":19,""calories"":1.3199999}",1775791545
6173302506,hlth.gen_150127125725276,steps,1775748120,"{""time"":1775748120,""steps"":33,""distance"":19,""calories"":1.3199999}",1775791545
6173302506,hlth.gen_150127125725276,steps,1775748060,"{""time"":1775748060,""steps"":9,""distance"":5,""calories"":0.35999998}",1775791545
6173302506,985021106,calories,1775748000,"{""time"":1775748000,""calories"":2}",1775859568
6173302506,hlth.gen_150127125725276,steps,1775748000,"{""time"":1775748000,""steps"":46,""distance"":27,""calories"":1.8399999}",1775791545
6173302506,985021106,steps,1775748000,"{""time"":1775748000,""steps"":69,""distance"":44,""calories"":2}",1775859508
6173302506,hlth.gen_150127125725276,steps,1775747940,"{""time"":1775747940,""steps"":50,""distance"":30,""calories"":2}",1775791545
6173302506,985021106,calories,1775747940,"{""time"":1775747940,""calories"":1}",1775859568
6173302506,985021106,steps,1775747940,"{""time"":1775747940,""steps"":43,""distance"":27,""calories"":1}",1775859508
6173302506,hlth.gen_150127125725276,steps,1775747880,"{""time"":1775747880,""steps"":23,""distance"":13,""calories"":0.91999996}",1775791545
6173302506,985021106,calories,1775747880,"{""time"":1775747880,""calories"":2}",1775859568
6173302506,985021106,steps,1775747880,"{""time"":1775747880,""steps"":31,""distance"":19,""calories"":2}",1775859508
6173302506,985021106,steps,1775747820,"{""time"":1775747820,""steps"":58,""distance"":36,""calories"":1}",1775859508
6173302506,hlth.gen_150127125725276,steps,1775747820,"{""time"":1775747820,""steps"":55,""distance"":33,""calories"":2.2}",1775791545
6173302506,985021106,calories,1775747820,"{""time"":1775747820,""calories"":1}",1775859568
6173302506,hlth.gen_150127125725276,steps,1775747760,"{""time"":1775747760,""steps"":12,""distance"":7,""calories"":0.48}",1775791545
6173302506,985021106,steps,1775747760,"{""time"":1775747760,""steps"":11,""distance"":7,""calories"":1}",1775859508
6173302506,985021106,calories,1775747760,"{""time"":1775747760,""calories"":1}",1775859568
6173302506,985021106,heart_rate,1775747700,"{""time"":1775747700,""bpm"":82,""type"":0}",1775859388
6173302506,985021106,calories,1775747520,"{""time"":1775747520,""calories"":1}",1775859568
6173302506,985021106,calories,1775747100,"{""time"":1775747100,""calories"":1}",1775859568
6173302506,985021106,heart_rate,1775747100,"{""time"":1775747100,""bpm"":84,""type"":0}",1775859388
6173302506,985021106,heart_rate,1775746500,"{""time"":1775746500,""bpm"":80,""type"":0}",1775859388
6173302506,985021106,calories,1775746440,"{""time"":1775746440,""calories"":1}",1775859568
6173302506,985021106,calories,1775745900,"{""time"":1775745900,""calories"":1}",1775859568
6173302506,985021106,heart_rate,1775745900,"{""time"":1775745900,""bpm"":76,""type"":0}",1775859388
6173302506,985021106,calories,1775745660,"{""time"":1775745660,""calories"":1}",1775859568
6173302506,985021106,calories,1775745480,"{""time"":1775745480,""calories"":1}",1775859568
6173302506,985021106,heart_rate,1775745300,"{""time"":1775745300,""bpm"":92,""type"":0}",1775859388
6173302506,985021106,calories,1775745240,"{""time"":1775745240,""calories"":1}",1775859568
6173302506,985021106,calories,1775745060,"{""time"":1775745060,""calories"":1}",1775859568
6173302506,985021106,calories,1775744820,"{""time"":1775744820,""calories"":1}",1775859568
6173302506,985021106,steps,1775744700,"{""time"":1775744700,""steps"":53,""distance"":33,""calories"":2}",1775859508
6173302506,985021106,calories,1775744700,"{""time"":1775744700,""calories"":2}",1775859568
6173302506,hlth.gen_150127125725276,steps,1775744700,"{""time"":1775744700,""steps"":27,""distance"":16,""calories"":1.0799999}",1775791545
6173302506,985021106,heart_rate,1775744700,"{""time"":1775744700,""bpm"":91,""type"":0}",1775859388
6173302506,985021106,calories,1775744520,"{""time"":1775744520,""calories"":2}",1775859568
6173302506,985021106,calories,1775744400,"{""time"":1775744400,""calories"":2}",1775859568
6173302506,985021106,steps,1775744340,"{""time"":1775744340,""steps"":18,""distance"":12,""calories"":1}",1775859508
6173302506,985021106,calories,1775744340,"{""time"":1775744340,""calories"":1}",1775859568
6173302506,985021106,calories,1775744220,"{""time"":1775744220,""calories"":1}",1775859568
6173302506,985021106,calories,1775744100,"{""time"":1775744100,""calories"":1}",1775859568
6173302506,985021106,steps,1775744100,"{""time"":1775744100,""steps"":70,""distance"":44,""calories"":1}",1775859508
6173302506,985021106,calories,1775743920,"{""time"":1775743920,""calories"":1}",1775859568
6173302506,985021106,calories,1775743680,"{""time"":1775743680,""calories"":1}",1775859568
6173302506,985021106,body_momentum,1775743620,"{""body_momentum"":0,""time"":1775743620}",1775859981
6173302506,985021106,light_sensitivity_value,1775743560,"{""light_sensitivity_value"":0,""time"":1775743560}",1775859967
6173302506,985021106,heart_rate,1775743560,"{""time"":1775743560,""bpm"":80,""type"":0}",1775859388
6173302506,985021106,body_momentum,1775743560,"{""body_momentum"":0,""time"":1775743560}",1775859981
6173302506,985021106,light_sensitivity_value,1775743500,"{""light_sensitivity_value"":0,""time"":1775743500}",1775859967
6173302506,985021106,body_momentum,1775743500,"{""body_momentum"":0,""time"":1775743500}",1775859981
6173302506,985021106,body_momentum,1775743440,"{""body_momentum"":0,""time"":1775743440}",1775859981
6173302506,985021106,light_sensitivity_value,1775743440,"{""light_sensitivity_value"":0,""time"":1775743440}",1775859967
6173302506,985021106,body_momentum,1775743380,"{""body_momentum"":0,""time"":1775743380}",1775859981
6173302506,985021106,light_sensitivity_value,1775743380,"{""light_sensitivity_value"":0,""time"":1775743380}",1775859967
6173302506,985021106,body_momentum,1775743320,"{""body_momentum"":0,""time"":1775743320}",1775859981
6173302506,985021106,light_sensitivity_value,1775743320,"{""light_sensitivity_value"":0,""time"":1775743320}",1775859967
6173302506,985021106,body_momentum,1775743260,"{""body_momentum"":0,""time"":1775743260}",1775859981
6173302506,985021106,calories,1775743260,"{""time"":1775743260,""calories"":1}",1775859568
6173302506,985021106,light_sensitivity_value,1775743260,"{""light_sensitivity_value"":0,""time"":1775743260}",1775859967
6173302506,985021106,body_momentum,1775743200,"{""body_momentum"":0,""time"":1775743200}",1775859981
6173302506,985021106,valid_stand,1775743200,"{""end_time"":1775746800,""start_time"":1775743200}",1775859654
6173302506,985021106,light_sensitivity_value,1775743200,"{""light_sensitivity_value"":0,""time"":1775743200}",1775859967
6173302506,hlth.gen_150127125725276,calories,1775748240,"{""time"":1775748240,""calories"":0.88}",1775791545
6173302506,hlth.gen_150127125725276,calories,1775748180,"{""time"":1775748180,""calories"":1.3199999}",1775791545
6173302506,hlth.gen_150127125725276,calories,1775748120,"{""time"":1775748120,""calories"":1.3199999}",1775791545
6173302506,hlth.gen_150127125725276,calories,1775748060,"{""time"":1775748060,""calories"":0.35999998}",1775791545
6173302506,hlth.gen_150127125725276,calories,1775748000,"{""time"":1775748000,""calories"":1.8399999}",1775791545
6173302506,hlth.gen_150127125725276,calories,1775747940,"{""time"":1775747940,""calories"":2}",1775791545
6173302506,hlth.gen_150127125725276,calories,1775747880,"{""time"":1775747880,""calories"":0.91999996}",1775791545
6173302506,hlth.gen_150127125725276,calories,1775747820,"{""time"":1775747820,""calories"":2.2}",1775791545
6173302506,hlth.gen_150127125725276,calories,1775747760,"{""time"":1775747760,""calories"":0.48}",1775791545
6173302506,hlth.gen_150127125725276,calories,1775744700,"{""time"":1775744700,""calories"":1.0799999}",1775791545
6173302506,985021106,light_sensitivity_value,1775743140,"{""light_sensitivity_value"":0,""time"":1775743140}",1775859967
6173302506,985021106,body_momentum,1775743140,"{""body_momentum"":0,""time"":1775743140}",1775859981
6173302506,985021106,light_sensitivity_value,1775743080,"{""light_sensitivity_value"":0,""time"":1775743080}",1775859967
6173302506,985021106,body_momentum,1775743080,"{""body_momentum"":0,""time"":1775743080}",1775859981
6173302506,985021106,light_sensitivity_value,1775743020,"{""light_sensitivity_value"":0,""time"":1775743020}",1775859967
6173302506,985021106,body_momentum,1775743020,"{""body_momentum"":0,""time"":1775743020}",1775859981
6173302506,985021106,light_sensitivity_value,1775742960,"{""light_sensitivity_value"":0,""time"":1775742960}",1775859967
6173302506,985021106,body_momentum,1775742960,"{""body_momentum"":0,""time"":1775742960}",1775859981
6173302506,985021106,light_sensitivity_value,1775742900,"{""light_sensitivity_value"":0,""time"":1775742900}",1775859967
6173302506,985021106,body_momentum,1775742900,"{""body_momentum"":0,""time"":1775742900}",1775859981
6173302506,985021106,light_sensitivity_value,1775742840,"{""light_sensitivity_value"":0,""time"":1775742840}",1775859967
6173302506,985021106,body_momentum,1775742840,"{""body_momentum"":0,""time"":1775742840}",1775859981
6173302506,985021106,light_sensitivity_value,1775742780,"{""light_sensitivity_value"":0,""time"":1775742780}",1775859967
6173302506,985021106,body_momentum,1775742780,"{""body_momentum"":0,""time"":1775742780}",1775859981
6173302506,985021106,light_sensitivity_value,1775742720,"{""light_sensitivity_value"":0,""time"":1775742720}",1775859967
6173302506,985021106,body_momentum,1775742720,"{""body_momentum"":0,""time"":1775742720}",1775859981
6173302506,985021106,light_sensitivity_value,1775742660,"{""light_sensitivity_value"":0,""time"":1775742660}",1775859967
6173302506,985021106,body_momentum,1775742660,"{""body_momentum"":0,""time"":1775742660}",1775859981
6173302506,985021106,light_sensitivity_value,1775742600,"{""light_sensitivity_value"":0,""time"":1775742600}",1775859967
6173302506,985021106,body_momentum,1775742600,"{""body_momentum"":0,""time"":1775742600}",1775859981
6173302506,985021106,light_sensitivity_value,1775742540,"{""light_sensitivity_value"":0,""time"":1775742540}",1775859967
6173302506,985021106,body_momentum,1775742540,"{""body_momentum"":0,""time"":1775742540}",1775859981
6173302506,985021106,light_sensitivity_value,1775742480,"{""light_sensitivity_value"":0,""time"":1775742480}",1775859967
6173302506,985021106,body_momentum,1775742480,"{""body_momentum"":0,""time"":1775742480}",1775859981
6173302506,985021106,light_sensitivity_value,1775742420,"{""light_sensitivity_value"":0,""time"":1775742420}",1775859967
6173302506,985021106,body_momentum,1775742420,"{""body_momentum"":0,""time"":1775742420}",1775859981
6173302506,985021106,light_sensitivity_value,1775742360,"{""light_sensitivity_value"":0,""time"":1775742360}",1775859967
6173302506,985021106,body_momentum,1775742360,"{""body_momentum"":0,""time"":1775742360}",1775859981
6173302506,985021106,light_sensitivity_value,1775742300,"{""light_sensitivity_value"":0,""time"":1775742300}",1775859967
6173302506,985021106,body_momentum,1775742300,"{""body_momentum"":0,""time"":1775742300}",1775859981
6173302506,985021106,light_sensitivity_value,1775742240,"{""light_sensitivity_value"":0,""time"":1775742240}",1775859967
6173302506,985021106,body_momentum,1775742240,"{""body_momentum"":0,""time"":1775742240}",1775859981
6173302506,985021106,light_sensitivity_value,1775742180,"{""light_sensitivity_value"":0,""time"":1775742180}",1775859967
6173302506,985021106,body_momentum,1775742180,"{""body_momentum"":0,""time"":1775742180}",1775859981
6173302506,985021106,light_sensitivity_value,1775742120,"{""light_sensitivity_value"":0,""time"":1775742120}",1775859967
6173302506,985021106,body_momentum,1775742120,"{""body_momentum"":0,""time"":1775742120}",1775859981
6173302506,985021106,light_sensitivity_value,1775742060,"{""light_sensitivity_value"":0,""time"":1775742060}",1775859967
6173302506,985021106,body_momentum,1775742060,"{""body_momentum"":0,""time"":1775742060}",1775859981
6173302506,985021106,light_sensitivity_value,1775742000,"{""light_sensitivity_value"":0,""time"":1775742000}",1775859967
6173302506,985021106,body_momentum,1775742000,"{""body_momentum"":0,""time"":1775742000}",1775859981
6173302506,985021106,light_sensitivity_value,1775741940,"{""light_sensitivity_value"":0,""time"":1775741940}",1775859967
6173302506,985021106,body_momentum,1775741940,"{""body_momentum"":0,""time"":1775741940}",1775859981
6173302506,985021106,light_sensitivity_value,1775741880,"{""light_sensitivity_value"":0,""time"":1775741880}",1775859967
6173302506,985021106,body_momentum,1775741880,"{""body_momentum"":0,""time"":1775741880}",1775859981
6173302506,985021106,light_sensitivity_value,1775741820,"{""light_sensitivity_value"":0,""time"":1775741820}",1775859967
6173302506,985021106,body_momentum,1775741820,"{""body_momentum"":0,""time"":1775741820}",1775859981
6173302506,985021106,light_sensitivity_value,1775741760,"{""light_sensitivity_value"":0,""time"":1775741760}",1775859967
6173302506,985021106,body_momentum,1775741760,"{""body_momentum"":0,""time"":1775741760}",1775859981
6173302506,985021106,light_sensitivity_value,1775741700,"{""light_sensitivity_value"":0,""time"":1775741700}",1775859967
6173302506,985021106,body_momentum,1775741700,"{""body_momentum"":0,""time"":1775741700}",1775859981
6173302506,985021106,light_sensitivity_value,1775741640,"{""light_sensitivity_value"":0,""time"":1775741640}",1775859967
6173302506,985021106,body_momentum,1775741640,"{""body_momentum"":0,""time"":1775741640}",1775859981
6173302506,985021106,light_sensitivity_value,1775741580,"{""light_sensitivity_value"":0,""time"":1775741580}",1775859967
6173302506,985021106,body_momentum,1775741580,"{""body_momentum"":0,""time"":1775741580}",1775859981
6173302506,985021106,light_sensitivity_value,1775741520,"{""light_sensitivity_value"":0,""time"":1775741520}",1775859967
6173302506,985021106,body_momentum,1775741520,"{""body_momentum"":0,""time"":1775741520}",1775859981
6173302506,985021106,light_sensitivity_value,1775741460,"{""light_sensitivity_value"":0,""time"":1775741460}",1775859967
6173302506,985021106,body_momentum,1775741460,"{""body_momentum"":0,""time"":1775741460}",1775859981
6173302506,985021106,light_sensitivity_value,1775741400,"{""light_sensitivity_value"":0,""time"":1775741400}",1775859967
6173302506,985021106,body_momentum,1775741400,"{""body_momentum"":0,""time"":1775741400}",1775859981
6173302506,985021106,light_sensitivity_value,1775741340,"{""light_sensitivity_value"":0,""time"":1775741340}",1775859967
6173302506,985021106,body_momentum,1775741340,"{""body_momentum"":0,""time"":1775741340}",1775859981
6173302506,985021106,light_sensitivity_value,1775741280,"{""light_sensitivity_value"":0,""time"":1775741280}",1775859967
6173302506,985021106,body_momentum,1775741280,"{""body_momentum"":0,""time"":1775741280}",1775859981
6173302506,985021106,light_sensitivity_value,1775741220,"{""light_sensitivity_value"":0,""time"":1775741220}",1775859966
6173302506,985021106,body_momentum,1775741220,"{""body_momentum"":0,""time"":1775741220}",1775859980
6173302506,985021106,light_sensitivity_value,1775741160,"{""light_sensitivity_value"":0,""time"":1775741160}",1775859966
6173302506,985021106,body_momentum,1775741160,"{""body_momentum"":0,""time"":1775741160}",1775859980
6173302506,985021106,light_sensitivity_value,1775741100,"{""light_sensitivity_value"":0,""time"":1775741100}",1775859966
6173302506,985021106,body_momentum,1775741100,"{""body_momentum"":0,""time"":1775741100}",1775859980
6173302506,985021106,light_sensitivity_value,1775741040,"{""light_sensitivity_value"":0,""time"":1775741040}",1775859966
6173302506,985021106,body_momentum,1775741040,"{""body_momentum"":0,""time"":1775741040}",1775859980
6173302506,985021106,light_sensitivity_value,1775740980,"{""light_sensitivity_value"":0,""time"":1775740980}",1775859966
6173302506,985021106,body_momentum,1775740980,"{""body_momentum"":0,""time"":1775740980}",1775859980
6173302506,985021106,light_sensitivity_value,1775740920,"{""light_sensitivity_value"":0,""time"":1775740920}",1775859966
6173302506,985021106,body_momentum,1775740920,"{""body_momentum"":0,""time"":1775740920}",1775859980
6173302506,985021106,light_sensitivity_value,1775740860,"{""light_sensitivity_value"":0,""time"":1775740860}",1775859966
6173302506,985021106,body_momentum,1775740860,"{""body_momentum"":0,""time"":1775740860}",1775859980
6173302506,985021106,light_sensitivity_value,1775740800,"{""light_sensitivity_value"":0,""time"":1775740800}",1775859966
